MK	7129-5900 Address	2
MK	AL	4
MK	APIB gun	2
MK	Address	24
MK	Administrative Office	2
MK	Alabama	4
MK	Auxiliary information	2
MK	BH	4
MK	Bookings	12
MK	Cars	4
MK	Centre	4
MK	Contact	12
MK	Contacts Project Director	2
MK	Control System	2
MK	Correspondence	4
MK	Country Club Address	2
MK	Cranfield University Location	2
MK	Director	2
MK	Disorder Severity Scale	2
MK	Empire	2
MK	End Fisheries Address	2
MK	Evangelisation	2
MK	Heart	2
MK	Hotel Milton Keynes Address	2
MK	ISO country codes	2
MK	Letter	2
MK	Location	4
MK	Looking Cars	2
MK	Malaysia	6
MK	Membership Secretary	2
MK	Milton Keynes	2
MK	Moggerhanger Park Address	2
MK	NMDA antagonists	2
MK	NMDA receptor antagonists	2
MK	New York hot spots	2
MK	Novar PLC	2
MK	Office	2
MK	PLC	2
MK	Pakistan's military equipment	2
MK	Post	2
MK	Professional Development Bookings	12
MK	Project Manager	2
MK	Promoter	2
MK	Regeneration	2
MK	Register Office Milton Keynes	2
MK	Revolver cannons	2
MK	SL	8
MK	Scale	2
MK	Sea Sparrow system	2
MK	Shed	2
MK	Solar Empire	2
MK	Sports Cars	2
MK	UK Project Manager	2
MK	UK retail companies	2
MK	Urban Regeneration	2
MK	Useful reading	2
MK	Venue	12
MK	Weapons Control System	2
MK	Zero Waste councils	2
MK	acronym	2
MK	address	6
MK	antagonist	4
MK	anti-tank mines	2
MK	antipersonnel mine designs	2
MK	armament	2
MK	artist	4
MK	artists	4
MK	automatic grenade launchers	2
MK	cannon	2
MK	car	2
MK	clicking here Address	4
MK	club	2
MK	clubs	2
MK	com Post	2
MK	contact	42
MK	council	2
MK	country code	2
MK	cycle	2
MK	design	4
MK	designs	2
MK	details contact	6
MK	development	2
MK	director	2
MK	divers	2
MK	drug	4
MK	drugs	2
MK	environment	2
MK	equipment	2
MK	film production industry	2
MK	following address	4
MK	following addresses	2
MK	gene	2
MK	glutamate	2
MK	grenade launcher	2
MK	gun	2
MK	gunnery	2
MK	hard disk	2
MK	here	2
MK	hot spot	2
MK	indigenous cars	2
MK	industry	2
MK	information	4
MK	information contact	4
MK	inhibitor	4
MK	integrase inhibitors	2
MK	lb warheads	4
MK	letter acronym	2
MK	menoquinones	2
MK	mine	2
MK	model	2
MK	models	2
MK	name	2
MK	names	2
MK	naval gunnery	2
MK	naval work divers	2
MK	neutred	2
MK	new internal combustion engine cycles	2
MK	new second generation integrase inhibitors	2
MK	notebook hard disk	2
MK	partner	2
MK	partners	2
MK	people	2
MK	person	2
MK	pharmaceutical drugs	2
MK	planned residencies	2
MK	pleasant environment	2
MK	postal address	2
MK	read	2
MK	regulatory genes	2
MK	remixers	2
MK	renowned British Sports Cars	2
MK	residency	2
MK	resident djs in rotation	2
MK	retail company	2
MK	rig	8
MK	rigs	8
MK	rotation	2
MK	single	2
MK	singles	2
MK	sophisticated armaments	2
MK	still in development	2
MK	system	2
MK	theCentre	2
MK	top directors	2
MK	unit	2
MK	units	2
MK	us	2
MK	warhead	4
MK	weapon	4
MK	weapon system	2
MK	weapons	2
MK Airlines	foreign partner	2
MK Airlines	foreign partners	2
MK Citizen	Citizen	2
MK College	20-60 hours Location	2
MK College	Location	14
MK College	days Location	2
MK College	t Location	2
MK College	weeks Location	8
MK Council	agencies	2
MK Council	agency	2
MK Council	partner	2
MK Council	partners	2
MK Council	people	2
MK Dons	club	2
MK Dons	clubs	2
MK Dons	company	4
MK Electric	companies	2
MK Electric	company	2
MK II	Daimlers	2
MK Land Holding	Developers	2
MK Masonry	company	2
MK Masonry	local companies	2
MK Nicholas	London References	2
MK Nicholas	References	2
MK ULTRA	conspiracy theories	2
MK ULTRA	theory	2
MK Ultra programme	Mind control drugs	2
MK Ultra programme	drug	2
MK VI	iteration	2
MK VI Volkswagen	competitor	2
MK VI Volkswagen	decontented competitors	2
MK centre	connection	2
MK centre	plan connections	2
MK dons footballer	Alan Smith	2
MK dons footballer	Smith	2
MK employees	worker	2
MK employees	workers	2
MK entree	household	2
MK entree	households	2
MK leader Dick	delegation	4
MK replicas	Go	2
MK-77 bomb	weapon	2
MK-77 bomb	weapons	2
MK-801 have been	NMDA receptor antagonists	2
MK-801 have been	antagonist	2
MK-886 block	drug	2
MK-886 block	drugs	2
MK-ULTRA	experiment	2
MK-ULTRA	governments in programs	2
MK-ULTRA	operation	2
MK-ULTRA	program	2
MK-ULTRA	subjects in experiments	2
MK-ULTRA	unthinkable domestic operations	2
MKB	Australian acts	2
MKB	General IPD References	2
MKB	References	2
MKB	act	2
MKBBFONTROW	here	2
MKBBFONTROW	live here	2
MKBIGWAD	project	2
MKBIGWAD	projects	2
MKC	Anabaptist conference	2
MKC	MC	2
MKC	conference	2
MKC	maintenance contract	2
MKC	new technology	2
MKC	on maintenance contracts	2
MKC US	see	2
MKD	Files	2
MKD	ISO country codes	2
MKD	MGL	6
MKD	Mexico MGL	6
MKD	country code	2
MKD	deposit	2
MKD	deposits	2
MKD	kg	2
MKD Handball	Bronze	2
MKD Handball	CUB Bronze	2
MKDA	method	2
MKDA	previous methods	2
MKDC brochures	Resources	2
MKDC brochures	settling in Resources	2
MKDD	Games	2
MKDD	LAN Games	2
MKDELTA	project titles	8
MKDELTA	title	8
MKDIR	method	2
MKDIR	new HTTP methods	2
MKDSL	producer	2
MKDSL	young producers	2
MKE Ankarag??c??	Ankara's S??per Lig football clubs	2
MKE Ankarag??c??	Lig	4
MKE Ankarag??c??	Previous clubs	2
MKE Ankarag??c??	Turkey's Super Lig	2
MKE Ankarag??c??	T??rkish Super Lig	2
MKE Ankarag??c??	club	4
MKE Ankarag??c??	clubs	2
MKE Ankarag??c??	country	2
MKE Ankarag??c??	football club	2
MKF	CANADIAN EQUITY PREVIEW	2
MKF	PREVIEW	2
MKGR	disintegration	2
MKH	Davis	2
MKH	reveals Davis	2
MKI	Amal carburettors	2
MKI	carburettor	2
MKI	fighter jet	2
MKI	jet	2
MKI	saw war service	2
MKI	service	2
MKII	NES games	2
MKII	game	2
MKII	saw war service	2
MKII	service	2
MKII Golf	time	2
MKII kukri	reproduction	2
MKIII	saw war service	2
MKIII	service	2
MKIV	instrument	2
MKK	JNK pathway	2
MKK	pathway	2
MKL	node	2
MKL	nodes	2
MKMV EDF model	models	2
MKN	Germany	2
MKN Holdings	companies	2
MKN Holdings	company	2
MKNAOMI	project titles	2
MKNAOMI	title	2
MKO	German groups	4
MKO	anti-Muslim organisations	2
MKO	group	6
MKO	groups	2
MKO	opposition	2
MKO	organisation	2
MKO	social standing	2
MKO	terrorist group	2
MKO	terrorist groups	2
MKO BosVita	Bosnia Herzegovina	2
MKO BosVita	Herzegovina	2
MKO members	opponent	2
MKO members	political opponents	2
MKP College	Venue	2
MKRAs	abbreviation	2
MKRAs	abbreviations	2
MKS	Lincoln	2
MKS	automobile	4
MKS	car	2
MKS	concept cars	2
MKS	model	2
MKS	new models	2
MKS	software	2
MKS	version control software	2
MKS	way	4
MKS Instruments	Companies	4
MKS Integrity Manager	brand	2
MKS Integrity Manager	brands	2
MKS Source	brand	2
MKS Source	brands	2
MKS Toolkit	product	2
MKS Yacc	program	2
MKS Yacc	programs	2
MKS use	newer offerings	2
MKS use	offering	2
MKSEARCH	project titles	2
MKSEARCH	title	2
MKT	Adds	4
MKT	varieties	2
MKT	variety	2
MKT-Araz	club	2
MKT-Araz	clubs	2
MKTV Sat	stream	4
MKTV Sat	through European streams	4
MKULTRA	broader conspiracy theories	2
MKULTRA	mind control program	2
MKULTRA	program	4
MKULTRA	project titles	8
MKULTRA	theory	2
MKULTRA	through programs	2
MKULTRA	title	8
MKULTRA mind control	questionable research	2
MKULTRA mind control	research	2
MKUltra	citizen	2
MKUltra	own citizens	2
MKV	Container formats	2
MKV	Formats	2
MKV	Mac	2
MKV	Video	2
MKV	Video containers	2
MKV	container	2
MKV	emerging formats	2
MKV	file types	2
MKV	format	8
MKV	formats	2
MKV	type	2
MKV	video Formats	2
MKV	video formats	2
MKVI	horn	2
MKVI	vintage horn	2
MKWeb may	specification	2
MKWeb may	technical specifications	2
MKX	Highlights	2
MKX	Midsize premium activity vehicle	2
MKX	SUVs	2
MKX	crossover	6
MKX	crossover models	2
MKX	crossovers	4
MKX	entry	8
MKX	exterior	2
MKX	exteriors	2
MKX	launch	8
MKX	model	4
MKX	new crossover SUVs	2
MKX	new crossovers	2
MKX	new entries	6
MKX	new launches	8
MKX	new models	2
MKX	new vehicles	4
MKX	recent entries	2
MKX	vehicle	10
MKX	vehicles	4
MKX sport	model	2
MKX sport	models	2
MKZ	Entry premium car	2
MKZ	Lincoln	2
MKZ	Luxury	2
MKZ	car	12
MKZ	competitor	4
MKZ	competitors	2
MKZ	direct competitors	2
MKZ	hybrid	2
MKZ	hybrids	2
MKZ	launch	8
MKZ	midsize cars	2
MKZ	new launches	8
MKZ	new mid-size cars	8
MKZ	new vehicles	2
MKZ	newer offerings	2
MKZ	offering	2
MKZ	vehicle	4
MKZ	vehicles	2
MKZ Pentacon	contact	2
MKZ Pentacon	information contact	2
MKi	device	2
MKi	in-vehicle Bluetooth devices	2
MKs	countries	2
MKs	country	2
MKs Tzipi Hotovely	Individuals	2
