TQ	Address	58
TQ	Bruce Thorogood Address	2
TQ	CORNWALL	2
TQ	Contact	12
TQ	Contact Address	2
TQ	Contact Penny Hodshon Address	2
TQ	DEVON COUNTY COUNCIL Location	2
TQ	Details	8
TQ	Fishing Address	2
TQ	Homes' head office	2
TQ	Kennels	2
TQ	Kent	2
TQ	Location	16
TQ	Office	58
TQ	Owner	4
TQ	Part Time Location	4
TQ	Postal address	2
TQ	Registered Address	4
TQ	Registered Office	58
TQ	Schumacher College Contact	2
TQ	Site Details	4
TQ	UK Contact Address	2
TQ	Wildlife	2
TQ	Woodland Park Address	2
TQ	Writing	2
TQ	address	4
TQ	bin	2
TQ	bins	2
TQ	class	2
TQ	classes	2
TQ	clicking here Address	4
TQ	contact	60
TQ	control	4
TQ	daily	2
TQ	distributor	2
TQ	following address	4
TQ	further details contact	2
TQ	head office	2
TQ	meter precision	4
TQ	office	2
TQ	periodical	2
TQ	periodicals	2
TQ	post	2
TQ	precision	4
TQ	questionnaire	2
TQ	registered office	2
TQ	s distributor	2
TQ	simple screening questionnaire	2
TQ	week Location	2
TQ	year round Location	2
TQ Ltd	business	2
TQ Ltd	local businesses	2
TQ midgets	season	2
TQA	News	2
TQA	Quality audits	2
TQA	actions might	2
TQA	audit	2
TQA	formal needs	2
TQA	four measures	4
TQA	may	2
TQA	measures	4
TQA	need	2
TQA Manual	advice	2
TQA Manual	agenda	2
TQEF	body	2
TQEF	external bodies	2
TQEF	national networks	2
TQEF	network	2
TQEF projects Dissemination	LT element	2
TQEF projects Dissemination	element	2
TQEG Induction	Cc	2
TQEG Induction	Departments Cc	2
TQFE	degree	2
TQI	enhancement	2
TQI website	HESA data	2
TQI website	data	2
TQID	Status	2
TQL	development products	2
TQL	product	2
TQM	Alternative management strategies	2
TQM	Approaches	2
TQM	Keywords	4
TQM	Managerial Strategies	2
TQM	Strategies	2
TQM	approach	4
TQM	approaches	4
TQM	area	2
TQM	areas	2
TQM	bodies	2
TQM	body	2
TQM	business concepts	2
TQM	centre	2
TQM	centres	2
TQM	change initiatives	4
TQM	change management practicality	2
TQM	concept	4
TQM	concepts	2
TQM	current change initiatives	2
TQM	fad	4
TQM	framework	2
TQM	frameworks	2
TQM	initiative	6
TQM	innovation	2
TQM	mainstream quality movements	2
TQM	management fads	4
TQM	management innovations	2
TQM	management practices	2
TQM	management theories	2
TQM	method	2
TQM	methodology	2
TQM	movement	2
TQM	on people	2
TQM	on quality control procedures	2
TQM	operational management techniques	2
TQM	people	2
TQM	performance improvement methods	2
TQM	practicality	2
TQM	practice	2
TQM	procedure	2
TQM	process	2
TQM	processes	2
TQM	programmatic strategies	2
TQM	sector	2
TQM	specific methodology	2
TQM	strategies	2
TQM	strategy	6
TQM	technique	2
TQM	theory	2
TQM introduction	continuous flow manufacturing	2
TQM introduction	manufacturing	2
TQS	Montreal	2
TQS	television stations in Montreal	2
TQdM	how quality principles	2
TQdM	principle	2
