DK	Alex	2
DK	CY	4
DK	Charlies	2
DK	Cph	2
DK	Examples	2
DK	GA	2
DK	Georgia	2
DK	ISO country codes	2
DK	MAdesso	2
DK	Rcvd	10
DK	References	2
DK	SE	4
DK	SW	2
DK	Screenplay	2
DK	Shortstop	2
DK	Source	2
DK	abbreviation	2
DK	after timeline books	8
DK	aircraft engines	2
DK	board	2
DK	book	8
DK	country code	2
DK	design	2
DK	device type	2
DK	engine	2
DK	following institutions	2
DK	further information see	2
DK	hall	2
DK	institution	2
DK	key word	4
DK	letter abbreviation	2
DK	lovelies	2
DK	lovely	2
DK	model	2
DK	new models	2
DK	poster presentation	2
DK	producer	2
DK	publisher	2
DK	rcvd	4
DK	residence hall	2
DK	second-generation dual Opteron boards	2
DK	see	2
DK	songwriter	2
DK	songwriters	2
DK	top publishers	2
DK	trial	2
DK	two-day trial	2
DK	type	2
DK	underground' producers	2
DK Azoty	Tarn??w	2
DK Books	sale	2
DK Books	sales	2
DK Composites	contractor	2
DK Composites	sub-contractors	2
DK Crowne	scholar	2
DK Crowne	scholars	2
DK Eyewitness Travel Guides	book's extra weight	2
DK Eyewitness Travel Guides	weight	2
DK Ibomeka	singer	2
DK Ibomeka	singers	2
DK Motorcycles	dealer	2
DK Motorcycles	online dealers	2
DK Multimedia	CD-ROMs	2
DK Multimedia	ROM	2
DK Publishing	City	2
DK Publishing	Handbooks	4
DK Publishing	London	2
DK Publishing	Lucasfilm's publishing licensees	2
DK Publishing	New York	6
DK Publishing	New York City	2
DK Publishing	Smithsonian Handbooks	2
DK Publishing	York	6
DK Publishing	licensee	2
DK Systems	respond	2
DK antiques	guide	2
DK publishing	New York	4
DK publishing	York	4
DK's French Wines	book	2
DK's French Wines	books	2
DK's Story	architecture	2
DK's Story	on architecture	2
DK's groans	sound effect	2
DK's groans	sound effects	2
DK'tronics	Companies	2
DK-1407 Christiania	Reference	2
DKA	school	2
DKB	FAA LID	2
DKB	LID	2
DKB	bank	4
DKB	s Japanese banks	2
DKB Factoring	affiliate	2
DKB Factoring	affiliates	2
DKB Shinyokatsu	affiliate	2
DKB Shinyokatsu	affiliates	2
DKBO	group	2
DKBO	groups	2
DKD Disques	imprint	2
DKD Disques	new imprints	2
DKE	organisation	2
DKE history	DKE Organization Home Page	2
DKE history	Home Page	2
DKEY	display	2
DKF	project	2
DKF	projects	2
DKFZ	Affiliation	2
DKFZ	Falk Schubert Affiliation	2
DKI Jakarta	province	4
DKI Jakarta	through five provinces	4
DKI Jakarta use	province	2
DKI Jakarta use	provinces	2
DKI says	parking lot	2
DKI says	surface parking lots	2
DKIM	Anti-forgery checks	2
DKIM	check	2
DKIM	measure	2
DKIM	measures	2
DKIM	protocol	2
DKIM	protocols	2
DKIM	technique	2
DKIM	techniques	2
DKIM	working group	2
DKIM	working groups	2
DKK	currency	2
DKK	following currencies	2
DKM	Rcvd	2
DKMD	alias	2
DKMD	under aliases	2
DKMM	agencies	2
DKMM	agency	2
DKMS	bone marrow donor centre	4
DKMS	bone marrow registry	2
DKMS	centre	4
DKMS	registry	2
DKN Vibe Trainer	concept in fitness	2
DKN Vibe Trainer	fitness	2
DKNY	0-12years	2
DKNY	American brands	4
DKNY	Aramis Designer Fragrances	2
DKNY	Beerman	2
DKNY	Big names	2
DKNY	Brands in stock	4
DKNY	Companies	8
DKNY	Designers	2
DKNY	Elder-Beerman	2
DKNY	Este Lauder	2
DKNY	Find designer clothes	2
DKNY	Fragrances	2
DKNY	High end fashion stores	2
DKNY	International designers	2
DKNY	Labels	2
DKNY	Lauder	4
DKNY	Paris	2
DKNY	Stores	4
DKNY	ad campaign	2
DKNY	ad campaigns	2
DKNY	advertising campaign	2
DKNY	arena	2
DKNY	attitude	2
DKNY	boutique	4
DKNY	boutiques	2
DKNY	brand	90
DKNY	brand name	12
DKNY	brand name stores	2
DKNY	brand names	6
DKNY	branded ranges	2
DKNY	brands	34
DKNY	casual designer clothing	2
DKNY	chic lines	4
DKNY	client	4
DKNY	clients	4
DKNY	clothes	2
DKNY	clothing	4
DKNY	collection	10
DKNY	collections	10
DKNY	companies	12
DKNY	company	12
DKNY	corporation	2
DKNY	custom services	4
DKNY	day	2
DKNY	design houses	4
DKNY	designer	28
DKNY	designer brand	10
DKNY	designer brands	8
DKNY	designer clothing	2
DKNY	designer labels	2
DKNY	designer licenses	2
DKNY	designer shopping emporium	2
DKNY	designer stores	2
DKNY	designers	16
DKNY	e Lauder	2
DKNY	emporium	2
DKNY	established designer brands	2
DKNY	exclusive boutiques	2
DKNY	familiar names	2
DKNY	famous brands	2
DKNY	fantastic brands	2
DKNY	fashion	2
DKNY	fashion company 's brands	2
DKNY	fashion house	8
DKNY	fashion houses	4
DKNY	fashion lines	2
DKNY	fashion store	2
DKNY	fashion world	2
DKNY	fashionable brands	2
DKNY	favourite stores	2
DKNY	first two days	2
DKNY	garments carrying brand names	2
DKNY	high-end brands	2
DKNY	high-end stores	2
DKNY	high-profile advertising campaigns	2
DKNY	high-profile brands	4
DKNY	high-profile clothing brands	2
DKNY	house	4
DKNY	international fashion houses	2
DKNY	label	12
DKNY	labels	6
DKNY	leading brand names	2
DKNY	leading lights in fashion	2
DKNY	license	2
DKNY	line	6
DKNY	luxury brands	2
DKNY	major brand	2
DKNY	major brands	2
DKNY	manufacturer	2
DKNY	manufacturers	2
DKNY	multi-national corporations	2
DKNY	name	18
DKNY	name brands	4
DKNY	names	8
DKNY	pattern	2
DKNY	patterns	2
DKNY	popular	2
DKNY	prestigious brands	4
DKNY	prestigious fashion houses	2
DKNY	promenade sell brands	2
DKNY	range	2
DKNY	retailer	4
DKNY	runway shows	4
DKNY	sale	2
DKNY	service	4
DKNY	show	12
DKNY	shows	8
DKNY	stock	6
DKNY	store	14
DKNY	store sells brand name watches	4
DKNY	stores	6
DKNY	stylish Stores	4
DKNY	target audience	2
DKNY	top brand	2
DKNY	top brand names	2
DKNY	top brand watches	2
DKNY	top brands	14
DKNY	top designer labels	2
DKNY	top designers	2
DKNY	top names	8
DKNY	trademark	2
DKNY	trademarks	2
DKNY	trendy brands	6
DKNY	under brands	2
DKNY	upmarket retailers	4
DKNY	watch	6
DKNY	well-known designers	8
DKNY	year	2
DKNY	??-porter collections in Paris	2
DKNY Active	label	2
DKNY GSUS	brand name	8
DKNY GSUS	brand names	8
DKNY Jeans	brand	16
DKNY Jeans	brands	10
DKNY Jeans	companies	2
DKNY Jeans	company	2
DKNY Jeans	following brands	2
DKNY Jeans	label	2
DKNY Jeans	menswear brands	4
DKNY Jeans	vendor	12
DKNY Jeans	vendors	12
DKNY Juniors	label	2
DKNY Kids	label	2
DKNY She	fashion designer	2
DKNY She	fashion designers	2
DKNY Underwear	label	2
DKNY WATCH	label	2
DKNY WATCH	labels	2
DKNY apparel	food outlets	2
DKNY apparel	outlet	2
DKNY brand shoes	high-heel shoe manufacturing	2
DKNY brand shoes	manufacturing	2
DKNY in regular	can find labels	2
DKNY in regular	label	2
DKNY sportswear	company 's three lines	2
DKNY sportswear	line	2
DKNY watches	selling brand name watches	2
DKNY's pink	runway	2
DKNY's pink	runways	2
DKNY's store launch	event	2
DKNY's store launch	fashion events	2
DKP	Cal look	2
DKP	aspartame	2
DKP	breakdown products	2
DKP	look	2
DKP	product	2
DKPH	service	2
DKPH	services	2
DKS Arena	Venue	6
DKSA	Rcvd	2
DKT	condom distributor	4
DKT	distributor	4
DKT Ethiopia	programme	2
DKT International Inc	group	2
DKT International Inc	groups	2
DKU	cable	2
DKU	compatible cable	2
DKUH	Chung	2
DKUH	general hospital in Chung	2
DKV	certification	2
DKV	national certifications	2
DKV Joventut	Sacramento	2
DKV Trio	group	2
DKV Trio	groups	2
DKW	Course	2
DKW	Germany	2
DKW	Place	2
DKW	Union	2
DKW	car	2
DKW	cars	2
DKW	cc	12
DKW	change	2
DKW	changes	2
DKW	drive	2
DKW	forming Auto Union	2
DKW	front-wheel drive	2
DKW	independent motor-vehicle manufacturers	2
DKW	independent vehicle manufacturers	2
DKW	manufacturer	2
DKW	motorcycle manufacturer	2
DKW	name	2
DKW	names	2
DKW	past	2
DKW	study	2
DKW	vehicle manufacturer	4
DKW Mercedes-Benz	German automakers	2
DKW Mercedes-Benz	automaker	2
DKYR	Rcvd	2
DKs must	bacterium	2
DKs must	evil bacteria	2
