P??	Franco-Belgian comics artists	2
P??	artist	2
P??	program	2
P??	programs	2
P??-de-Hourat	Atlantiques	2
P??P	Montreal theatre companies	2
P??P	theatre company	2
P??an	Members	2
P??benhausen	following settlements	2
P??benhausen	settlement	2
P??calova	village	2
P??calova	villages	2
P??charmant	collective	2
P??che	French	2
P??chi	follower	2
P??chi	followers	2
P??chiney	chemical companies	2
P??chiney	company	2
P??cht	Viennese scholars	2
P??cht	scholar	2
P??cker	daughter	2
P??cking	Feldafing	2
P??cs	Budapest	2
P??cs	Hongrie	2
P??cs	Hungary	6
P??cs	area	2
P??cs	capital Budapest	2
P??cs	century	2
P??cs	following towns	2
P??cs	fran??ais de Hongrie	2
P??cs	present-day Hungary	2
P??cs	region	2
P??cs	surrounding areas	2
P??cs	town	4
P??cs	town in Hungary	2
P??cs	wine regions	2
P??csi Keszty	clubs in town	2
P??csi Keszty	town	2
P??ggeler	German scholars	2
P??ggeler	scholar	2
P??ggeler	supporter	2
P??ggeler	supporters	2
P??ghaire	Dominican philosophers	2
P??ghaire	philosopher	2
P??gulhan	figure	2
P??gulhan	figures	2
P??guy	Catholic conservative writers	2
P??guy	Les chapelles litt??raires	2
P??guy	author	2
P??guy	authors	2
P??guy	disparate trio	2
P??guy	litt??raires	2
P??guy	trio	2
P??guy	writer	4
P??guy	writers	2
P??guy Luyindula	key player	2
P??guy Luyindula	key players	2
P??guy Luyindula	player	2
P??guy Luyindula	younger players	2
P??haj??rve Jaanituli	festival	2
P??hela Boishakh	Bengali culture	2
P??hela Boishakh	culture	2
P??hringer	Curatorium	2
P??ij??nne	lake	2
P??ij??nne	lakes	2
P??ir	Occitan	2
P??ire	Occitan	2
P??iste	point	2
P??ivi	gay marriages	2
P??ivi	marriage	2
P??ivi Hasu	African development history	2
P??ivi Hasu	history	2
P??ivi Svens	Guest Judges	2
P??ivi Svens	Judges	2
P??ivikki Nykter	graduate student	2
P??ivikki Nykter	graduate students	2
P??jwiejska Street	Pozna??	2
P??kin Fine Arts	Clang	2
P??kin Fine Arts	John Clang	2
P??ko	mountain	2
P??ko	nearby mountains	2
P??ladan	Parnassian figures	2
P??ladan	figure	2
P??ladan	friend	2
P??ladan	friends	2
P??ladin	initiatory tarot	2
P??ladin	tarot	2
P??lardon	cheese	2
P??lardon	making cheeses	2
P??lardy	board	2
P??lardy	on board	2
P??lem	Armor	2
P??lem	d'Armor	2
P??lerinage	Franz Liszt	2
P??lerinage	Liszt	2
P??ligre	one	2
P??ligre	ones	2
P??lissier	France	2
P??lissier	Tour de France	2
P??lissier	friend	2
P??lissier	friends	2
P??lissier	future winners	2
P??lissier	group	2
P??lissier	next group	2
P??lissier	winner	2
P??lking	photographer	2
P??lking	renowned photographers	2
P??lli	village	2
P??lli	villages	2
P??log	scale	2
P??log	scales	2
P??lten	town	2
P??lten	towns	2
P??lussin	Roman roads in places	2
P??lussin	place	2
P??lzig	east	2
P??martin	Confreres	2
P??mela Butt	Brazil	2
P??naud	scientist	4
P??naud	scientists	4
P??nce	village	2
P??nce	villages	2
P??nini	Patanjali	2
P??nini	well-known personalities like Patanjali	2
P??ninsule Rallier du	feature	2
P??ninsule Rallier du	geographic features	2
P??ntano de Santa Cruz	district	2
P??ntano de Santa Cruz	districts	2
P??ntecani	village	2
P??ntecani	villages	2
P??n??lope	music	2
P??n??lope	s music	2
P??on	French triathletes	2
P??on	Poissy Triathlon	2
P??on	Triathlon	2
P??on	triathlete	2
P??one	commune	2
P??one	crosses three communes	2
P??pin	Guest Judges	2
P??pin	Judges	2
P??pin	Qu??bec	2
P??pin	assorted accompanying musicians	2
P??pin	chef	2
P??pin	composer	2
P??pin	composers	2
P??pin	dean	2
P??pin	deans	2
P??pin	industry	2
P??pin	musician	2
P??pin	notable chefs	2
P??pini??re	hamlet	2
P??pini??re	interest	2
P??pini??re	isolated hamlets	2
P??pito Elhorga	Agen	2
P??pp	Lombard	2
P??ppelmann	architect	2
P??ppelmann	architects	2
P??ppinghausen	south	2
P??p?? Kall??	hit	2
P??p?? Kall??	hits	2
P??quignet	company	2
P??quignet	few companies	2
P??r	Occitan	2
P??r	child	2
P??r	children	2
P??r Lagerkvist	Literature	2
P??r Lagerkvist	Nobel Prize in Literature	2
P??r Lagerkvist	classical Swedish writers	2
P??r Lagerkvist	writer	2
P??r Lammers	contest	2
P??r Lindh Project	act	2
P??r Lindh Project	progressive rock acts	2
P??ra	District	2
P??ra	Leiria District	2
P??ra	USA	2
P??ra	castros	2
P??ran	France	2
P??ran	places in France	2
P??rc	Forwards	2
P??re	Artist	4
P??re	Egyptian Expedition	2
P??re	Expedition	2
P??re	festival	2
P??re Alexandre	Authors	2
P??re Anselme	historian	2
P??re Anselme	historians	2
P??re David	Herbivores	2
P??re David	endangered species	2
P??re Jean Baptiste	Missionaries	2
P??re Lachaise	better-known burial grounds	2
P??re Lachaise	burial ground	2
P??re Lachaise Cemetery in Paris	cemetery	2
P??re Lachaise Cemetery in Paris	rural cemeteries	2
P??re Marie	Catholic	2
P??re Marie	Catholics	2
P??rec	Olympic athletes	2
P??rec	athlete	4
P??rec	field athletes	2
P??rec	secret	2
P??rec	secrets	2
P??rennes	May	2
P??rennou	Director	2
P??res	dessert	2
P??res	maple desserts	2
P??res Maristes	bodies	2
P??res Maristes	body	2
P??ret	American visitors	2
P??ret	Surrealist friends	2
P??ret	Surrealists	4
P??ret	friend	2
P??ret	prominent Surrealists	2
P??ret	surrealist	2
P??ret	surrealists	2
P??ret	visitor	2
P??rez	AAGPBL	2
P??rez	Argentine artists	2
P??rez	Award	2
P??rez	Banks	2
P??rez	Board	2
P??rez	Born	2
P??rez	Britannica	2
P??rez	Bronze Medal	2
P??rez	Coaches	2
P??rez	Colombia	2
P??rez	Cook's visit	2
P??rez	Coxless Fours	2
P??rez	Distinguished Career Award	2
P??rez	Dominican-American writers	2
P??rez	Drivers	2
P??rez	En	2
P??rez	Ensemble	2
P??rez	Famers	14
P??rez	First upper deck home run	2
P??rez	Florida State University	4
P??rez	Fours	2
P??rez	Galicia	4
P??rez	Gypsies	2
P??rez	Gypsy	2
P??rez	Hall of Fame	2
P??rez	Historia de Colombia	2
P??rez	Historians	2
P??rez	Jewish origin	2
P??rez	Keyboards	2
P??rez	Lara	2
P??rez	Latin America	2
P??rez	Latin American stars	2
P??rez	Members	2
P??rez	Men's Foil Team	2
P??rez	Men's Team Pursuit	2
P??rez	Musicians	2
P??rez	Official guests	2
P??rez	Outfielders	2
P??rez	Pursuit	2
P??rez	Rampart officers	2
P??rez	State University	4
P??rez	String arrangements	2
P??rez	Team	2
P??rez	Traba	2
P??rez	Trumpets	2
P??rez	Winifred Banks	2
P??rez	airport	2
P??rez	anecdote	2
P??rez	anecdotes	2
P??rez	architectural historians	2
P??rez	arrangement	2
P??rez	arranger	2
P??rez	arrangers	2
P??rez	artist	12
P??rez	artists	10
P??rez	attack	2
P??rez	be	2
P??rez	challenger	2
P??rez	child	2
P??rez	comics art	2
P??rez	comics creators	4
P??rez	comics superstars	2
P??rez	community leader	2
P??rez	community leaders	2
P??rez	conductor	2
P??rez	conductors	2
P??rez	constitution	2
P??rez	controversial figure	2
P??rez	conventional comicbook influences	2
P??rez	creator	8
P??rez	creators	2
P??rez	cultural organizations	2
P??rez	dia Britannica	2
P??rez	director	2
P??rez	discard	2
P??rez	era	6
P??rez	faculty	2
P??rez	figure	2
P??rez	government official	2
P??rez	guest	14
P??rez	guest creators	2
P??rez	guests	6
P??rez	heads of state in Latin America	2
P??rez	high government officials	2
P??rez	historian	2
P??rez	home run	2
P??rez	idol	2
P??rez	idols	2
P??rez	ilaz de Traba	2
P??rez	influence	2
P??rez	influential figures	2
P??rez	instrumentalist	2
P??rez	intellectual	2
P??rez	jazz people	2
P??rez	leader	2
P??rez	leaders	2
P??rez	league	6
P??rez	leagues	6
P??rez	metre	2
P??rez	metres	2
P??rez	museum directors	2
P??rez	music tutors	2
P??rez	n Lara	2
P??rez	national riders	2
P??rez	nearby airports	2
P??rez	new talents	2
P??rez	notable instrumentalists	2
P??rez	notable players	2
P??rez	officer	2
P??rez	official guests	6
P??rez	on-base percentage	2
P??rez	organization	2
P??rez	origin	2
P??rez	own right	2
P??rez	people	2
P??rez	percentage	2
P??rez	place	2
P??rez	player	4
P??rez	players	2
P??rez	producer	2
P??rez	prominent intellectuals	2
P??rez	renowned Latin producers	2
P??rez	rider	2
P??rez	right	2
P??rez	series	2
P??rez	star	2
P??rez	superstar	2
P??rez	talent	2
P??rez	taller team	2
P??rez	team	4
P??rez	teams	2
P??rez	th place	2
P??rez	three-man attack	2
P??rez	time	4
P??rez	times	2
P??rez	tutor	2
P??rez	visit	2
P??rez	well-connected challengers	2
P??rez	wrestler	2
P??rez	wrestlers	2
P??rez	writer	2
P??rez Art Museum	collection	2
P??rez Art Museum	public collections	2
P??rez Celis	Argentina	2
P??rez Prado	artist	4
P??rez Prado	artists	4
P??rez Prado	boogaloo	2
P??rez Prado	musician	2
P??rez Prado	occasional boogaloo	2
P??rez Prado	real-life mambo musicians	2
P??rez Zeled	Pacific regions	2
P??rez Zeled	region	2
P??rez de Cu??llar	group	2
P??rez de Cu??llar	human rights groups	2
P??rez de Cu??llar	organization	2
P??rez de Cu??llar	organizations	2
P??rez de Rivas	missionaries	4
P??rez de Rivas	missionary	4
P??ri	project	4
P??riatamb??e	Bastia	4
P??riault	Issy Les Moulineaux Triathlon	2
P??riault	Triathlon	2
P??ricands	French collaborators	2
P??ricands	collaborator	2
P??rier	Baritones	2
P??rier	creator	2
P??rier	famous figures	2
P??rier	figure	2
P??rier	role creators	2
P??rigeux	airport	2
P??rigeux	local airports	2
P??rignon	client	2
P??rignon	high-profile clients	2
P??rigord	cities	2
P??rigord	city	2
P??rigord	southern France	2
P??rigord	time	2
P??rigord	wine	2
P??rigord	wines	2
P??rigord Noir	wine	2
P??rigord Noir	wines	2
P??rigourdine	restaurant	2
P??rigourdine	restaurants	2
P??rigueux	Dordogne	2
P??rigueux	Editor	2
P??rigueux	Editors	2
P??rillat	champion	2
P??rillat	few skiers	2
P??rillat	skier	2
P??rinet	Type locality	2
P??rinet	locality	2
P??riph??rique	European Union	2
P??riph??rique	freeway	2
P??riph??rique	orbital freeways	2
P??ris	general rank	2
P??ris	rank	2
P??ris family	troop	2
P??ris family	troops	2
P??rispea	peninsula	2
P??rispea	peninsulas	2
P??rispea village	North	2
P??rispoiac??es	des champignons inf??rieurs	2
P??rispoiac??es	inf??rieurs	2
P??rlin	Banks	2
P??rlin	Jane Banks	2
P??rmet	Albania	2
P??rmet	Scutari Vilayet	2
P??rmet	Vilayet	2
P??rmet	region	2
P??rmet	regions	2
P??rnaska	fellow midfield legends	2
P??rnaska	legend	2
P??rnu	Latvia	2
P??rnu	destination	2
P??rnu	health tourism destination	2
P??rnu	native country	4
P??rnu Concert Hall	Katrin Koov	2
P??rnu Concert Hall	Koov	2
P??rnu County	county	2
P??rnu Tervis	feeder teams	2
P??rnu Tervis	team	2
P??ro	Portuguese	2
P??ro Vaz de	Brazil	4
P??ro Vaz de	Portuguese explorers in Brazil	4
P??rodeau	portfolio	2
P??rodeau	portfolios	2
P??ron	operative	2
P??ron	operatives	2
P??ronne	Somme	2
P??rotin	Graduals	2
P??rotin	Twelfth-century composers	2
P??rotin	composer	4
P??rotin	hosted composers	2
P??rouse	explorer	2
P??rouse	explorers	2
P??rroi i That??	stream	2
P??rroi i That??	streams	2
P??rschel	Goaltenders	6
P??rsico	Damasco	2
P??rsio Arida	American universities	2
P??rsio Arida	university	2
P??rson	Born	2
P??rson	Giant Slalom	2
P??rson	Sweden's top international skiers	2
P??rson	skier	2
P??rsti	merging four municipalities	2
P??rsti	municipality	2
P??rs??	people	2
P??rs??	prominent people	2
P??rt	Bach	2
P??rt	Contemporary composers	2
P??rt	ECM Records stable	2
P??rt	Estonian composers	2
P??rt	Gy??rgy Ligeti	2
P??rt	Ligeti	2
P??rt	Like-minded composers	2
P??rt	Los Angeles	2
P??rt	Millennium	2
P??rt	Music	2
P??rt	Soviet Union	4
P??rt	Soviet contemporary composers	2
P??rt	Soviet musical avant-garde	2
P??rt	artist	2
P??rt	artists	2
P??rt	avant-garde	2
P??rt	composer	52
P??rt	composers	22
P??rt	contemporary composers	4
P??rt	electronic composers	2
P??rt	former Soviet Union	4
P??rt	international names	2
P??rt	liturgical composers	2
P??rt	living composers	4
P??rt	minimalist composers	2
P??rt	modern music	2
P??rt	musician	2
P??rt	musicians	2
P??rt	name	2
P??rt	prominent composers	2
P??rt	rd Millennium	2
P??rt	soundtrack composers	2
P??rt	stable	2
P??rt	th-century composers	4
P??rte	village	4
P??rte	villages	4
P??rto Alegre	Brazil	2
P??rto Alegre	assemblies in Brazil	2
P??ruwelz	canton	2
P??ruwelz	cantons	2
P??rvan	historian	2
P??rvan	historians	2
P??rve	village	2
P??rve	villages	2
P??rzhita	archaeologist	2
P??rzhita	archaeologists	2
P??r??duray	Fun??s	2
P??r??duray	Louis de Fun??s	2
P??r??fixe	patron	2
P??r??fixe	powerful patrons	2
P??r??le	French lingerie houses	2
P??r??le	house	2
P??r??u Negrei	village	2
P??r??u Negrei	villages	2
P??r??ul Muntelui	stream	2
P??r??ul Muntelui	streams	2
P??r??ul Rece	stream	2
P??r??ul Rece	streams	2
P??r??ul St??nei	Right	2
P??r??ul lui Martin	Right	2
P??schl's Weiss	free snuffs	2
P??schl's Weiss	snuff	2
P??sek Gate	fraction	2
P??sek Gate	only fractions	2
P??si	Icelandic	2
P??stlingbergbahn mountain tramway	line	2
P??stlingbergbahn mountain tramway	lines	2
P??tain	First World War	2
P??tain	Marshals	2
P??tain	Two Marshals	2
P??tain	Vichy officials	4
P??tain	World War	2
P??tain	conflict	2
P??tain	death penalty	2
P??tain	far-right leagues	2
P??tain	high-ranking officers	2
P??tain	league	2
P??tain	notable	2
P??tain	notables	2
P??tain	officer	2
P??tain	official	4
P??tain	pronouncing eight death penalties	2
P??ter	contemporary sculptors	2
P??ter	educational institution	2
P??ter	educational institutions	2
P??ter	sculptor	2
P??ter Balogh	Club Doctor	2
P??ter Balogh	Doctor	2
P??ter Bokor	Hungarian national bandy team	2
P??ter Bokor	team	2
P??ter Esterh	author	2
P??ter Esterh	contemporary authors	2
P??ter E??tv??s	composer	2
P??ter E??tv??s	composers	2
P??ter E??tv??s	conductor	4
P??ter E??tv??s	conductors	4
P??ter Forg	website	2
P??ter Forg	websites	2
P??ter Han	scholar	2
P??ter Han	scholars	2
P??ter L??k	game	2
P??ter L??k	player	4
P??ter L??k	players	2
P??ter L??k	prominent players	2
P??ter Medgyessy	diplomat	2
P??ter Medgyessy	diplomats	2
P??tion	Committee	2
P??tion	Convention's Constitution Committee	2
P??tion	Dessalines' administration	2
P??tion	Soci??t??	2
P??tion	administration	2
P??tion	country	2
P??tion	deputy	2
P??tion	former National Constituent Assembly deputies	2
P??tion	leader	2
P??tion	leaders	2
P??tion	political figure	2
P??tion	political figures	2
P??tionville	safe	2
P??tisseries	Mignons	2
P??tisseries	P??ch??s Mignons	2
P??trarque	Renaissance	2
P??tre	Masons	2
P??trie	comedian	2
P??trie	comedians	2
P??trus	Pomerol	2
P??trus	wineries	2
P??trus	winery	2
P??trus	world	2
P??trus Ky	illuminaries	2
P??trus Ky	included illuminaries	2
P??ts	Christian	2
P??ts	Orthodox Christians	2
P??ts	character	2
P??ts	historic characters	2
P??ts	political figure	2
P??ts	political figures	2
P??tsep	Estonia	2
P??tsep	Notable wrestlers in Estonia	2
P??tter	pilot	2
P??tter	pilots	2
P??ttering	Parliament President	2
P??ttering	President	2
P??ttering	member	2
P??ttering	members	2
P??tur	Icelandic	2
P??tur Nik	bishop	2
P??tur Nik	non-noble bishops	2
P??tzel	Prize	2
P??tzlohn	brown-coal opencast mining	2
P??tzlohn	opencast mining	2
P??tznik	Egyptologist	2
P??tznik	Egyptologists	2
P??tzold	Marxist researchers	2
P??tzold	researcher	2
P??tzsch	Ladies' champion	4
P??tzsch	Specialist	2
P??tzsch	Technical Specialist	2
P??tzsch	champion	4
P??tzsch	skater	2
P??tzsch	skaters	2
P??t??	dish	2
P??t??	dishes	2
P??t?? chinois	fare	2
P??t?? chinois	traditional fare	2
P??ulu	Sicilian	2
P??voa de Varzim Bullring	famous landmarks	2
P??voa de Varzim Bullring	landmark	2
P??voa de Varzim City Park	landmark	2
P??voa de Varzim City Park	landmarks	2
P??yki??	future top Finnish skaters	2
P??yki??	skater	2
P??yry	construction companies	2
P??yry	construction company	2
P??yty??	point	2
P??yty??	same point	2
P????talo	Finland	2
P????talo	writer	2
P????talo	writers in Finland	2
P????talo	younger writers	2
