KH	Action	4
KH	Apologies	6
KH	Attendance	4
KH	Gameography	2
KH	ISO country codes	2
KH	Krosno	2
KH	attendance	2
KH	call	2
KH	call sign	2
KH	consonant digraphs	6
KH	consonants digraphs	2
KH	coralline algae then supplements	4
KH	country code	2
KH	cruise missile	2
KH	cruise missiles	2
KH	digraph	8
KH	distinctive calls	2
KH	hydride sources	2
KH	out	2
KH	source	2
KH	supplement	4
KH	used five letter call signs	2
KH-11 program	military mission	2
KH-11 program	military missions	2
KH-6 LANYARD	early American reconnaissance satellites	2
KH-6 LANYARD	satellite	2
KH-6 LANYARD Reconnaissance Satellite	failed phoenix	2
KH-6 LANYARD Reconnaissance Satellite	phoenix	2
KHAADZHI-YURT	feature	2
KHAADZHI-YURT	following features	2
KHABAROVSK	Far East	2
KHABAROVSK	QUAKE	4
KHABAROVSK	RUSSIA QUAKE	2
KHABAROVSK	Russia	4
KHABAROVSK	SAKHALIN QUAKE	2
KHABAROVSK	expanded form	4
KHABAROVSK	form	4
KHABAROVSK	gas	4
KHABAROVSK	gas payments	2
KHABAROVSK	investing in Far East	2
KHABAROVSK	payment	2
KHABAROVSK	region	2
KHADER	LEGISLATORS	2
KHADR	ARABS	2
KHADR	WEST BANK ARABS	2
KHAJURAHO	FEATURES	4
KHAK	Cumulus Media stations	2
KHAK	station	2
KHAKI grasslands	LEAD	2
KHALDIYA	Khaldiya	2
KHALDIYA	attack in Khaldiya	2
KHALDIYAH	Baghdad	6
KHALDIYAH	Iraq	4
KHALDIYAH	Khaldiyah	2
KHALDIYAH	fire	2
KHALDIYAH	heavy casualties in Khaldiyah	2
KHALDIYAH	rocket fire	2
KHALDIYAH	western Iraq	4
KHALIS	attack Iranian rebel group	4
KHALIS	rebel group	4
KHAN	Acanthamoeba	2
KHAN	Adds	4
KHAN	Authors	2
KHAN	Ghatak	4
KHAN	Jayraj Ghatak	4
KHAN	LCG Authors	2
KHAN	Net	4
KHAN	great singers	4
KHAN	on Acanthamoeba	2
KHAN	singer	4
KHAN YUNIS	feature	4
KHAN YUNIS	following features	4
KHAN YUNIS	us	2
KHANAQIN	GMT	12
KHANIWATMAN	MAIN SPOT NEWS	2
KHANIWATMAN	SPOT NEWS	2
KHANIWATMAN	category codes	2
KHANIWATMAN	code	2
KHANNA	MAIN SPOT NEWS	2
KHANNA	SPOT NEWS	2
KHANTY-MANSIYSK	BIATHLON	2
KHANTY-MANSIYSK	Biathlon	6
KHANTY-MANSIYSK	EUROPE	2
KHANTY-MANSIYSK	ON EUROPE	2
KHANTY-MANSIYSK	Strauss-Kahn Biathlon	2
KHANTY-MANSIYSK	Thursday	2
KHANTY-MANSIYSK	accord	6
KHANTY-MANSIYSK	graphic Biathlon	2
KHANTY-MANSIYSK	on Thursday	2
KHANTY-MANSIYSK	on cooperation accord	6
KHAR	Bajaur	12
KHAR	Islamic militant	2
KHAR	Islamic militants	2
KHAR	NW Pakistan	6
KHAR	NW Pakistan blast	14
KHAR	NW Pakistan bomb blast	2
KHAR	NW Pakistan suicide attack	8
KHAR	NW Pakistan suicide bombing	4
KHAR	Pakistan	50
KHAR	Pakistan border area	2
KHAR	Pakistan clash	4
KHAR	Pakistan clashes	20
KHAR	Pakistan militants	2
KHAR	Pakistan soldiers	2
KHAR	Pakistan suicide bombing	6
KHAR	Pakistani air strikes	2
KHAR	Pakistani official	2
KHAR	Pakistani security personnel	2
KHAR	Pakistani soldier	2
KHAR	Pakistani soldiers	4
KHAR	Taliban	6
KHAR	Taliban attack	2
KHAR	Taliban hideouts	4
KHAR	Taliban in Bajaur	4
KHAR	Taliban in border area	2
KHAR	Taliban in clashes	2
KHAR	Taliban militants	18
KHAR	UN food project	2
KHAR	Uzbek Al-Qaeda militants	4
KHAR	air strike	2
KHAR	alleged spies	2
KHAR	anti-Taliban leader in Pakistan	4
KHAR	area	46
KHAR	attack	2
KHAR	beard warning	2
KHAR	blast	14
KHAR	bomb blast	2
KHAR	border	14
KHAR	border area	4
KHAR	children in Pakistan	4
KHAR	civilian	2
KHAR	civilians	2
KHAR	clash	30
KHAR	fighting	2
KHAR	four in Pakistan	2
KHAR	fresh Pakistan violence	2
KHAR	hideout	4
KHAR	issue	2
KHAR	kill Pakistan women teachers	4
KHAR	kill Pakistani soldier	2
KHAR	kill seven militants	2
KHAR	kill soldier	2
KHAR	linked militants	6
KHAR	linked militants in Pakistan	2
KHAR	madrassa	2
KHAR	militant	42
KHAR	militant training camp	2
KHAR	militants	10
KHAR	militants in Bajaur	4
KHAR	mosque	2
KHAR	near Afghan border	12
KHAR	northwest Pakistan offensive	2
KHAR	offensive	2
KHAR	official	2
KHAR	on Pakistan border	2
KHAR	outside Pakistan mosque	2
KHAR	peace deal	2
KHAR	peace deals	2
KHAR	personnel	2
KHAR	project	2
KHAR	school	2
KHAR	shoot tribesman	2
KHAR	six in Bajaur	2
KHAR	soldier	12
KHAR	spy	4
KHAR	spying	2
KHAR	suicide attack	8
KHAR	suicide bombing	10
KHAR	training camp	2
KHAR	tribal Pakistan	8
KHAR	tribal area	44
KHAR	tribal area clashes	2
KHAR	tribal area fighting	2
KHAR	tribal areas	2
KHAR	tribal clashes	2
KHAR	tribal elder in Pakistan	2
KHAR	tribal police in Pakistan	2
KHAR	tribal zone	4
KHAR	tribesman	2
KHAR	troops issue	2
KHAR	up Pakistan school	2
KHAR	violence	2
KHAR	warning	2
KHAR	women teachers	4
KHAR	zone	4
KHARKIV	Black Sea base rent	2
KHARKIV	Black Sea fleet lease	2
KHARKIV	discount	2
KHARKIV	lease	2
KHARKIV	pct gas discount	2
KHARKIV	rent	2
KHARTOUM	AFRICA	2
KHARTOUM	AIDS carriers	2
KHARTOUM	AIDS in Sudan	2
KHARTOUM	APRIL	2
KHARTOUM	AU chair	2
KHARTOUM	AU chairmanship	2
KHARTOUM	Abuja talks	2
KHARTOUM	Africa	4
KHARTOUM	Africa-EU summit	2
KHARTOUM	African Issues Need Political Will	2
KHARTOUM	African countries	2
KHARTOUM	American elections	2
KHARTOUM	Annan's message	2
KHARTOUM	April	2
KHARTOUM	Arab	2
KHARTOUM	Arab Countries	2
KHARTOUM	Arab League meeting	2
KHARTOUM	Arab Summit	2
KHARTOUM	Arab solidarity	2
KHARTOUM	Arab summit in Doha	4
KHARTOUM	Arab summit in Egypt	2
KHARTOUM	Arabs	2
KHARTOUM	Arafat's ouster	2
KHARTOUM	Baghdad	4
KHARTOUM	Bashir	2
KHARTOUM	Beshir peace promise	2
KHARTOUM	Beshir visit	2
KHARTOUM	British teacher	6
KHARTOUM	Bytitle	2
KHARTOUM	Cairo	4
KHARTOUM	Carter peace proposal	2
KHARTOUM	Chad	16
KHARTOUM	Chadian rebel chiefs	4
KHARTOUM	Chali	2
KHARTOUM	China's role in Africa	2
KHARTOUM	Chinese worker in Chad	4
KHARTOUM	Comeback	2
KHARTOUM	Conflicts	2
KHARTOUM	Congress	2
KHARTOUM	Correction	8
KHARTOUM	Council	2
KHARTOUM	Countries	2
KHARTOUM	Crisis	2
KHARTOUM	Darfur	214
KHARTOUM	Darfur Saturday	2
KHARTOUM	Darfur actors	2
KHARTOUM	Darfur ambush	6
KHARTOUM	Darfur battles	2
KHARTOUM	Darfur bloodshed	2
KHARTOUM	Darfur camp clashes	2
KHARTOUM	Darfur camps	2
KHARTOUM	Darfur clashes	8
KHARTOUM	Darfur conflict	2
KHARTOUM	Darfur crisis	4
KHARTOUM	Darfur dispute	2
KHARTOUM	Darfur fighting	10
KHARTOUM	Darfur improving	2
KHARTOUM	Darfur issue	6
KHARTOUM	Darfur peacekeepers access	2
KHARTOUM	Darfur people	4
KHARTOUM	Darfur raid	2
KHARTOUM	Darfur rebel attack	2
KHARTOUM	Darfur rebel forces	2
KHARTOUM	Darfur rebel raid	2
KHARTOUM	Darfur rebels	8
KHARTOUM	Darfur rebels aggressions	2
KHARTOUM	Darfur refugees	2
KHARTOUM	Darfur region	2
KHARTOUM	Darfur remains challenge	2
KHARTOUM	Darfur return home	2
KHARTOUM	Darfur robbery	2
KHARTOUM	Darfur situation	2
KHARTOUM	Darfur town	4
KHARTOUM	Darfur trials	2
KHARTOUM	Darfur village	2
KHARTOUM	Darfur violence	2
KHARTOUM	Darfuris	2
KHARTOUM	Development	2
KHARTOUM	Doha	4
KHARTOUM	EDITORS	4
KHARTOUM	EDS	2
KHARTOUM	EGYPT-SUDAN	2
KHARTOUM	EU aid	2
KHARTOUM	Egypt	6
KHARTOUM	Eritrea	8
KHARTOUM	Eritrea-Sudan talks	2
KHARTOUM	Eritrean assassination-attempt charge	2
KHARTOUM	Eritrean students in jail	2
KHARTOUM	Ethiopia	4
KHARTOUM	Ethiopian border	2
KHARTOUM	February	8
KHARTOUM	Garang's aircraft	2
KHARTOUM	Garang's old Khartoum neighbourhood	2
KHARTOUM	Halaib	4
KHARTOUM	Halaib residents	2
KHARTOUM	Holding Arab Summit	2
KHARTOUM	ICC Darfur case	4
KHARTOUM	ICC decision	2
KHARTOUM	ICC lays charges	2
KHARTOUM	ICC's arrest warrant	10
KHARTOUM	Investigation	2
KHARTOUM	Iraq	8
KHARTOUM	Islam	2
KHARTOUM	Islamic values	2
KHARTOUM	Islamist opposition leader Turabi	2
KHARTOUM	Isolation	2
KHARTOUM	Israel	2
KHARTOUM	Janjaweed	2
KHARTOUM	January	4
KHARTOUM	June Darfur clashes	2
KHARTOUM	Kenya	2
KHARTOUM	Khartoum	14
KHARTOUM	Khartoum airport	2
KHARTOUM	Khartoum's objections	2
KHARTOUM	LRA ambush	2
KHARTOUM	Libya	24
KHARTOUM	Liver Cancer	2
KHARTOUM	MAIN SPOT NEWS	2
KHARTOUM	March	4
KHARTOUM	Mideast Conflicts	2
KHARTOUM	Militia attack Darfur villages	4
KHARTOUM	Monday	4
KHARTOUM	Mubarak	2
KHARTOUM	Muslim	2
KHARTOUM	N'djamena truce	2
KHARTOUM	NGOs in Darfur	2
KHARTOUM	Net	2
KHARTOUM	North Darfur	2
KHARTOUM	Nuba mountains	2
KHARTOUM	Nuba mountains ceasefire	2
KHARTOUM	OAU extradition demand	2
KHARTOUM	OPEC	2
KHARTOUM	October	2
KHARTOUM	Palestinian	2
KHARTOUM	Palestinians	2
KHARTOUM	Paris	2
KHARTOUM	Political Will	2
KHARTOUM	Powell visit	2
KHARTOUM	President	4
KHARTOUM	Rebels	2
KHARTOUM	SELECTOR	2
KHARTOUM	SPOT NEWS	2
KHARTOUM	SUDAN	2
KHARTOUM	Saturday	2
KHARTOUM	Shura Council	2
KHARTOUM	Somali peace talks	2
KHARTOUM	South Darfur	2
KHARTOUM	South Sudan	4
KHARTOUM	South govt	2
KHARTOUM	Southern Sudan	2
KHARTOUM	State Policy	2
KHARTOUM	Sudan	108
KHARTOUM	Sudan capital	8
KHARTOUM	Sudan elections	2
KHARTOUM	Sudan escape	8
KHARTOUM	Sudan fighting	2
KHARTOUM	Sudan floods	2
KHARTOUM	Sudan oil district	2
KHARTOUM	Sudan peace	8
KHARTOUM	Sudan peace pact	2
KHARTOUM	Sudan region	4
KHARTOUM	Sudan road accident	2
KHARTOUM	Sudan sanctions	2
KHARTOUM	Sudan student riots	2
KHARTOUM	Sudan train derailment	2
KHARTOUM	Sudan's Darfur	50
KHARTOUM	Sudan's Darfur demand ransom	2
KHARTOUM	Sudan's Darfur region	4
KHARTOUM	Sudan's Darfur remain volatile	2
KHARTOUM	Sudan's Darfur state	2
KHARTOUM	Sudan's Darfur still worrying	2
KHARTOUM	Sudan's Darfur war crimes court	2
KHARTOUM	Sudan's Development	2
KHARTOUM	Sudan's Groundnuts Cause Liver Cancer	2
KHARTOUM	Sudan's North Darfur	2
KHARTOUM	Sudan's President	4
KHARTOUM	Sudan's State Policy	2
KHARTOUM	Sudan's approval	2
KHARTOUM	Sudan's border	2
KHARTOUM	Sudan's elections	4
KHARTOUM	Sudan's first VP	2
KHARTOUM	Sudan's government	2
KHARTOUM	Sudan's prosperity	2
KHARTOUM	Sudan's sovereignty	2
KHARTOUM	Sudanese army	2
KHARTOUM	Sudanese army posts	2
KHARTOUM	Sudanese army recaptures town	2
KHARTOUM	Sudanese capital	4
KHARTOUM	Sudanese general election in February	4
KHARTOUM	Sudanese general elections in March	2
KHARTOUM	Sudanese official	2
KHARTOUM	Sudanese opposition conference	2
KHARTOUM	Sudanese plane crash	14
KHARTOUM	Sudanese refugees	2
KHARTOUM	Sudanese road accident	4
KHARTOUM	Sudanese soldier in Halaib	2
KHARTOUM	Sudanese village dance	2
KHARTOUM	Sudanese-Egyptian Relations Bode Well	2
KHARTOUM	Summit	4
KHARTOUM	TOP STORIES	4
KHARTOUM	Thursday	8
KHARTOUM	Turabi	4
KHARTOUM	Turabi aide	2
KHARTOUM	UN Human Rights council	2
KHARTOUM	UN Security Council reform	2
KHARTOUM	UN aid workers	2
KHARTOUM	UN over Eritrea	2
KHARTOUM	UN plan	4
KHARTOUM	UN resolution	4
KHARTOUM	UN resolutions	2
KHARTOUM	US diplomat slaying	4
KHARTOUM	US peace initiative	2
KHARTOUM	UTC Bytitle	2
KHARTOUM	Uganda	4
KHARTOUM	Uganda massing troops	4
KHARTOUM	Ugandan rebel raids	2
KHARTOUM	Union	2
KHARTOUM	VP	2
KHARTOUM	Washington	4
KHARTOUM	Well	2
KHARTOUM	Western interests	2
KHARTOUM	Westerners	2
KHARTOUM	abuse	2
KHARTOUM	access	2
KHARTOUM	accord	2
KHARTOUM	action	2
KHARTOUM	actions over Darfur	2
KHARTOUM	active role in Sudan	2
KHARTOUM	activist	2
KHARTOUM	activities in Darfur	2
KHARTOUM	actor	2
KHARTOUM	after Chad summit	2
KHARTOUM	after Darfur deal	2
KHARTOUM	after Egyptian harassment	2
KHARTOUM	after South Sudan peace deal	2
KHARTOUM	after Sudan shooting	4
KHARTOUM	after cross-border raid	2
KHARTOUM	after drinking bootleg alcohol	2
KHARTOUM	after peace accord	2
KHARTOUM	after peace deal	4
KHARTOUM	after rebel attack	2
KHARTOUM	after south vote	12
KHARTOUM	after unrest	2
KHARTOUM	aggression	2
KHARTOUM	aid	4
KHARTOUM	aid worker	2
KHARTOUM	aid workers release collapse	2
KHARTOUM	aide	2
KHARTOUM	aiding southern rebels	2
KHARTOUM	air raid	2
KHARTOUM	aircraft	2
KHARTOUM	airport	2
KHARTOUM	alcohol	2
KHARTOUM	ambush	8
KHARTOUM	anti-Sudan plan	2
KHARTOUM	approval	4
KHARTOUM	arbitration	6
KHARTOUM	area	2
KHARTOUM	armed bandits rampage	2
KHARTOUM	armed group	2
KHARTOUM	army	2
KHARTOUM	arrest warrant	10
KHARTOUM	assassination attempt	4
KHARTOUM	asylum pledge	2
KHARTOUM	atheism	2
KHARTOUM	attack	10
KHARTOUM	attacks Darfur rebel positions	2
KHARTOUM	attacks in Darfur	2
KHARTOUM	back	2
KHARTOUM	back in Khartoum	4
KHARTOUM	backed rebels	2
KHARTOUM	based relief group workers	2
KHARTOUM	battle	2
KHARTOUM	blacklist	2
KHARTOUM	blind	2
KHARTOUM	bloodshed	2
KHARTOUM	bomb Darfur rebel positions	2
KHARTOUM	bombing Darfur positions	4
KHARTOUM	boost peace process	2
KHARTOUM	border	6
KHARTOUM	border accords	2
KHARTOUM	border peacekeepers	2
KHARTOUM	border raid	2
KHARTOUM	border region	4
KHARTOUM	budget	2
KHARTOUM	buildup in Eritrea	2
KHARTOUM	camp	6
KHARTOUM	camp Darfuris	2
KHARTOUM	camps in Sudan	2
KHARTOUM	cancels Turkey visit	4
KHARTOUM	capital	18
KHARTOUM	carrier	2
KHARTOUM	case	4
KHARTOUM	cash	2
KHARTOUM	casualties	2
KHARTOUM	casualty	2
KHARTOUM	ceasefire	8
KHARTOUM	ceasefire implementation perfect	2
KHARTOUM	censorship	2
KHARTOUM	census	2
KHARTOUM	central Sudan	6
KHARTOUM	central government	2
KHARTOUM	chair	2
KHARTOUM	chairmanship	2
KHARTOUM	challenge	2
KHARTOUM	charge	4
KHARTOUM	charges British teacher	6
KHARTOUM	chief	4
KHARTOUM	child	2
KHARTOUM	children	2
KHARTOUM	citizenship	2
KHARTOUM	civilian	4
KHARTOUM	civilian casualties in fighting	2
KHARTOUM	civilians	2
KHARTOUM	clash	22
KHARTOUM	clash in Darfur	4
KHARTOUM	clash in Khartoum	2
KHARTOUM	collapse	2
KHARTOUM	coming general elections	2
KHARTOUM	concerned over Darfur crisis	2
KHARTOUM	condition	2
KHARTOUM	conference	2
KHARTOUM	conflict	4
KHARTOUM	conflicts	2
KHARTOUM	contest general election	2
KHARTOUM	control	6
KHARTOUM	controversial Kenya trip	4
KHARTOUM	convention	2
KHARTOUM	council	2
KHARTOUM	country	2
KHARTOUM	court	2
KHARTOUM	crash	14
KHARTOUM	criminal act	2
KHARTOUM	crisis	10
KHARTOUM	daily paper	2
KHARTOUM	dam floods villages	2
KHARTOUM	dance	2
KHARTOUM	danger	2
KHARTOUM	day	4
KHARTOUM	days	4
KHARTOUM	dead	10
KHARTOUM	deadly clashes	2
KHARTOUM	deal	2
KHARTOUM	decision	2
KHARTOUM	deep concern	2
KHARTOUM	deepening	6
KHARTOUM	defect rebel ranks	2
KHARTOUM	demand	2
KHARTOUM	demands over Darfur	2
KHARTOUM	deployment in Sudan	2
KHARTOUM	derail Sudan peace	4
KHARTOUM	derailment	2
KHARTOUM	detainee	2
KHARTOUM	detention	2
KHARTOUM	die	2
KHARTOUM	diplomatic tie	2
KHARTOUM	diplomatic ties	2
KHARTOUM	dispute	2
KHARTOUM	district	2
KHARTOUM	domestic organizations	2
KHARTOUM	drama	2
KHARTOUM	east Sudan	2
KHARTOUM	eastern Sudan	2
KHARTOUM	eastern rebels	2
KHARTOUM	eastern rebels ink peace accord	4
KHARTOUM	election	10
KHARTOUM	emergency	2
KHARTOUM	envoy in Khartoum	2
KHARTOUM	envoy murder escape	6
KHARTOUM	escape	14
KHARTOUM	excellence	2
KHARTOUM	exit visas in January	2
KHARTOUM	expecting US attack	2
KHARTOUM	expelling Sudanese workers	2
KHARTOUM	fake Sudanese passports	2
KHARTOUM	fear	2
KHARTOUM	fear still reigns	2
KHARTOUM	fighting	24
KHARTOUM	figure	2
KHARTOUM	fine	8
KHARTOUM	flight home	4
KHARTOUM	flood	2
KHARTOUM	flooding still possible	2
KHARTOUM	floods in Sudan	2
KHARTOUM	food	2
KHARTOUM	food aid	2
KHARTOUM	food delivery in Darfur	2
KHARTOUM	force	6
KHARTOUM	force in Darfur	2
KHARTOUM	forced back	2
KHARTOUM	forces recapture Chali	2
KHARTOUM	foreign interference	2
KHARTOUM	foreign pressure	2
KHARTOUM	free Sudanese hostage	2
KHARTOUM	free boy recruits	2
KHARTOUM	free movement in Darfur	2
KHARTOUM	fresh attack	4
KHARTOUM	frozen funds	2
KHARTOUM	funds	2
KHARTOUM	general election	4
KHARTOUM	give HAMAS refuge	2
KHARTOUM	good health	4
KHARTOUM	gov't troops	2
KHARTOUM	government	10
KHARTOUM	government air raids	2
KHARTOUM	government body	2
KHARTOUM	government forces	2
KHARTOUM	government pressure	2
KHARTOUM	government rift	2
KHARTOUM	govt	2
KHARTOUM	grata	2
KHARTOUM	grata in Sudan	2
KHARTOUM	group	2
KHARTOUM	growing	2
KHARTOUM	gunned down in Chad	2
KHARTOUM	halt media attacks	2
KHARTOUM	harassment	2
KHARTOUM	health	4
KHARTOUM	helm	2
KHARTOUM	help	2
KHARTOUM	hiding in Khartoum	2
KHARTOUM	higher AIDS danger	2
KHARTOUM	hold talks Monday	2
KHARTOUM	home	4
KHARTOUM	hostage	2
KHARTOUM	hostage in Darfur	2
KHARTOUM	hostages in Darfur	4
KHARTOUM	huge Darfur camp	2
KHARTOUM	human rights conventions	2
KHARTOUM	humanitarian aid	2
KHARTOUM	humanitarian situation in Darfur	2
KHARTOUM	humanitarian work in Darfur	2
KHARTOUM	illegal	2
KHARTOUM	implement peace agreement	2
KHARTOUM	imposing sanctions	2
KHARTOUM	improve	2
KHARTOUM	inside Sudan in January	2
KHARTOUM	insurgent	4
KHARTOUM	insurgents	4
KHARTOUM	interest	2
KHARTOUM	interference	2
KHARTOUM	internal African problem	2
KHARTOUM	international border arbitration	6
KHARTOUM	international law	2
KHARTOUM	irrevesible option	2
KHARTOUM	is aiding rebels	2
KHARTOUM	is well	6
KHARTOUM	issue	6
KHARTOUM	jail	2
KHARTOUM	join OPEC	2
KHARTOUM	journalist	4
KHARTOUM	journalist's murder	2
KHARTOUM	journalists	4
KHARTOUM	kidnappers in Darfur	4
KHARTOUM	kills sports reporter	2
KHARTOUM	land-for-peace principle	2
KHARTOUM	lawmakers in March	2
KHARTOUM	lead African Union	2
KHARTOUM	leave Sudan Thursday	2
KHARTOUM	letter	2
KHARTOUM	life	2
KHARTOUM	lives	2
KHARTOUM	loan repayment	2
KHARTOUM	low	2
KHARTOUM	mass destruction weapons	2
KHARTOUM	meet in Paris	2
KHARTOUM	meeting	2
KHARTOUM	message	2
KHARTOUM	military experts in Darfur	2
KHARTOUM	military training camp	2
KHARTOUM	million Sudanese blind	2
KHARTOUM	millions in cash	2
KHARTOUM	mission in Sudan	2
KHARTOUM	mistake	2
KHARTOUM	misunderstanding	2
KHARTOUM	monitor Sudan ceasefire	2
KHARTOUM	monitor Sudan security arrangements	2
KHARTOUM	monitors in Darfur	2
KHARTOUM	month	4
KHARTOUM	months	2
KHARTOUM	mountain	2
KHARTOUM	multi-party post-war government	2
KHARTOUM	murder	2
KHARTOUM	needs in Darfur	2
KHARTOUM	neighbourhood	2
KHARTOUM	new party	2
KHARTOUM	new rebel groups in Darfur	2
KHARTOUM	new war	4
KHARTOUM	next April	2
KHARTOUM	next week	10
KHARTOUM	next year	2
KHARTOUM	non-Muslims	2
KHARTOUM	normalcy	2
KHARTOUM	normalisation	2
KHARTOUM	northern Sudan	2
KHARTOUM	northern citizenship	2
KHARTOUM	number one killer in Sudan	2
KHARTOUM	objection	2
KHARTOUM	offensive	8
KHARTOUM	official	2
KHARTOUM	oil	2
KHARTOUM	oil pipeline	2
KHARTOUM	on Darfur	8
KHARTOUM	on Darfur rehabilitation	2
KHARTOUM	on Ethiopian troops	6
KHARTOUM	on Investigation	2
KHARTOUM	on Libya	2
KHARTOUM	on Monday	2
KHARTOUM	on Mubarak	2
KHARTOUM	on Nile in Sudan	2
KHARTOUM	on SARS fears	2
KHARTOUM	on Sudan	2
KHARTOUM	on Sudan camp	2
KHARTOUM	on Sudan trip	2
KHARTOUM	on Sudan-Chad tension	2
KHARTOUM	on Sudanese border	2
KHARTOUM	on Sudanese capital	2
KHARTOUM	on Westerners	2
KHARTOUM	on armed groups	2
KHARTOUM	on civilians	2
KHARTOUM	on flight home	4
KHARTOUM	on lower monthly loan repayment	2
KHARTOUM	on main oil pipeline	2
KHARTOUM	on peace talks	2
KHARTOUM	on rape in Darfur	2
KHARTOUM	on schedule	4
KHARTOUM	on signing peace deal	2
KHARTOUM	on southern government body	2
KHARTOUM	on terrorism	2
KHARTOUM	on wealth sharing	2
KHARTOUM	only survivor	2
KHARTOUM	open embassies in Baghdad	4
KHARTOUM	open in October	2
KHARTOUM	opposition Beja Congress	2
KHARTOUM	opposition activists	2
KHARTOUM	opposition leader Turabi	2
KHARTOUM	option	2
KHARTOUM	order over Darfur	2
KHARTOUM	organiser	2
KHARTOUM	organisers	2
KHARTOUM	organization	4
KHARTOUM	organizations	2
KHARTOUM	ouster	2
KHARTOUM	party	2
KHARTOUM	passport	2
KHARTOUM	pay trouser fine	8
KHARTOUM	peace	16
KHARTOUM	peace accord	6
KHARTOUM	peace accord in Washington	2
KHARTOUM	peace agreement	2
KHARTOUM	peace deal	10
KHARTOUM	peace in Darfur	8
KHARTOUM	peace in Sudan	2
KHARTOUM	peace initiative	4
KHARTOUM	peace pact	4
KHARTOUM	peace process	2
KHARTOUM	peace process in Sudan	2
KHARTOUM	peace proposal	2
KHARTOUM	peace talks	6
KHARTOUM	peace talks in Kenya	2
KHARTOUM	peaceful talks	2
KHARTOUM	peacekeeper	4
KHARTOUM	peacekeeper deployment growing	2
KHARTOUM	peacekeeping mission in Darfur	2
KHARTOUM	peacekeeping strength in Darfur	2
KHARTOUM	people	4
KHARTOUM	percentage	2
KHARTOUM	perfect	2
KHARTOUM	plan	6
KHARTOUM	plane lands in Libya	4
KHARTOUM	pledge	2
KHARTOUM	policemen in Darfur	2
KHARTOUM	political prisoner	2
KHARTOUM	political prisoners	2
KHARTOUM	poll	4
KHARTOUM	polling outside Sudan	2
KHARTOUM	polls	4
KHARTOUM	poor conditions	2
KHARTOUM	position	4
KHARTOUM	positive action	2
KHARTOUM	possible	2
KHARTOUM	post	2
KHARTOUM	power	2
KHARTOUM	presidency	2
KHARTOUM	president	2
KHARTOUM	president's visit	2
KHARTOUM	press censorship	2
KHARTOUM	presses Darfur offensive	8
KHARTOUM	pressure	4
KHARTOUM	principle	2
KHARTOUM	pro-government militia in Sudan	2
KHARTOUM	problem	2
KHARTOUM	progress	2
KHARTOUM	promise	2
KHARTOUM	prosperity	2
KHARTOUM	protestor	2
KHARTOUM	protestors	2
KHARTOUM	protocol	2
KHARTOUM	pvs	2
KHARTOUM	raid	6
KHARTOUM	rampage	2
KHARTOUM	rank	2
KHARTOUM	ransom	2
KHARTOUM	rape	2
KHARTOUM	reaches high percentage	2
KHARTOUM	reason	8
KHARTOUM	rebel	20
KHARTOUM	rebel areas	2
KHARTOUM	rebel attack	4
KHARTOUM	rebel offensive	2
KHARTOUM	rebel position	4
KHARTOUM	rebel positions in Darfur	2
KHARTOUM	rebels dead	2
KHARTOUM	recruit	2
KHARTOUM	referendum	6
KHARTOUM	referendum low	2
KHARTOUM	reform	4
KHARTOUM	reforms	2
KHARTOUM	refuge	2
KHARTOUM	refugee	4
KHARTOUM	regime	2
KHARTOUM	region	10
KHARTOUM	regional conflict	2
KHARTOUM	regional conflicts	2
KHARTOUM	rehabilitation	2
KHARTOUM	reign	2
KHARTOUM	rein in Janjaweed	2
KHARTOUM	rejects EU pressure	2
KHARTOUM	related abuses	2
KHARTOUM	release detainees	2
KHARTOUM	relief efforts in Darfur	2
KHARTOUM	relief worker	2
KHARTOUM	relief workers	2
KHARTOUM	relief workers in Sudan	2
KHARTOUM	remove misunderstanding	2
KHARTOUM	reporter	2
KHARTOUM	resident	2
KHARTOUM	resistance	2
KHARTOUM	resolution	6
KHARTOUM	resolve Darfur crisis	2
KHARTOUM	resume Sudan peace talks	2
KHARTOUM	return home in Darfur	2
KHARTOUM	returning home	2
KHARTOUM	rift	2
KHARTOUM	riot	2
KHARTOUM	rise in Darfur	2
KHARTOUM	river boat sinking	2
KHARTOUM	road accident	8
KHARTOUM	robbery	2
KHARTOUM	robust international help	2
KHARTOUM	role in Darfur	2
KHARTOUM	s threat	2
KHARTOUM	sanction	4
KHARTOUM	satisfactory south Sudan referendum	2
KHARTOUM	say scores dying	2
KHARTOUM	scapegoat	2
KHARTOUM	schedule	4
KHARTOUM	secession	2
KHARTOUM	second Iraq	2
KHARTOUM	security	2
KHARTOUM	security arrangement	2
KHARTOUM	security protocol	2
KHARTOUM	security reason	2
KHARTOUM	security reasons	2
KHARTOUM	security tensions	2
KHARTOUM	self-determination vote in south	2
KHARTOUM	senior Darfur peacekeeper	2
KHARTOUM	share	2
KHARTOUM	shooting	4
KHARTOUM	shot dead in Darfur	4
KHARTOUM	side	2
KHARTOUM	sides	2
KHARTOUM	signatory Darfur rebels	4
KHARTOUM	sinking	2
KHARTOUM	situation	2
KHARTOUM	slaying	4
KHARTOUM	solidarity	2
KHARTOUM	south	6
KHARTOUM	south Sudan	2
KHARTOUM	south Sudan fighting	2
KHARTOUM	south Sudan presidency	2
KHARTOUM	south independence vote	2
KHARTOUM	south referendum	2
KHARTOUM	southern Sudan	10
KHARTOUM	southern Sudan in progress	2
KHARTOUM	southern independence vote	2
KHARTOUM	southern secession	2
KHARTOUM	sovereignty	4
KHARTOUM	spark war	2
KHARTOUM	sponsors no terrorism	2
KHARTOUM	stability in Darfur	4
KHARTOUM	state	2
KHARTOUM	state budget	2
KHARTOUM	state capital	2
KHARTOUM	stay in Darfur	6
KHARTOUM	still in Libya	2
KHARTOUM	stop Darfur attacks	2
KHARTOUM	strategic ties	2
KHARTOUM	summit	4
KHARTOUM	support	2
KHARTOUM	survivor	2
KHARTOUM	take AU helm	2
KHARTOUM	talk	6
KHARTOUM	target Sudan	2
KHARTOUM	teacher	18
KHARTOUM	teachers	2
KHARTOUM	technical reasons	8
KHARTOUM	teddy' teacher	4
KHARTOUM	tension	8
KHARTOUM	territories	2
KHARTOUM	territory	2
KHARTOUM	terrorism	8
KHARTOUM	terrorism blacklist	2
KHARTOUM	th graf pvs	2
KHARTOUM	threat	2
KHARTOUM	tie	6
KHARTOUM	ties	2
KHARTOUM	torn Darfur	4
KHARTOUM	town	10
KHARTOUM	training camp	2
KHARTOUM	transition despite mistakes	2
KHARTOUM	travel	4
KHARTOUM	trial	2
KHARTOUM	tribal clash	2
KHARTOUM	tribal clashes	6
KHARTOUM	tribal group	2
KHARTOUM	trip	6
KHARTOUM	troop	12
KHARTOUM	troops in Darfur	4
KHARTOUM	troubled Darfur	2
KHARTOUM	truce	2
KHARTOUM	try opposition figures	2
KHARTOUM	under control	6
KHARTOUM	undermining normalisation	2
KHARTOUM	unrest	4
KHARTOUM	upgrading ties	2
KHARTOUM	urges peace deal approval	2
KHARTOUM	value	2
KHARTOUM	village	8
KHARTOUM	violence	2
KHARTOUM	visit	10
KHARTOUM	visit Cairo	4
KHARTOUM	visit Ethiopia Thursday	6
KHARTOUM	visit Libya	2
KHARTOUM	volatile	2
KHARTOUM	vote	16
KHARTOUM	want war	2
KHARTOUM	war	10
KHARTOUM	war in Sudan	2
KHARTOUM	war-zone town	4
KHARTOUM	water	2
KHARTOUM	weapon	2
KHARTOUM	weapons cache outside capital	2
KHARTOUM	week	24
KHARTOUM	welcome African peace initiative	2
KHARTOUM	well	6
KHARTOUM	western Sudan	6
KHARTOUM	western Sudan unrest	2
KHARTOUM	wins Sudan elections	2
KHARTOUM	witnesses security tension	2
KHARTOUM	worker	4
KHARTOUM	worry	2
KHARTOUM	worsening Darfur crisis	2
KHARTOUM	year	2
KHARTOUM	years' detention	2
KHAT	WAN	2
KHAZAD	block ciphers	2
KHAZAD	cipher	2
KHBS	based television stations	2
KHBS	television station	2
KHC	salt	2
KHC	salts	2
KHCB	array	2
KHCB	directional arrays	2
KHCT	Cleveland Transit	2
KHCT	Ltd	2
KHCT	Transit	2
KHCT	sell Transit Ltd	2
KHCTto	Ltd	2
KHCTto	sell Transit Ltd	2
KHD	group	2
KHD	groups	2
KHD	identification code	2
KHD	identification codes	2
KHIEU SAMPHAN	FLASH	2
KHII	FFVII	2
KHII	record FFVII	2
KHJ	Contemporary Hits Top 40 competitors	2
KHJ	Los Angeles independent channels	2
KHJ	Los Angeles stations	2
KHJ	channel	2
KHJ	company	2
KHJ	competitor	2
KHJ	competitor stations	2
KHJ	entire broadcasting company	2
KHJ	progressive rock stations	2
KHJ	station	16
KHJ	stations	10
KHJ Los Angeles	station	2
KHJ Los Angeles	top stations	2
KHJ in Los Angeles	America's top pop music stations	2
KHJ in Los Angeles	powerhouse	2
KHJ in Los Angeles	station	2
KHJ in Los Angeles	top 40 powerhouses	2
KHJ's Humberto Luna	celebrity	4
KHJ's Humberto Luna	on-air celebrities	4
KHJ-TV in Los Angeles	cities	2
KHJ-TV in Los Angeles	city	2
KHKI	Des Moines stations	2
KHKI	station	4
KHKI	stations	2
KHL	European leagues	2
KHL	channel	2
KHL	league	4
KHL	professional sports leagues	2
KHL	separate channel	2
KHL TV	League	4
KHL TV	Minor Hockey League	2
KHL TV	Russian Major League	2
KHL use	European ice hockey leagues	2
KHL use	league	2
KHM	ISO country codes	2
KHM	country code	2
KHMER ROUGE TRIAL	CAMBODIA	2
KHMX in Houston	media	2
KHNL	affiliate	2
KHNL	based network affiliates	2
KHO-KHO sections	playground	2
KHOBAR	20-25 dollar price	2
KHOBAR	GMT	2
KHOBAR	GMT news advisory	6
KHOBAR	advisory	6
KHOBAR	price	2
KHODJAYEV	Defendants	2
KHOE	radio station	2
KHOE	radio stations	2
KHOJ New Delhi	planned residencies	2
KHOJ New Delhi	residency	2
KHOJAOBOD	Uzbek border region	4
KHOJAOBOD	border region	4
KHOJAOBOD	flood	2
KHOJAOBOD	refugee flood	2
KHOLBESAT	feature	2
KHOLBESAT	following feature	2
KHOMEIN	FEATURES	2
KHON KAEN	August	2
KHON KAEN	trade	2
KHON in Honolulu	station	4
KHON in Honolulu	stations	4
KHON-TV	SF Broadcasting stations	2
KHON-TV	affiliate	2
KHON-TV	based network affiliates	2
KHON-TV	station	2
KHONG	THAILAND	6
KHORGOS	ARTS	2
KHORLA	dialect	2
KHORLA	dialects	2
KHOST	50-70 rebels in Afghanistan	2
KHOST	Afghan	2
KHOST	Afghan air strikes	2
KHOST	Afghan attacks	2
KHOST	Afghan bomb blast	2
KHOST	Afghan civilians	2
KHOST	Afghan government	2
KHOST	Afghan raid	2
KHOST	Afghan raids	4
KHOST	Afghan strikes	2
KHOST	Afghanistan	44
KHOST	Afghans	2
KHOST	Karzai's Pakistan threat	2
KHOST	NATO soldiers	2
KHOST	US custody	2
KHOST	air strike	2
KHOST	amnesty	2
KHOST	attack	6
KHOST	base	2
KHOST	blast	2
KHOST	bomb blast	2
KHOST	bomb factory in Afghanistan	2
KHOST	centre	2
KHOST	child	4
KHOST	children	4
KHOST	city	6
KHOST	civilian	2
KHOST	custody	2
KHOST	dead	12
KHOST	eastern Afghanistan	2
KHOST	heart attack	2
KHOST	hits Afghan city	6
KHOST	insurgents in Afghanistan	4
KHOST	militants in Afghanistan	2
KHOST	mortar	2
KHOST	near Afghan NATO base	2
KHOST	on Afghan polling centre	2
KHOST	police	2
KHOST	raid	6
KHOST	rebels in Afghanistan	2
KHOST	rejects Afghan amnesty	2
KHOST	soldier	2
KHOST	soldiers in Afghanistan	2
KHOST	strike	2
KHOST	suicide blasts	2
KHOST	surrender in Afghanistan	2
KHOST	threat	2
KHOST	two dead	2
KHOU	Houston	2
KHOU	affiliate	2
KHOU	air affiliates	2
KHOU	sister stations	2
KHOU	station	2
KHOU-TV	Investigative Reporting	2
KHOU-TV	Reporting	2
KHOU-TV	day	2
KHOU-TV	next day	2
KHOU-TV in Houston	TV station	2
KHOU-TV in Houston	TV stations	2
KHOU-TV in Houston	company's Texas station properties	2
KHOU-TV in Houston	property	2
KHOW	Metromedia's radio stations	2
KHOW	radio station	2
KHOW	station	2
KHOW	stations	2
KHPT	Houston Radio cluster	2
KHPT	cluster	2
KHQ Television Group	group	2
KHQA-TV	entire group	2
KHQA-TV	group	2
KHR	cerevisiae	2
KHRA funding bill	legislator	2
KHRA funding bill	legislators	2
KHRUSHCHEV	GAMBLE	8
KHS	bicycle companies	2
KHS	company	2
KHS	wheel	2
KHS	wheels	2
KHS Career Fair	organization	2
KHS Career Fair	organizations	2
KHS genes	cerevisiae	2
KHSC-TV in Ontario	cities	4
KHSC-TV in Ontario	city	4
KHSC-TV in Ontario	company	2
KHSH	former USA stations	2
KHSH	station	2
KHTML	engine	2
KHTML	good rendering engines	2
KHTO	sister stations	2
KHTO	station	2
KHTP in Seattle	Entercom	2
KHTV	Houston	2
KHTeO	salt	2
KHTeO	salts	2
KHU	Kingdom Hearts site	2
KHU	site	2
KHUENG HOEICHUENG	MAIN SPOT NEWS	2
KHUENG HOEICHUENG	SPOT NEWS	2
KHUENG HOEICHUENG	category codes	4
KHUENG HOEICHUENG	code	4
KHUJA	COMMENTARY	2
KHULNA	Bangladesh train crash	2
KHULNA	crash	2
KHUM	Eureka	2
KHUM	radio shows	2
KHUM	radio station	4
KHUM	radio stations	4
KHUM	show	2
KHURVALETI	Georgia	2
KHURVALETI	Ossetia	4
KHURVALETI	South Ossetia	4
KHVH in Honolulu	country	4
KHWAJA-BAHAUDDIN	AFGHANS' APPEAL	4
KHWAJA-BAHAUDDIN	APPEAL	4
KHYBER PASS	COMMENTARY	2
KHYL	AMFM	2
KHYL	purchase AMFM	2
KHZZ	Smaller-market stations	2
KHZZ	station	2
KHost	Afghanistan	2
