Z??	Palco Sunset	2
Z??	Portuguese	2
Z??	Sunset	2
Z??	Tropicalia	2
Z??	collaborator	2
Z??	collaborators	2
Z??	period	2
Z?? Arig	psychic surgeons	2
Z?? Arig	surgeon	2
Z?? Bruno	Percussion	2
Z?? Caboclo	Brazil	2
Z?? Caboclo	artist	2
Z?? Caboclo	regional artists	2
Z?? Canuto	Rio	2
Z?? Carlos	famous players	2
Z?? Carlos	player	2
Z?? Gonzalez	name	2
Z?? Gonzalez	names	2
Z?? Keti	composer	2
Z?? Keti	great Brazilian samba composers	2
Z?? K??ti	great names in samba	2
Z?? K??ti	samba	2
Z?? Luis	name	2
Z?? Luis	names	2
Z?? Manel	government	2
Z?? Ramalho	artist	2
Z?? Ramalho	artists	2
Z?? Renato	MPB label	2
Z?? Renato	label	2
Z?? Renato	world	2
Z?? Roberto	Bayer	2
Z?? Roberto	Midfielders	2
Z?? Roberto	player	2
Z?? Roberto	players	2
Z?? Roberto	signing	2
Z?? Roberto	signings	2
Z?? Rodrigues	artist	2
Z?? Rodrigues	regional artists	2
Z?? Rodrix	musician	2
Z?? Rodrix	renowned musicians	2
Z?? Takahashi	Featured Photographers	2
Z?? Takahashi	Photographers	2
Z??bern	village	2
Z??bina	Drums	2
Z??blin	Frankfurt	2
Z??blin	offices in Frankfurt	2
Z??bre	Internal-combustion	2
Z??bre	combustion	2
Z??ck	favourite	2
Z??del	Switzerland	2
Z??del	manufacturer	2
Z??del	manufacturers	2
Z??ge	Die Jungfrau	2
Z??ge	Jungfrau	2
Z??gernitz	Aufnahmeort	2
Z??gling	earlier gliders	2
Z??gling	glider	2
Z??glingen	Band III	4
Z??glingen	III	4
Z??ldm	district	2
Z??lf?? Livaneli	lead	2
Z??li Aladag	Director	6
Z??li Aladag	Directors	2
Z??lia Duncan	artist	4
Z??lia Duncan	artists	2
Z??lia Duncan	local artists	2
Z??lie de Lussan	Dramatic sopranos	2
Z??lie de Lussan	soprano	2
Z??lle	Festina riders	2
Z??lle	Top class riders	2
Z??lle	individual time trial wins	2
Z??lle	rider	4
Z??lle	win	2
Z??llner	century	2
Z??llner	de	4
Z??llner	sponsor	2
Z??llner	sponsors	2
Z??llner	th century	2
Z??lpichgau	Rhine	2
Z??m	confrontation	2
Z??m	confrontations	2
Z??mire et Azor	Gr??try	2
Z??ndapp	Germany	2
Z??ndapp	automotive firms	2
Z??ndapp	firm	2
Z??ndel	Holocaust deniers	6
Z??ndel	denier	10
Z??ndel	deniers	2
Z??ndel	far right	2
Z??ndel	far-right figures	2
Z??ndel	figure	2
Z??ndel	literature	2
Z??ndel	notable Holocaust deniers	2
Z??ndel	person	2
Z??ndel	persons	2
Z??ndel	revisionist	2
Z??ndel	revisionist literature	2
Z??ndel	right	2
Z??ndel	self-proclaimed revisionists	2
Z??nith	venue	2
Z??nith	venues	2
Z??no	film	2
Z??no	films	2
Z??non Bialas	Soloists	2
Z??phyrin Ferrez	century	2
Z??phyrin Ferrez	th century	2
Z??rate in Buenos Aires	way	2
Z??rcher	Switzerland	2
Z??rcher Kantonalbank	bank	4
Z??rcher Kantonalbank	cantonal banks	4
Z??ri	publisher	2
Z??ri i Popullit	dailies	2
Z??ri i Popullit	daily	2
Z??ri i Rinis??	Albanian national publications	2
Z??ri i Rinis??	publication	2
Z??rich	April	2
Z??rich	Buch VI	2
Z??rich	Christian martyrs	2
Z??rich	Christine Wyss	2
Z??rich	Claudia Moll	4
Z??rich	Europe	6
Z??rich	Europe's leading research universities	2
Z??rich	European business destinations	2
Z??rich	European cities	6
Z??rich	European meetings	8
Z??rich	Example	2
Z??rich	Feb	2
Z??rich	Festivals	2
Z??rich	Foundation	4
Z??rich	Germany	2
Z??rich	IV	2
Z??rich	Indien	2
Z??rich	International	2
Z??rich	Modern edition	2
Z??rich	Moll	4
Z??rich	Neuausgabe	4
Z??rich	Northern Switzerland	2
Z??rich	Partnership	2
Z??rich	Peter Lang International	2
Z??rich	Sammlung	4
Z??rich	Scorer	2
Z??rich	Southern Germany	2
Z??rich	Stiftung Sammlung	4
Z??rich	Stubborn playing in cities	2
Z??rich	Swiss cities	4
Z??rich	Switzerland	6
Z??rich	VI	2
Z??rich	Wyss	2
Z??rich	Zurich	2
Z??rich	airport	2
Z??rich	business destinations	2
Z??rich	cities	16
Z??rich	cities in Europe	2
Z??rich	city	32
Z??rich	club	2
Z??rich	clubs	2
Z??rich	concert hall	2
Z??rich	concert halls	2
Z??rich	decade	2
Z??rich	decades	2
Z??rich	destination	10
Z??rich	destinations	2
Z??rich	durchgesehene Neuausgabe	2
Z??rich	eastern Europe	2
Z??rich	edition	2
Z??rich	exhibition	2
Z??rich	exhibitions	2
Z??rich	festival	2
Z??rich	festivals	2
Z??rich	following destinations	2
Z??rich	following theaters	2
Z??rich	given recitals in cities	2
Z??rich	great opera houses	2
Z??rich	institution	2
Z??rich	institutions	2
Z??rich	international airports	2
Z??rich	leading German-language theatre companies	2
Z??rich	martyr	2
Z??rich	meeting	8
Z??rich	mein Indien	2
Z??rich	museum	6
Z??rich	museums	4
Z??rich	opera house	2
Z??rich	orchestra	2
Z??rich	orchestras	2
Z??rich	places in Switzerland	2
Z??rich	rd	2
Z??rich	renowned European museums	2
Z??rich	research	2
Z??rich	scheduled destinations	2
Z??rich	singles titles	2
Z??rich	stellt sich vor	2
Z??rich	stop	2
Z??rich	stops	2
Z??rich	theater	2
Z??rich	theatre company	2
Z??rich	title	2
Z??rich	universities	4
Z??rich	university	6
Z??rich	uraufgef??hrt	2
Z??rich	venue	4
Z??rich	venues	4
Z??rich	vor	2
Z??rich	world	2
Z??rich	zugleich	2
Z??rich	??berarbeitete Neuausgabe	2
Z??rich Airport	European airports	2
Z??rich Airport	airport	2
Z??rich Airport	extraordinary locations	2
Z??rich Airport	location	2
Z??rich Area	Areas	2
Z??rich Area	Episcopal Areas	2
Z??rich Chamber Orchestra	following orchestras	2
Z??rich Chamber Orchestra	orchestra	2
Z??rich German	High Alemannic German	2
Z??rich Open	Switzerland	2
Z??rich ZH	Christine Wyss	2
Z??rich ZH	Wyss	2
Z??rich armorial	century	2
Z??rich in Switzerland	cities	2
Z??rich in Switzerland	city	2
Z??riputsch	clash	2
Z??riputsch	conflict	2
Z??riputsch	violent clashes	2
Z??riputsch	violent conflicts	2
Z??rn	artist	2
Z??rn	artists	2
Z??rn	writer	2
Z??rn	writers	2
Z??ro	Director	2
Z??ro	New Director	2
Z??roual	further people	2
Z??roual	people	2
Z??rs	Arlberg	2
Z??rs	Arlberg region	2
Z??rs	region	2
Z??st	Vladivostok	2
Z??st	past Vladivostok	2
Z??ttle	professor	2
Z??ttle	professors	2
