RW	ACTION	4
RW	Access	2
RW	Atlanta Thrashers	2
RW	Edmonton Oilers	2
RW	IDE device	8
RW	IDE devices	8
RW	ISO country codes	2
RW	London	2
RW	Migraine External website	2
RW	Oilers	2
RW	Potential Supervisors	2
RW	Publications	2
RW	RW media	2
RW	Recent Publications	2
RW	Rewriteable media	4
RW	Rzesz??w	2
RW	Supervisors	2
RW	Thrashers	2
RW	comprehensive upgrade options	2
RW	country code	2
RW	data	2
RW	device	2
RW	devise	2
RW	devises	2
RW	disc	2
RW	discs	2
RW	drive	2
RW	element	2
RW	end	2
RW	following review paper	2
RW	format	14
RW	formats	14
RW	graphic artist	2
RW	graphic artists	2
RW	here	2
RW	improved specifications	2
RW	media	36
RW	medium	4
RW	memory devices	2
RW	name	2
RW	names	2
RW	new storage	2
RW	official Linux kernel Access	2
RW	optical media	12
RW	optical storage devices	2
RW	option	2
RW	paper	2
RW	po	4
RW	pos	4
RW	province	2
RW	removable media	2
RW	removable media drive	2
RW	removable medium	2
RW	removable storage medium	2
RW	rewritable media	8
RW	rewriteable media	4
RW	specification	2
RW	standard	2
RW	standards	2
RW	storage	2
RW	storage device	2
RW	storage media	2
RW	storing data	2
RW	website	2
RW Adam Deadmarsh	Colorado injuries	2
RW Adam Deadmarsh	injury	2
RW Alexander Mogilny	Key players	2
RW Andrei Kovalenko	Edmonton injuries	2
RW Andrei Kovalenko	injury	2
RW Anthony Stewart	blossom	2
RW Anthony Stewart	must blossom	2
RW Bill Guerin	Key players	2
RW Blair Atcheynum	Key veteran players	4
RW Blair Atcheynum	player	4
RW Bob Kudelski	Key players	2
RW Books	business	2
RW Books	downtown businesses	2
RW Brett Hull	Key players	2
RW Brian Bellows	Key players	2
RW Cam Neely	Key players	2
RW Data	industries leading names	2
RW Data	leading suppliers	2
RW Data	name	2
RW Data	supplier	2
RW Dave Moss	CALGARY FLAMES	2
RW Dave Moss	FLAMES	2
RW Emerson	Essays	2
RW Irvine capt	Scotland	2
RW James Livingston	pick	2
RW James Livingston	s NHL picks	2
RW Jari Kurri	Key players	2
RW Jaromir Jagr	Key players	2
RW Joe Murphy	Key players	2
RW Johan Franzen	Leading scorers	2
RW Johan Franzen	scorer	2
RW John MacLean	Key players	2
RW Lloyd	Breed	2
RW Mark Recchi	Key players	2
RW Marty	top unit	2
RW Marty	unit	2
RW McGregor	New Zealand	2
RW McGregor	Zealand	2
RW Meyer	Recommended reading	2
RW Mikael Renberg	Key players	2
RW Nathan Horton	blossom	2
RW Nathan Horton	must blossom	2
RW Nelson Emerson	Key players	2
RW Niklas Persson	WAIVERS	2
RW Owen Nolan	free agent	2
RW Owen Nolan	unrestricted free agents	2
RW Pat Elynuik	Key players	2
RW Pat Verbeek	Key players	2
RW Pavel Bure	Key players	2
RW Poulton	England	2
RW Price	Teams Zimbabwe	2
RW Price	Zimbabwe	2
RW Price	bat	16
RW Products Promotion	group	2
RW Products Promotion	industry groups	2
RW Rick Tocchet	Key players	2
RW Russ Courtnall	Key players	2
RW Sean	AHL Norfolk	2
RW Sean	Norfolk	2
RW Sergei Makarov	Key players	2
RW Steve Downie	STRENGTH TRAINING	2
RW Steve Downie	TRAINING	2
RW Steve Thomas	Key players	2
RW Teemu Selanne	Key players	2
RW Watts	References	2
RW Zack Kassian	NHL draft picks	2
RW Zack Kassian	pick	2
RWA	ISO country codes	2
RWA	collection	2
RWA	construct	2
RWA	country code	2
RWA	institution	4
RWA	institutions	4
RWA	public collections	2
RWA	similar constructs	2
RWANDA	ATTN EDITORS	2
RWANDA	Adds	2
RWANDA	EDITORIAL	2
RWANDA	EDITORS	2
RWANDA	capital	2
RWANDA	nations in capitals	2
RWANDA	wedding guest	2
RWANDA	wedding guests	2
RWANDA-REVIEW	add	2
RWANDA-REVIEW	adds	2
RWAS winner Danaway	foal	2
RWAS winner Danaway	foals	2
RWB	Color	4
RWB President Fernando	RWB representatives	2
RWB President Fernando	representative	2
RWB Taipei	China	2
RWBTree	order	2
RWBTree	ordering	2
RWBasicUString	Unicode character interfaces	4
RWBasicUString	interface	4
RWBinaryTree	order	2
RWBinaryTree	ordering	2
RWC rules	ROUNDUP	2
RWC rules	RWC-ROUNDUP	2
RWCMD	access drama schools	2
RWCMD	school	2
RWCMD Symphony Orchestra	ensemble	2
RWCMD Symphony Orchestra	ensembles	2
RWCString	interface	4
RWCString	like a primitive type	2
RWCString	narrow character interfaces	4
RWCString	type	2
RWCollectable	Rogue Wave classes	4
RWCollectable	appropriate type	2
RWCollectable	class	4
RWCollectable	type	2
RWD	Ad campaigns	2
RWD	design	2
RWD	earlier designs	2
RWD	exciting Ad campaigns	2
RWD	high-wing monoplanes	2
RWD	monoplane	2
RWD	press publications	2
RWD	produced trainers	2
RWD	publication	2
RWD	trainer	2
RWD Fenn	Border Janus	2
RWD Fenn	Janus	2
RWD Magazine	publication	2
RWD Magazine	publications	2
RWD magazine	Youth media	2
RWD magazine	media	2
RWDBBinaryVector	mechanism	2
RWDBBinaryVector	write mechanism	2
RWDBBinaryVectorElement	mechanism	2
RWDBBinaryVectorElement	write mechanism	2
RWDBBlob	class	2
RWDBBlob	concrete classes	2
RWDBDateTime	class	2
RWDBDateTime	concrete classes	2
RWDBDateVector	mechanism	2
RWDBDateVector	write mechanism	2
RWDBDuration	class	2
RWDBDuration	concrete classes	2
RWDBInserter	DML classes	2
RWDBInserter	class	2
RWDBMBString	class	2
RWDBMBString	concrete classes	2
RWDBSelector	DML classes	2
RWDBSelector	class	2
RWDBSelector	encapsulated SQL objects	2
RWDBSelector	object	2
RWDBStringVector	mechanism	2
RWDBStringVector	write mechanism	2
RWDBStringVectorElement	mechanism	2
RWDBStringVectorElement	write mechanism	2
RWDBTBuffer int	compatible type	2
RWDBTBuffer int	type	2
RWDBTBuffer long	compatible type	2
RWDBTBuffer long	type	2
RWDBVendorDate	mechanism	2
RWDBVendorDate	write mechanism	2
RWDI	Consultant	2
RWDI	Environmental Consultant	2
RWDate	like a primitive type	2
RWDate	type	2
RWDivisionGroup	following order	2
RWDivisionGroup	order	2
RWE	CO	4
RWE	Colorado	4
RWE	European energy companies	2
RWE	European energy giants	2
RWE	European energy suppliers	2
RWE	European power companies	2
RWE	Even	2
RWE	FRANKFURT	2
RWE	Firms	6
RWE	Foreign firms	2
RWE	German businesses	2
RWE	Giant multinationals	4
RWE	Nabucco project	2
RWE	Net	2
RWE	Power	2
RWE	RWE FRANKFURT	2
RWE	Rival power suppliers	6
RWE	Scottish Power	2
RWE	Shareholders	2
RWE	Sud	2
RWE	UK	2
RWE	Utilities companies	2
RWE	atomic power plants	6
RWE	business	4
RWE	buy Electrica Sud	2
RWE	companies	8
RWE	company	24
RWE	concern	4
RWE	concerns	4
RWE	consortium	2
RWE	consultant	2
RWE	emerging German telecommunications companies	4
RWE	energy company	6
RWE	energy firms	2
RWE	energy providers	4
RWE	firm	8
RWE	force energy giants	4
RWE	foreign consultants	2
RWE	foreign energy giants	2
RWE	generator	2
RWE	giant	8
RWE	group	2
RWE	industrial conglomerate	2
RWE	industrial conglomerates	2
RWE	industrial groups	2
RWE	institution	2
RWE	integrated energy companies	2
RWE	leading German firms	2
RWE	leading energy companies	2
RWE	market	2
RWE	multinational	4
RWE	multinational institutions	2
RWE	percent in companies	2
RWE	plant	2
RWE	player	2
RWE	players	2
RWE	power companies	6
RWE	power generation companies	4
RWE	power plant	6
RWE	predator	2
RWE	predators	2
RWE	profitable long-term market	2
RWE	project	4
RWE	provider	4
RWE	regional gas suppliers	4
RWE	run	4
RWE	running	4
RWE	state	2
RWE	states	2
RWE	stock	8
RWE	supplier	12
RWE	telecommunications company	4
RWE	thriving business	2
RWE	top accountancy firms	2
RWE	utilities	2
RWE	utility	2
RWE	utility stocks	6
RWE	yielding utility stocks	2
RWE AG	Europe	2
RWE AG	burning coal in Europe	2
RWE AG	carrier	2
RWE AG	companies	2
RWE AG	company	2
RWE AG	energy companies	2
RWE AG	energy company	2
RWE AG	rival carriers	2
RWE AG	utilities	2
RWE AG	utility	2
RWE AG unit Npower	group	2
RWE Dea	major discoveries	2
RWE Dea	major discovery	2
RWE Frankfurt	GERMAN EQUITY MOVERS	2
RWE Frankfurt	MOVERS	2
RWE Group	Katherine Sharp Sponsors	2
RWE Group	Sponsors	2
RWE Innogy	partner	2
RWE Innogy	partners	2
RWE N Power	name	2
RWE N Power	names	2
RWE NUKEM	contact	2
RWE Nukem	contractor	2
RWE Nukem	contractors	2
RWE Thames Water	Case study	2
RWE Thames Water	Metronet partners	2
RWE Thames Water	company	2
RWE Thames Water	partner	2
RWE Thames Water	world-class companies	2
RWE Transgas PRAGUE	percent	4
RWE in Germany	companies	2
RWE in Germany	company	2
RWE npower	Community	2
RWE npower	UK	2
RWE npower	company	4
RWE npower	energy companies	2
RWE npower	energy company	2
RWE npower	industrial organisations	2
RWE npower	organisation	2
RWE npower	review power companies	4
RWE remain	enterprise	2
RWE remain	industrial enterprises	2
RWEuroGroup	class's static variable groupName	2
RWEuroGroup	following exchange groups	2
RWEuroGroup	following order	2
RWEuroGroup	group	2
RWEuroGroup	groupName	2
RWEuroGroup	order	2
RWF Veterinary Resident	fund projects	2
RWF Veterinary Resident	project	2
RWFIFOMutexLock	class	2
RWFIFOMutexLock	existing mutex class	2
RWH Publishing	sapphire	2
RWH programmes	case	2
RWH programmes	cases	2
RWHOIS	Internet	2
RWHT	Meet Milestone A working party	2
RWHT	working party	2
RWHashTable	Smalltalk-like collection class	2
RWHashTable	class	2
RWIN	Settings	2
RWJ Community Health	work	2
RWJF	health	2
RWLeastSqQRCalc	multiple linear regression parameters	2
RWLeastSqQRCalc	parameter	2
RWLeastSqQRPvtCalc	multiple linear regression parameters	2
RWLeastSqQRPvtCalc	parameter	2
RWLeastSqSVDCalc	multiple linear regression parameters	2
RWLeastSqSVDCalc	parameter	2
RWM	Colloquia EPSRC deadlines	2
RWM	deadline	2
RWM	music	2
RWMultiplicationGroup	following order	2
RWMultiplicationGroup	order	2
RWMutexLock	class	2
RWMutexLock	existing mutex class	2
RWP	Gloucestershire	2
RWP	South Gloucestershire	2
RWP	sediment	4
RWP	sewers carrying sediment	4
RWP Moscow	organisation	2
RWP Moscow	organisations	2
RWP Perm	organisation	2
RWP Perm	organisations	2
RWPortal	Classes	2
RWPortalStreambuf	Classes	2
RWR	Defensive avionics	2
RWR	FAS series	2
RWR	avionic suite	2
RWR	avionics	6
RWR	defensive avionics	2
RWR	series	2
RWR	suite	2
RWR systems	critical situations	2
RWR systems	situation	2
RWRP	campaigner	2
RWRP	campaigners	2
RWS	ammunition	2
RWS	area	2
RWS	exhibition	2
RWS	exhibitions	2
RWS	mm Mauser ammunition	2
RWS	show	2
RWS	shows	2
RWS Diploma Collection	Collections	2
RWS system	weapon	2
RWS system	weapons	2
RWServerPool	class	2
RWServerPool	runnable server classes	2
RWSocketPortal	Classes	2
RWSocketPortal	channel-specific portal classes	2
RWSocketPortal	class	2
RWStreambufToByteOutputStream	interface	2
RWStreambufToByteOutputStream	iostreams streambuf interface	2
RWTH	German universities	2
RWTH	university	2
RWTH Aachen	holder	2
RWTH Aachen	title holders	2
RWTH Aachen University	famous mining schools	2
RWTH Aachen University	school	2
RWTH Aachen University	world	2
RWThread	object	2
RWThread	thread object	2
RWU	group	2
RWU	groups	2
RWUString	Unicode character interfaces	4
RWUString	interface	4
RWWString	Unicode character interfaces	4
RWWString	interface	4
RWord can	software program	2
RWord can	software programs	2
RWs	FireWire devices	4
RWs	Firewire devices	2
RWs	choice	4
RWs	device	6
RWs	information technology products	2
RWs	lower reflectivity	2
RWs	media	4
RWs	product	2
RWs	reflectivity	2
RWs	rewritable media	4
RWs	so many choices	4
RWvostreamToDataOutputStream	interface	2
RWvostreamToDataOutputStream	output stream interface	2
