UB	Address	10
UB	Airport	2
UB	Artists	2
UB	Attn	2
UB	Better-known bands	2
UB	CD REVIEWS	8
UB	Contacts	2
UB	Ealing Hospital Address	2
UB	Enquiries	2
UB	Institution	2
UB	Jet Fighters	4
UB	Local recording studios	2
UB	London Heathrow Airport	2
UB	Marketing authorisation holder	2
UB	NATFHE	2
UB	Office	2
UB	REVIEWS	8
UB	Registered Office	2
UB	UB Honors students	2
UB	Visitor Centre Address	2
UB	Well-known bands	2
UB	act	8
UB	acts	4
UB	address	2
UB	adjoining postcode areas	2
UB	area	2
UB	artist	24
UB	artists	20
UB	authority	2
UB	band	22
UB	bands	16
UB	be	2
UB	been	2
UB	behringer desk	4
UB	celebrities	4
UB	celebrity	4
UB	communist authorities	2
UB	company	4
UB	contact	4
UB	cover tunes	2
UB	datexternal velocity points	2
UB	desk	4
UB	developing companies	4
UB	group	2
UB	groups	2
UB	high-profile acts	2
UB	holder	2
UB	hosted bands	2
UB	icon	2
UB	institution	2
UB	international pop stars	2
UB	last few years	4
UB	local	2
UB	model	2
UB	models	2
UB	music acts	2
UB	music industry	2
UB	musical icons	2
UB	notable locals	2
UB	package	6
UB	parking packages	6
UB	point	2
UB	pop star	2
UB	prestigious artists	2
UB	program	2
UB	record sleeve	2
UB	record sleeves	2
UB	recording studio	2
UB	reggae artists	2
UB	research institutions	2
UB	section	2
UB	steel section	2
UB	student	2
UB	submarine	2
UB	submarines	2
UB	top local programs	2
UB	tune	2
UB	uk Institution	2
UB	variant	2
UB	variants	2
UB	year	6
UB	years	2
UB AG	financial firms	4
UB AG	firm	4
UB City	Bangalore	2
UB City	commercial property project	2
UB City	project	2
UB Conquense	Previous clubs	2
UB Conquense	club	2
UB Group	bigwig	2
UB Group	global industry bigwigs	2
UB Group	spirit	2
UB Group	spirits	2
UB Group Beer	project	2
UB Group Beer	upcoming projects	2
UB Ltd	company	4
UB Ltd	leading British companies	4
UB Networks	client	2
UB Networks	clients	2
UB class	steam locomotive	2
UB class	steam locomotives	2
UB faculty performance artists	core group	2
UB faculty performance artists	group	2
UB flat wagon	bogie wagon	2
UB ms	Autograph	2
UB ms	Meursius The Hague Autograph	2
UB provost	role	2
UB provost	years in roles	2
UB staff number	identity	2
UB-Buffalo Public Schools Partnership office	civic engagement mission	2
UB-Buffalo Public Schools Partnership office	mission	2
UB-series	series	2
UBA	bank	4
UBA	banks	2
UBA	domain	2
UBA	domains	2
UBA	follow	2
UBA	follows	2
UBA	institution	2
UBA	top banks	2
UBB	forum software	2
UBB	operator	2
UBB	private operators	2
UBB	software	2
UBB-like proprietary vBulletin	PHP	2
UBC	Canada	2
UBC	Metro Vancouver	2
UBC	Metro Vancouver area	2
UBC	Vacancy	2
UBC	Vancouver	2
UBC	area	2
UBC	city	2
UBC	committee	2
UBC	committees	2
UBC	institution	2
UBC	institutions	2
UBC	jobs Vacancy	2
UBC	journalism schools	2
UBC	organisation	2
UBC	partner organisations	2
UBC	school	2
UBC	universities	2
UBC	university	2
UBC Advisory Boards	position	2
UBC Advisory Boards	volunteer positions	2
UBC Great Trekker	award	2
UBC Great Trekker	awards	2
UBC Hospital	site	2
UBC Hospital	sites	2
UBC MBA Sailing	clubs offer special events	2
UBC MBA Sailing	special event	2
UBC Media	companies	2
UBC Media	company	2
UBC Media Geoff	Chrysalis Radio Panel	2
UBC Media Geoff	Panel	2
UBC Media Group	firm	2
UBC Media Group	firms	2
UBC Media Group plc	Enquiries	2
UBC Media Group plc	LS Enquiries	2
UBC Media Group plc	contact	18
UBC Media selling	Ongoing experiments	2
UBC Media selling	experiment	2
UBC Museum	museum	2
UBC Museum	superb museums	2
UBC Okanagan Heat	Baseball team Kelowna Falcons	2
UBC Okanagan Heat	Falcons	2
UBC Press	Vancouver	8
UBC Project	initiative	2
UBC Project	initiatives	2
UBC Toronto	CANADIAN EQUITY PREVIEW	2
UBC Toronto	PREVIEW	2
UBC programming	Cable television	2
UBC seismologist Michael	expert	2
UBC seismologist Michael	experts	2
UBCD	Windows	2
UBCV	Church	2
UBCV	Churches	2
UBCV	religious group	2
UBCV	religious groups	2
UBCV monks	individual	2
UBCV monks	individuals	2
UBCV number two Thich	Buddhist	2
UBCV number two Thich	Buddhists	2
UBCV officials	monk	2
UBCV officials	monks	2
UBD's principal	guest	2
UBD's principal	guests	2
UBER RICH THREAD	Version	2
UBER RICH THREAD	View Full Version	2
UBEs	participatory power structures	2
UBEs	power structure	2
UBFS	main media products	2
UBFS	product	2
UBH	program	2
UBH	programs	2
UBHT	campaign	2
UBHT	organisation	2
UBI	branch	2
UBI	branches	2
UBI Assicurazioni	bancassurance	2
UBI World TV	operator	2
UBI World TV	operators	2
UBI e CEDINTEC	Po-SAT consortium	2
UBI e CEDINTEC	consortium	2
UBIFS	replacement	2
UBIFS	replacements	2
UBIQUITOUS COMPUTING	CONCEPTS	2
UBIQUITOUS COMPUTING	KEY CONCEPTS	2
UBIQUITY	RISKS	2
UBIQUITY	SPREADSHEET RISKS	2
UBL	arrow	2
UBL	arrows	2
UBL	companies	2
UBL	company	2
UBL	directories	2
UBL	directory	2
UBL Cup Final	show	2
UBM	companies	2
UBM	company	2
UBM plc	companies	2
UBM plc	company	2
UBMC	universities	2
UBMC	university	2
UBO	powerhouse	8
UBO	powerhouses	8
UBP	party	8
UBP settlement agreement	bank	2
UBP settlement agreement	feeder fund bank	2
UBP's Michael Dunkley	MPs	2
UBPCs	cooperative	2
UBPCs	cooperatives	2
UBR	Nearby management instistutes	2
UBR	PG colleges	2
UBR	So	2
UBR	college	2
UBR	existing taxes	4
UBR	instistutes	2
UBR	running costs	2
UBR	tax	4
UBR assessment	installation	2
UBR assessment	installations	2
UBRIQUE	CYCLING	4
UBS	Analysts	2
UBS	Apple's stock	2
UBS	BANKING majors	2
UBS	BERN	2
UBS	BSO's programming	2
UBS	Banking giants	2
UBS	Banks	16
UBS	Bern	2
UBS	Brokerages	2
UBS	CDOs	2
UBS	Cartel	2
UBS	Companies	6
UBS	Credit Suisse's competitors	4
UBS	Europe	2
UBS	European banks	18
UBS	European financial institutions	2
UBS	European firms	2
UBS	European groups	2
UBS	European institution	2
UBS	European rivals	4
UBS	Firms	4
UBS	Foreign investors	2
UBS	Frankfurt	2
UBS	Geneva	2
UBS	Greek New Testament	2
UBS	Gr??bel	2
UBS	Haiti rubble	2
UBS	Interest Rate Derivatives Cartel	2
UBS	Islamic products	2
UBS	Leading financial institutions	4
UBS	New Testament	2
UBS	New York	2
UBS	Oswald Gr??bel	2
UBS	Rival banks	6
UBS	Rivals	6
UBS	SWITZERLAND	2
UBS	Sharia law	4
UBS	Sponsors	6
UBS	Street	8
UBS	Swiss bank	6
UBS	Swiss banking group	2
UBS	Swiss banks	18
UBS	Swiss companies	2
UBS	Switzerland	10
UBS	Switzerland's top banks	2
UBS	Taiwan	2
UBS	Technology vendors	2
UBS	UBS groups	2
UBS	UBS-BankofChina ZURICH	4
UBS	US operations	6
UBS	US subprime loans	10
UBS	Unlike firms	2
UBS	Wall Street	4
UBS	Wall Street banks	4
UBS	Western banks	4
UBS	Western rivals	2
UBS	York	2
UBS	ZURICH	14
UBS	accused Swiss banks	6
UBS	action	2
UBS	after financial institutions	2
UBS	ailing Western banks	2
UBS	area	2
UBS	auction	2
UBS	auctions	2
UBS	bank	258
UBS	bank in Switzerland	8
UBS	banker	2
UBS	banking stocks	2
UBS	banks	126
UBS	be	6
UBS	big name	4
UBS	big names	4
UBS	biggie	2
UBS	biggies	2
UBS	blue-chip clients	2
UBS	bond	4
UBS	bonds	2
UBS	broker-dealer	6
UBS	broker-dealers	6
UBS	brokerage	6
UBS	brokerage firm	8
UBS	brokerage firms	6
UBS	brokerage house	2
UBS	brokerages	4
UBS	business	2
UBS	capital market	2
UBS	capital markets	2
UBS	city business	2
UBS	city businesses	2
UBS	client	8
UBS	clients	4
UBS	commercial bank	2
UBS	commercial banks	2
UBS	companies	24
UBS	company	48
UBS	company-earnings-UBS ZURICH	4
UBS	company-results-UBS ZURICH	4
UBS	company-structure-UBS ZURICH	2
UBS	competitor	8
UBS	competitors	4
UBS	compliant products	2
UBS	corporation	10
UBS	corporations	4
UBS	cost	4
UBS	counterpart	2
UBS	counterparts	2
UBS	court-company-UBS BERN	2
UBS	creditor	8
UBS	creditor bank	2
UBS	creditor banks	2
UBS	creditors	8
UBS	customer	6
UBS	customers	6
UBS	defendant	4
UBS	defendants	4
UBS	developer's main institutional investors	2
UBS	dollar	2
UBS	dollars	2
UBS	dollars overseas	2
UBS	dozen major banks	4
UBS	eminent firms	4
UBS	encouraging banks	2
UBS	external investors	4
UBS	fabled financial titans	2
UBS	few corporations	4
UBS	financial	2
UBS	financial companies	2
UBS	financial corporations	2
UBS	financial giants	2
UBS	financial institution	50
UBS	financial institutions	18
UBS	financial institutions in being	6
UBS	financial organization	2
UBS	financial services companies	4
UBS	financial stocks	2
UBS	financials	2
UBS	firm	60
UBS	firms	34
UBS	firms put	2
UBS	firms said	2
UBS	following companies	2
UBS	following investment banks	2
UBS	foreign bank	6
UBS	foreign banks	20
UBS	foreign brokerages	2
UBS	foreign financial institutions	2
UBS	foreign institutional investors	24
UBS	foreign investor	4
UBS	foreign investors	4
UBS	foreign players	2
UBS	foreign rivals	4
UBS	foreign securities houses	2
UBS	former banks	6
UBS	giant	4
UBS	giants	2
UBS	global banks	4
UBS	global financial institutions	6
UBS	global financial organizations	2
UBS	global investment banks	2
UBS	government contractor	2
UBS	government contractors	2
UBS	group	6
UBS	half a dozen bankers	2
UBS	heavyweight	2
UBS	hired investment banks	2
UBS	house	2
UBS	hungry rivals	4
UBS	included leading banks	2
UBS	industry names	2
UBS	informed companies	2
UBS	institution	8
UBS	institutional investor	28
UBS	institutions	2
UBS	international bank	8
UBS	international banks	8
UBS	international companies	2
UBS	international financial institutions	2
UBS	international firms	2
UBS	international names	4
UBS	investment bank	28
UBS	investment banker	8
UBS	investment bankers	8
UBS	investment banks	16
UBS	investment banks say	4
UBS	investment companies	4
UBS	investment company	4
UBS	investment firms	6
UBS	investment house	2
UBS	investments banks	2
UBS	investor	12
UBS	investors	8
UBS	issue	2
UBS	key Swiss shareholders	16
UBS	law	4
UBS	leading City institutions	2
UBS	leading banks	6
UBS	leading companies	2
UBS	leading financial institutions	2
UBS	leading investment banks	4
UBS	leading investment houses	2
UBS	leading multinational corporations	2
UBS	lender	2
UBS	lenders	2
UBS	list	4
UBS	loan	10
UBS	local banks	2
UBS	major	2
UBS	major bank	10
UBS	major banks	6
UBS	mere survivors	2
UBS	merger	2
UBS	mergers	2
UBS	mortgage bonds	2
UBS	multinational	4
UBS	multinational banks	4
UBS	multinational corporation	2
UBS	multinational users are financial institutions	2
UBS	multinationals	4
UBS	mutual fund manager in Switzerland	2
UBS	name	12
UBS	names	6
UBS	national full-service brokerage firms	2
UBS	notable clients	2
UBS	offshore companies cost	4
UBS	on Wall Street	4
UBS	operating in Bern	2
UBS	operation	6
UBS	organisation	2
UBS	organisations	2
UBS	organization	2
UBS	organizations	2
UBS	out-of-state institutions	2
UBS	overseas	2
UBS	overseas institutional investors	2
UBS	overseas investor	2
UBS	overseas investors	2
UBS	participating banks	4
UBS	partner	2
UBS	player	4
UBS	players	2
UBS	pool	2
UBS	possible partners	2
UBS	prestigious institutions	2
UBS	pricing European banks	2
UBS	private capital providers	2
UBS	product	4
UBS	program	2
UBS	prominent City firms	2
UBS	provider	2
UBS	put	2
UBS	recruiting private sponsors	4
UBS	reliable Swiss heavyweights	2
UBS	renowned companies	2
UBS	representative office in Frankfurt	2
UBS	respective areas	2
UBS	rival	16
UBS	rivals	2
UBS	road	4
UBS	rocky road	4
UBS	rubble	2
UBS	said	2
UBS	say	4
UBS	securities firms	4
UBS	securities house	2
UBS	security houses	2
UBS	shareholder	18
UBS	shareholders	2
UBS	specialist aviation banks	2
UBS	sponsor	8
UBS	sponsors	4
UBS	state institution	2
UBS	stock	4
UBS	successful companies	4
UBS	surveyor	2
UBS	surveyors	2
UBS	survivor	2
UBS	target	2
UBS	targets	2
UBS	technology firms	2
UBS	tenant	2
UBS	tenants	2
UBS	titan	2
UBS	today	2
UBS	top executive	4
UBS	top executives	4
UBS	top investors are banks	4
UBS	top-tier firms	2
UBS	total	2
UBS	trading partner	2
UBS	trading partners	2
UBS	traditional brokerage houses	2
UBS	troubled financial institutions	2
UBS	vendor	2
UBS	view	2
UBS	week	4
UBS	world	2
UBS	world's largest companies	2
UBS	world's largest financial institutions	2
UBS	world's largest investment banks	2
UBS	world's leading financial institutions	4
UBS 's rival	bare minimum	2
UBS AG	Europe's banks	2
UBS AG	European banks	20
UBS AG	European competitors	12
UBS AG	European rivals	8
UBS AG	Foreign investors	6
UBS AG	GIC's stakes in major banks	2
UBS AG	Imposing financial penalty	2
UBS AG	Non-prosecution agreement	2
UBS AG	Swiss banks	28
UBS AG	Wall Street firms	2
UBS AG	agreement	2
UBS AG	assets	2
UBS AG	bank	78
UBS AG	bank's rivals	6
UBS AG	banks	24
UBS AG	cash-strapped banks	4
UBS AG	companies	2
UBS AG	company	2
UBS AG	competitor	12
UBS AG	corporation	2
UBS AG	financial corporations	2
UBS AG	financial institution	8
UBS AG	financial institutions	2
UBS AG	financial penalty	2
UBS AG	firm	10
UBS AG	firms	8
UBS AG	giant	2
UBS AG	giants	2
UBS AG	international bank	2
UBS AG	international banks	2
UBS AG	leading financial institutions	4
UBS AG	lender	8
UBS AG	lenders	8
UBS AG	major bank	4
UBS AG	peer	2
UBS AG	peers	2
UBS AG	regulator	2
UBS AG	rival	16
UBS AG	rivals	2
UBS AG	stakes in major banks	2
UBS AG	state regulators	2
UBS AG	struggling financial institutions	2
UBS AG's Heather Bellini	Analysts	2
UBS AG's John Hodulik	analyst	2
UBS AG's John Hodulik	analysts	2
UBS Africa Inter	Editor	2
UBS America	executive	2
UBS America	executives	2
UBS Asset Management	asset management operations	4
UBS Asset Management	business unit	6
UBS Asset Management	client	2
UBS Asset Management	institutional clients	2
UBS Asset Management	investor	2
UBS Asset Management	investors	2
UBS Asset Management	operation	4
UBS Asset Management	under three broad business units	6
UBS Bank	companies	2
UBS Bank	company	2
UBS CHONGQING	corporate responsibility	2
UBS CHONGQING	responsibility	2
UBS Capital	consortium	2
UBS Capital Americas	equity fund	2
UBS Capital Americas	private equity funds	2
UBS Capital Corp	investor	2
UBS Capital Corp	investors	2
UBS Collection	America	2
UBS Cup	Next event	6
UBS Cup	TOUR Next event	4
UBS Cup	event	10
UBS Financial Services	brokerage	2
UBS Financial Services	brokerages	2
UBS Financial Services Inc	Firms	4
UBS Financial Services Inc	Wall Street firms	2
UBS Financial Services Inc	auction-rate probes	2
UBS Financial Services Inc	firm	2
UBS Financial Services Inc	probe	2
UBS GENEVA	Beijing stays cheap	2
UBS GENEVA	cheap	2
UBS GENEVA	global economy	2
UBS GENEVA	market	2
UBS GENEVA	shadow over global economy	2
UBS GENEVA	world	2
UBS GENEVA	world's top consumer markets	2
UBS Geneva	cities	2
UBS Geneva	city	2
UBS Global Asset Management	Management Placement	2
UBS Global Asset Management	Placement	2
UBS Global Asset Management	Switzerland	2
UBS Global Asset Management	UBS groups	2
UBS Global Asset Management	UK's leading investment houses	2
UBS Global Asset Management	bid	4
UBS Global Asset Management	group	2
UBS Global Asset Management	investment house	2
UBS Global Asset Management	mutual fund manager in Switzerland	2
UBS Hong Kong Open	Asia	2
UBS Hong Kong Open	events in Asia	2
UBS Investment Bank	IPO	2
UBS Investment Bank	companies	4
UBS Investment Bank	company	4
UBS Investment Bank	investment bank	2
UBS Investment Bank	investment banks	2
UBS Investment Bank	list	2
UBS Ltd	analysts' preferred stock list	2
UBS Ltd	list	2
UBS MANILA	bullish outlook	2
UBS MANILA	outlook	2
UBS News Radio	Michael Sandies	2
UBS News Radio	Sandy	2
UBS Paine Webber	UBS business groups	2
UBS Paine Webber	business	2
UBS Paine Webber	business group	2
UBS Paine Webber	businesses	2
UBS Paine Webber	companies	4
UBS Paine Webber	company	4
UBS Paine Webber	firm	2
UBS Paine Webber	firms	2
UBS PaineWebber	Swiss bank UBS	2
UBS PaineWebber	UBS	2
UBS PaineWebber	UBS groups	2
UBS PaineWebber	banking business	2
UBS PaineWebber	big name	4
UBS PaineWebber	big names	4
UBS PaineWebber	brokerage firm	2
UBS PaineWebber	brokerage firms	2
UBS PaineWebber	country	8
UBS PaineWebber	financial institution	2
UBS PaineWebber	financial institutions	2
UBS PaineWebber	firm	2
UBS PaineWebber	firms	2
UBS PaineWebber	group	2
UBS PaineWebber	group's private banking businesses	2
UBS Quality Street	15-10 Plate Championship Final	2
UBS Quality Street	Final	2
UBS Quality Street	Semi-finals	2
UBS Quality Street	Winners	2
UBS Quality Street	final	2
UBS Securities	foreign investor	2
UBS Securities	foreign investors	2
UBS Securities	funds	2
UBS Securities	hired investment banks	10
UBS Securities	investment bank	10
UBS Securities	rival	2
UBS Securities	rivals	2
UBS Switzerland	business unit	6
UBS Switzerland	under three broad business units	6
UBS Verbier Festival	group	2
UBS Verbier Festival	prestigious groups	2
UBS Warburg	Fujikura Sources	2
UBS Warburg	September	2
UBS Warburg	Sources	2
UBS Warburg	Stamford 's corporations	2
UBS Warburg	UBS business groups	2
UBS Warburg	UBS groups	2
UBS Warburg	analyst	4
UBS Warburg	analysts	4
UBS Warburg	bank	4
UBS Warburg	banks	2
UBS Warburg	big-name banks	2
UBS Warburg	brokerage	2
UBS Warburg	business group	2
UBS Warburg	business unit	6
UBS Warburg	capital	2
UBS Warburg	city employers	2
UBS Warburg	client	2
UBS Warburg	clients	2
UBS Warburg	competitor	4
UBS Warburg	competitors	4
UBS Warburg	corporation	2
UBS Warburg	employer	2
UBS Warburg	exchange offer	2
UBS Warburg	firm	10
UBS Warburg	firms	10
UBS Warburg	group	2
UBS Warburg	institution	2
UBS Warburg	international investment institutions	2
UBS Warburg	investment bank	6
UBS Warburg	investment banks	6
UBS Warburg	modern finance capital	2
UBS Warburg	offer	4
UBS Warburg	offering	2
UBS Warburg	through brokerages	2
UBS Warburg	under three broad business units	6
UBS Warburg LLC	firm	2
UBS Warburg LLC	firms	2
UBS Warburg SINGAPORE	yen	2
UBS Warburg said	investment bank	2
UBS Warburg said	investment banks	2
UBS Wealth Management	professional service	2
UBS Wealth Management	professional services	2
UBS ZURICH	Enron	2
UBS ZURICH	banking scene	2
UBS ZURICH	lawsuit over Enron	2
UBS ZURICH	scene	2
UBS ZURICH	severe setback in third quarter	2
UBS ZURICH	third quarter	2
UBS analyst Maynard	Last week	2
UBS analyst Maynard	week	2
UBS bank	investor	2
UBS bank	investors	2
UBS can	credit rating	2
UBS can	strong credit ratings	2
UBS chief executive officer Robert	partner	2
UBS chief executive officer Robert	partners	2
UBS clients	securities	2
UBS clients	security	2
UBS economists ZURICH	recession	2
UBS economists Zurich	recession	2
UBS hit	bank	2
UBS hit	up Western banks	2
UBS in London	financial group	2
UBS in London	financial groups	2
UBS in Switzerland	European banks	6
UBS in Switzerland	bank	6
UBS in faster	rival	2
UBS in faster	rivals	2
UBS joins Citigroup	major bank	2
UBS joins Citigroup	major banks	2
UBS research executive	insider trading ring	10
UBS research executive	people	4
UBS research executive	ring	10
UBS said	variable	2
UBS said	variables	2
UBS salespeople	trader	2
UBS salespeople	traders	2
UBS survey HONG KONG	Chinese macro control	2
UBS survey HONG KONG	control	2
UBS think	investment bank	2
UBS think	investment banks	2
UBS's London	division	2
UBS's London	institutional asset management divisions	2
UBS's expansion in London	chief executive	2
UBS's rival	bare minimum	2
UBSS	societies	2
UBSS	society	2
UBSS crew	Mendip weekend	2
UBSS crew	weekend	2
UBSWarburg	financial institution	2
UBSWarburg	financial institutions	2
UBU	October	4
UBU	September	4
UBU	institution	2
UBU Club Night	Ents	2
UBU Club Night	UBU Ents	2
UBU Queen	March	4
UBUD	Myanmar	4
UBUD	change in Myanmar	2
UBUD	terrorist	2
UBUD	terrorists	2
UBUD	two years	2
UBUD	year	2
UBUNTU	national networks	2
UBUNTU	network	2
UBUWeb	organization	2
UBUWeb	similar organizations	2
UBV photometry	Auxiliary information	2
UBV photometry	information	2
UBX	right	2
UBZ	Tuesday	2
UBZ	vs PAC Tuesday	2
UBath February	Partners	2
UBe	alloy	2
UBe	f electron alloys	2
UBid	Internet auctions	2
UBid	auction	2
UBreakIFix	business	2
UBreakIFix	successful businesses	2
