JR	America	2
JR	Article reference	2
JR	Author	2
JR	Book Review	2
JR	Broadway Junior musical	2
JR	CARROLLTON Virginia	2
JR	CDS	4
JR	CROSS	8
JR	Citation	2
JR	DUBYA	4
JR	Hollywood counterparts	2
JR	JOHN PENN South Carolina	2
JR	Main stage	6
JR	Mark	6
JR	Mixing	2
JR	NEW JAZZ CDS	4
JR	New York Times Book Review	2
JR	Notice	44
JR	Paid Notice	44
JR	Panama	2
JR	Participants	2
JR	Players	2
JR	South Carolina	2
JR	Steve Tucker said	2
JR	United States	2
JR	Virginia	2
JR	area	2
JR	artist	2
JR	celebrity	2
JR	child	2
JR	children	2
JR	club	2
JR	counterpart	2
JR	diabetes mellitus in youth	2
JR	dinner guests	2
JR	group	2
JR	groups	2
JR	guest	2
JR	local Santa Barbara celebrities	2
JR	man in America	2
JR	musical	2
JR	obstetric perspective Author	2
JR	press	2
JR	reference	2
JR	rock artists	2
JR	said	2
JR	same area	2
JR	stage	6
JR	stepchild	2
JR	stepchildren	2
JR	street artist working	2
JR	work	2
JR	youth	2
JR Berrazueta	Reference	2
JR Bookwalter Cast	JR Bookwalter Producer	2
JR Bookwalter Cast	Producer	2
JR Bookwalter Producer	JR Bookwalter Writer	2
JR Bookwalter Producer	Writer	2
JR Brandon	GENERAL REFERENCE	2
JR Brandon	REFERENCE	2
JR Bridle	organiser	2
JR Bridle	organisers	2
JR Brown	Band	2
JR Brown	Steve Larson Band	2
JR Bus companies	Bus companies	2
JR Central Towers	floor area	2
JR Central Towers	total floor area	2
JR Chuo	well	2
JR Chuo	will work well	2
JR Clynes	Labour notables	2
JR Clynes	notable	2
JR Decano	Crowd Control	2
JR East	Japanese railway companies	2
JR East	Railway shares	2
JR East	Railways Group operators	2
JR East	Tokyo transit system	2
JR East	companies	4
JR East	company	6
JR East	electronic fare collection systems	2
JR East	operator	4
JR East	railway operators	2
JR East	share	2
JR East	system	2
JR East	transit system	2
JR Ewing	August	2
JR Ewing	Joff	2
JR Galvin	EDS	2
JR Garcia Donnell	owner	2
JR Garcia Donnell	previous owners	2
JR Hartley Yellow Pages	classic	2
JR Hartley Yellow Pages	classics	2
JR Helliwell	GENERAL REFERENCE	2
JR Helliwell	REFERENCE	2
JR Hokkaid	bus service	2
JR Hokkaid	bus services	2
JR Hughes	Reference	2
JR Hutson	Fender Rhodes	2
JR Hutson	Rhodes	2
JR Jensen	Derby	2
JR Jensen	Homerun Derby	2
JR Joetsu	line	2
JR Joetsu	lines	2
JR Kittikulwong	singer	2
JR Kittikulwong	singers	2
JR Moehringer	schedule	2
JR Motorsport	return	2
JR Motorsport	teams returning	2
JR Namba Station	basement	2
JR Namba Station	st basement	2
JR North exit	entrance	2
JR North exit	secondary entrances	2
JR Pascarel	France	2
JR Rockers	general membership meeting	2
JR Rockers	meeting	2
JR Rotem	producer	2
JR Rotem	producers	2
JR Senior et	References	4
JR Senior et	bleed history References	2
JR Settlement Corp	corporation	4
JR Settlement Corp	deficit-ridden corporations	4
JR Tokai	Railway shares	2
JR Tokai	auto stocks	6
JR Tokai	share	2
JR Tokai	stock	6
JR Tokaido Lines	line	2
JR Tokaido Lines	lines	2
JR US	information	4
JR US	stock information	4
JR Vibe	machine	2
JR Vibe	powered machines	2
JR West	companies	4
JR West	company	4
JR West	rail companies	2
JR West	rail company	2
JR Writer	American rappers	2
JR Writer	Crew	2
JR Writer	Diplomats Crew	2
JR Writer	Rappers	2
JR Writer	rapper	2
JR Yamanote Line	train line	2
JR Yamanote Line	train lines	2
JR groups	laggard	2
JR groups	laggards	2
JR station	complex	2
JR station	entire station complex	2
JR use	Systems	2
JR's arms	heir	2
JR's book	reference	2
JR's book	references	2
JR's surgeon David Hahn	possible	2
JR's surgeon David Hahn	recovery possible	2
JRA	child	2
JRA	chronic illness in children	2
JRA horse racing	program	2
JRA horse racing	programming	2
JRAM working party	group	2
JRAM working party	vital joint groups	2
JRAS	London	2
JRC	European agencies	2
JRC	Industrial partners	2
JRC	activities	2
JRC	activity	2
JRC	agency	2
JRC	leading manufacturers	2
JRC	manufacturer	2
JRC	mind open	2
JRC	open	2
JRC	outfit	2
JRC	tattoo	2
JRC	well established outfits	2
JRC Ltd	Photo	4
JRC Young	British Lions	2
JRC Young	Lions	2
JRCALC	appropriate conferences as opportunities	2
JRCALC	bodies	2
JRCALC	body	2
JRCALC	opportunity	2
JRCP	pavement	2
JRCP	rigid pavements	2
JRCT's role	explore	2
JRCT's role	exploring	2
JRD	Esperante	2
JRD	protein	2
JRD	urine protein	2
JRD Tata	issue	2
JRD Tata	issues	2
JRDB	multiple government organizations	2
JRDB	organization	2
JRDV Architects	engineering firms	2
JRDV Architects	firm	2
JRE	Conflicting application dependencies	2
JRE	dependency	2
JREC	facilities	2
JREC	facility	2
JREF official newsletter	periodical	2
JREF official newsletter	periodicals	2
JREI	EPSRC	2
JREI	bid	2
JREI	funding initiatives	2
JREI	initiative	8
JREI	national bid	2
JREI	procurement	2
JREI	procurements	2
JREI	recent Government funding initiatives	4
JREI	support initiatives	2
JREI equipment	equipped laboratory	2
JREI equipment	laboratory	2
JRF	Awards	2
JRF	JRF Awards	2
JRF	York	2
JRF	funder	2
JRF	funders	2
JRF	wealth	2
JRF Associate Director	contact	4
JRF Certificate	application form	2
JRF Head	contact	8
JRF Manager	contact	2
JRF Press	contact	2
JRF Press Office	contact	2
JRG	name	4
JRG	names	4
JRH	site	6
JRH	sites	6
JRHT	contact	2
JRHT Deputy Director	contact	2
JRHT Deputy Director	further information contact	2
JRHT Director	contact	6
JRHT Director	further information contact	6
JRI	Projects	2
JRI	action	2
JRI	effective action	2
JRJ	NASDAQ exchange	2
JRJ	exchange	2
JRM	Joint Performance reviews	2
JRM	Key publications	2
JRM	Performance reviews	2
JRM	publication	2
JRN	RADIO	14
JRN rider Lauren	diarist	2
JRN rider Lauren	diarists	2
JRO	Nickname	2
JROCMs	stakeholder	2
JROCMs	stakeholders	2
JROTC	Electives	2
JROTC	activities	2
JROTC	activity	12
JROTC	after programs	2
JROTC	area of study	2
JROTC	areas of study	2
JROTC	athletic activities	2
JROTC	category	2
JROTC	club	6
JROTC	clubs	6
JROTC	course	2
JROTC	curricular activities	2
JROTC	elective	2
JROTC	electives	2
JROTC	ensemble	2
JROTC	ensembles	2
JROTC	extracurricular activities	4
JROTC	following categories	2
JROTC	initiated many magnet programs	2
JROTC	non-core course	2
JROTC	organization	6
JROTC	organizations	4
JROTC	program	4
JROTC	recruitment activities	2
JROTC	sport	2
JROTC	sports	2
JROTC	student	2
JROTC	student-lead organizations	2
JROTC	students	2
JROTC	unit	2
JROTC	youth drill units	2
JROTC Complex	new school	2
JROTC Complex	school	2
JROTC program	activities	2
JROTC program	activity	2
JROTC programs	cadet's JROTC program	2
JRP	Zurich	4
JRP Speedway	Motor Racing	2
JRPGs	game	2
JRPGs	jo games	2
JRR	Author	2
JRR	Lawhead Favourite Author	2
JRR Tolkein	Inklings	2
JRR Tolkein	Oxford Inklings	2
JRR Tolkein	famous writers	2
JRR Tolkein	special interest subjects	2
JRR Tolkein	subject	2
JRR Tolkein	writer	2
JRR Tolkien	author	4
JRR Tolkien	best-selling authors	4
JRR Tolkien	mythology	2
JRR Tolkien	on modern mythology	2
JRR Tolkien	university	2
JRR Tolkien	writer	4
JRR Tolkien	writers	4
JRS	civil society groups	2
JRS	group	2
JRS	software house	2
JRS	software houses	2
JRSA project web sites	journal online resources	2
JRSA project web sites	online resource	2
JRT case managers	group	2
JRT case managers	stakeholder groups	2
JRTN	Insurgency	2
JRTN	Iraqi Insurgency	2
JRU Heavy Bombers	league	2
JRULM	colleague	4
JRULM	colleagues	4
JRY	earlier wage employment programmes	2
JRY	programme	2
JRY	scheme	2
JRY	schemes	2
JRiver Media Center	Music players	2
JRiver Media Center	player	2
JRiver Media Player	software	2
JRivera	RA	2
JRockit	JVMs	2
JRockit	product	2
JRockit	products	2
JRockit Java Virtual Machine	BEA's technology	2
JRockit Java Virtual Machine	technology	2
JRs	sector	2
JRs	sectors	2
JRuby	Java technologies	2
JRuby	Ruby	2
JRuby	Video presentation	2
JRuby	compatible languages	2
JRuby	data analysis	2
JRuby	language	6
JRuby	languages	4
JRuby	presentation	2
JRuby	project	2
JRuby	projects	2
JRuby	speed	2
JRuby	technology	2
JRules	makes products	2
JRules	milestone	2
JRules	product	2
JRun	EE application servers	2
JRun	Java application server	4
JRun	server	8
JRun	standalone application servers	2
JRun Studio	Dreamweaver MX	2
JRun Studio	MX	2
