HV	AC connections	2
HV	Canon	4
HV	Canon cameras	2
HV	Clinical staff	4
HV	Electrical works	2
HV	Elitserien	2
HV	Goalies	8
HV	Goaltenders	2
HV	IC	2
HV	Medals	4
HV	Sweden Goaltenders	2
HV	Turnkey projects	2
HV	camera	2
HV	capacitor inverter IC	2
HV	connection	2
HV	contact	2
HV	following letter-pairs	2
HV	integral Perl types	2
HV	pair	2
HV	polarization	2
HV	polarizations	2
HV	power systems	2
HV	project	2
HV	staff	4
HV	system	2
HV	team	2
HV	top team	2
HV	type	2
HV	work	2
HV Cert	Burley	2
HV Cert	Hosp Denise Burley	2
HV Diagnostics	portable oil testers	2
HV Diagnostics	tester	2
HV components Carry	downtime	2
HV components Carry	minimum downtime	2
HV switchroom	area	2
HV switchroom	separate areas	2
HV systems	area	2
HV systems	specialist areas	2
HV-5000XG	recall	2
HV-5100XG	recall	2
HV-7000SX	recall	2
HV-8000SX	recall	2
HVAC	Guestrooms sevicios art	2
HVAC	Services engineering vacancies	2
HVAC	Tiedeman office campus	2
HVAC	accessory	2
HVAC	amenity	2
HVAC	application	6
HVAC	applications	4
HVAC	area	6
HVAC	areas	2
HVAC	aspect	4
HVAC	aspects	4
HVAC	be	2
HVAC	broad service needs	2
HVAC	building	6
HVAC	building automation systems	2
HVAC	building engineering services	2
HVAC	building services	2
HVAC	building systems	4
HVAC	buildings	2
HVAC	buildings systems	2
HVAC	campus	2
HVAC	commercial building systems	2
HVAC	commercial services	2
HVAC	component	2
HVAC	control system	4
HVAC	control systems	2
HVAC	convenience systems	2
HVAC	critical infrastructure systems	4
HVAC	device	2
HVAC	devices	2
HVAC	efficient components	2
HVAC	efficient systems	2
HVAC	engine accessories	2
HVAC	environment	2
HVAC	environmental control systems	2
HVAC	environmental risk	2
HVAC	environmental risks	2
HVAC	equipment	2
HVAC	feature	2
HVAC	features	2
HVAC	field	2
HVAC	following areas	4
HVAC	function	2
HVAC	handling support functions	2
HVAC	high end utilities	2
HVAC	home	2
HVAC	home environment	2
HVAC	industrial products	2
HVAC	industries	2
HVAC	industry	2
HVAC	inefficient equipment	2
HVAC	infrastructure	2
HVAC	infrastructure systems will	2
HVAC	inventory management	2
HVAC	issue	2
HVAC	item	2
HVAC	items	2
HVAC	leak water	2
HVAC	location	2
HVAC	maintenance issues	2
HVAC	manufacturing systems	2
HVAC	mechanical engineering	2
HVAC	modern amenities	2
HVAC	necessary infrastructure	2
HVAC	need	2
HVAC	network	2
HVAC	noise	4
HVAC	on board vessels	2
HVAC	power generation systems	2
HVAC	product	10
HVAC	real-time inventory management	2
HVAC	related professional products	8
HVAC	section	2
HVAC	sections	2
HVAC	sensitive locations	2
HVAC	service	10
HVAC	services	4
HVAC	subsystem	8
HVAC	subsystems	8
HVAC	system	24
HVAC	systems	2
HVAC	technical fields	2
HVAC	technology applications	2
HVAC	trade	4
HVAC	trades	4
HVAC	upgrade	2
HVAC	upgrades	2
HVAC	utility	2
HVAC	vacancy	2
HVAC	vessel	2
HVAC	water	2
HVAC	will	2
HVAC applications	automotive electronics products	2
HVAC applications	product	2
HVAC assemblies	climate control products	2
HVAC assemblies	product	2
HVAC chillers	application	2
HVAC chillers	heat transfer applications	2
HVAC contractor	building trade	2
HVAC contractor	building trades	2
HVAC controls	application	2
HVAC controls	applications	2
HVAC design	area	2
HVAC design	new areas	2
HVAC ducts	apparatus	2
HVAC ducts	element	2
HVAC ducts	exposed structural elements	2
HVAC ducts	obstructions make use	2
HVAC ducts	up dust containment apparatuses	2
HVAC ducts	use	2
HVAC ductwork	application	2
HVAC ductwork	fire-stop applications	2
HVAC equipment	school	2
HVAC equipment	schools	2
HVAC inspections	environmental testing	2
HVAC inspections	test	2
HVAC maintenance	HVAC	2
HVAC market	application	2
HVAC market	single drives application	2
HVAC piping	building grounding system	2
HVAC piping	system	2
HVAC products	Energy Star products	2
HVAC roof top	roof	2
HVAC sector	single user	2
HVAC sector	user	2
HVAC smoke pencils	flammable substances	2
HVAC smoke pencils	substance	2
HVAC specialists	craftsman	2
HVAC specialists	skilled craftsman	2
HVAC system	base building elements	2
HVAC system	building systems	2
HVAC system	creature comforts	2
HVAC system	element	2
HVAC system	equipment settings	2
HVAC system	function	4
HVAC system	functions	2
HVAC system	modern creature comforts	2
HVAC system	setting	2
HVAC system	specific building functions	2
HVAC system cycling	ambient noise level	2
HVAC system cycling	noise level	2
HVAC system management	related subjects	2
HVAC system management	subject	2
HVAC system noise	broadband noise	4
HVAC systems	Climate control	2
HVAC systems	air moving applications	2
HVAC systems	application	6
HVAC systems	applications	4
HVAC systems	control	2
HVAC systems	distributed system	2
HVAC systems	distributed systems	2
HVAC systems	element	4
HVAC systems	equipment	2
HVAC systems	feature	2
HVAC systems	features	2
HVAC systems	green elements	4
HVAC systems	improvement	2
HVAC systems	industrial equipment	2
HVAC systems	item	2
HVAC systems	items	2
HVAC systems	need	4
HVAC systems	needs	4
HVAC systems	qualifying home improvements	2
HVAC systems	surface	2
HVAC systems	surfaces	2
HVAC systems settings	System information	2
HVAC systems settings	information	2
HVAC technicians	sheet metal workers	2
HVAC technicians	weekend	2
HVAC technicians	worker	2
HVAC thermostats	appliance	2
HVAC thermostats	appliances	2
HVAC units	appliance	2
HVAC units	city operations	2
HVAC units	home appliances	2
HVAC units	operation	2
HVAC upgrade	Charlestown	2
HVAR	CROATIA	2
HVB	Affected banks	2
HVB	Bavaria	4
HVB	bank	6
HVB	bank in Bavaria	4
HVB	banking stocks	2
HVB	banks	4
HVB	companies	2
HVB	company	4
HVB	creditor bank	6
HVB	creditor banks	6
HVB	international bank	2
HVB	international banks	2
HVB	international companies	2
HVB	rival	4
HVB	rivals	4
HVB Group	German banks	2
HVB Group	German rivals	4
HVB Group	bank	10
HVB Group	banks	8
HVB Group	rival	4
HVC series systems	AddPac	2
HVCA	design guides	2
HVCA	guide	2
HVCA	industry organisations	2
HVCA	institution	2
HVCA	makes institutions	2
HVCA	organisation	2
HVCCA	Matters	2
HVCCA	Size Matters	2
HVCEO study	initiative	2
HVD	Divisions	2
HVD	house	2
HVD	production houses	2
HVDC	Unlike power electronics solutions	2
HVDC	application	4
HVDC	connection	2
HVDC	high voltage applications	2
HVDC	high-voltage applications	2
HVDC	power connections	2
HVDC	see	4
HVDC	solution	2
HVDC	transmission see	4
HVDC MaxSine	Current installations	2
HVDC MaxSine	installation	2
HVDC PLUS	Current installations	2
HVDC PLUS	installation	2
HVDC Zhoushan	connection	2
HVDC Zhoushan	power connections	2
HVDC link	asynchronous tie	2
HVDC link	tie	2
HVDC power transmission	application	2
HVDC power transmission	high power applications	2
HVH	group	2
HVH	outdoors group	2
HVK	Morgan horses	2
HVK	horse	2
HVK Bell Flaire	Morgan horses	2
HVK Bell Flaire	horse	2
HVLA	modality	2
HVLA	treatment modalities	2
HVM	delegates temporary structures	2
HVM	structure	2
HVM Racing	team	2
HVM Racing	teams	2
HVM Stormer	detachment	2
HVM Stormer	detachments	2
HVO	side	2
HVO	sides	2
HVO SARAJEVO	after Moslem ambush	2
HVO SARAJEVO	ambush	2
HVO ZAGREB	pre-ceasefire rush	2
HVO ZAGREB	pre-ceasfire rush	2
HVO ZAGREB	rush	4
HVO commander	Hague	2
HVO members	people	2
HVOF	Structural materials	4
HVOF	material	4
HVOF technology	cover	2
HVOF technology	will cover	2
HVOROSTOVSKY	E MUSIC REVIEW	2
HVOROSTOVSKY	MUSIC REVIEW	2
HVOROSTOVSKY	REVIEW	4
HVP	information	2
HVP	ingredient	2
HVP	savoury ingredients	2
HVPA	oil price	2
HVPA	residual fuel oil prices	2
HVPE design	Bath University	2
HVPE design	University	2
HVR	Hauppage products	2
HVR	analogue	2
HVR	model	2
HVR	movement	2
HVR	plunging movement	2
HVR	product	2
HVR	stock today	2
HVR	third-generation Sony models	2
HVR	today	2
HVR Cassandra	hazard logs	2
HVR Cassandra	log	2
HVS	gammaherpesviruses	2
HVS	information	2
HVS	third party	2
HVS	vessel information	2
HVS Evening Wall	Climbs	2
HVS Evening Wall	Favourite Climbs	2
HVS Pluto	Climbs	2
HVS Pluto	Favourite Climbs	2
HVSS suspension	development	4
HVSS suspension	examining developments	4
HVT	status	4
HVTN	efficacy	2
HVV	club	2
HVV	lower division clubs	2
HVV 't Gooi	Division	2
HVV 't Gooi	II	10
HVV 't Gooi	West-II	10
HVV 't Gooi	division	2
HVV 't Gooi	divisions	2
HVV 't Gooi	nd Division	2
HVV Den Haag	Division	2
HVV Den Haag	II	4
HVV Den Haag	West-II	4
HVV Den Haag	Western Division	2
HVV Hengelo	Division East	2
HVV Hengelo	East	2
HVX	equipment	2
HVX	on request	2
HVX	request	2
HVXC	audio formats	2
HVXC	format	2
HVZ trains	Rolling stock	2
