UC	4-0 record	4
UC	AD Product Page	2
UC	CC	2
UC	Campus Life	2
UC	Chair	2
UC	Lerach said investors	4
UC	Life	2
UC	Modern products	2
UC	Page	2
UC	Program Committee Chair	2
UC	Public universities	2
UC	RE	2
UC	Research universities	2
UC	building	2
UC	buildings	2
UC	campus	2
UC	campuses	2
UC	carboxanilides	2
UC	chronic illnesses	2
UC	college	2
UC	colleges	2
UC	company	2
UC	contest	2
UC	employer	2
UC	firm	2
UC	firms	2
UC	green building practices	2
UC	history	2
UC	illness	2
UC	industry	2
UC	instant messaging services	2
UC	institution	4
UC	institutions	2
UC	international organisations	2
UC	investor	4
UC	last four contests	2
UC	metals companies	2
UC	organisation	2
UC	practice	2
UC	product	2
UC	publication	2
UC	publications	2
UC	race	2
UC	record	4
UC	research institutions	2
UC	school	2
UC	schools	2
UC	season	4
UC	section	2
UC	service	2
UC	steel section	2
UC	team	2
UC	university	4
UC	version	2
UC Baby	retailer	2
UC Baby	through retailers	2
UC Berekeley	Berkeley	2
UC Berkeley	American school	2
UC Berkeley	American schools	2
UC Berkeley	American universities	4
UC Berkeley	Audiocassette	2
UC Berkeley	Bay	2
UC Berkeley	Bay Area	2
UC Berkeley	Bay Area colleges	2
UC Berkeley	CA College	2
UC Berkeley	California	4
UC Berkeley	California campuses	2
UC Berkeley	California universities	2
UC Berkeley	Campuses	2
UC Berkeley	College	2
UC Berkeley	East Bay	2
UC Berkeley	Economics	2
UC Berkeley	Education	2
UC Berkeley	Heinrich W??lfflin	2
UC Berkeley	Institutions	2
UC Berkeley	Internet	2
UC Berkeley	Japan	2
UC Berkeley	King	4
UC Berkeley	Main collaborations	2
UC Berkeley	North American universities	2
UC Berkeley	Pictoriality Speaker	2
UC Berkeley	Places	2
UC Berkeley	San Francisco Bay Area	2
UC Berkeley	Speaker	2
UC Berkeley	UC campuses	2
UC Berkeley	UC's nine campuses	2
UC Berkeley	US universities	2
UC Berkeley	United States	12
UC Berkeley	Universities	4
UC Berkeley	W??lfflin	2
UC Berkeley	above elite schools	2
UC Berkeley	alga	2
UC Berkeley	algae	2
UC Berkeley	big-name business schools	2
UC Berkeley	billing	2
UC Berkeley	business school	2
UC Berkeley	campus	18
UC Berkeley	campuses	6
UC Berkeley	club	2
UC Berkeley	clubs	2
UC Berkeley	collaboration	2
UC Berkeley	collaborative academic institutions	2
UC Berkeley	colleague	4
UC Berkeley	colleagues	4
UC Berkeley	college	22
UC Berkeley	colleges	14
UC Berkeley	competitive campuses	4
UC Berkeley	competitive graduate schools	2
UC Berkeley	continent	2
UC Berkeley	continents	2
UC Berkeley	country	4
UC Berkeley	educational institution	2
UC Berkeley	educational institutions	2
UC Berkeley	elite public California schools	2
UC Berkeley	elite universities	4
UC Berkeley	employer	2
UC Berkeley	employers	2
UC Berkeley	event	2
UC Berkeley	few notable universities	2
UC Berkeley	four-year universities	4
UC Berkeley	graduate school	2
UC Berkeley	group	2
UC Berkeley	groups	2
UC Berkeley	hands-on events	2
UC Berkeley	higher education institutes	2
UC Berkeley	improper billings	2
UC Berkeley	institute	2
UC Berkeley	institution	16
UC Berkeley	institutions	8
UC Berkeley	invitation	2
UC Berkeley	invitationals	2
UC Berkeley	leading universities	2
UC Berkeley	lectures in universities	2
UC Berkeley	local college teams	2
UC Berkeley	local colleges	4
UC Berkeley	local schools	2
UC Berkeley	nation	2
UC Berkeley	on a few Campuses	2
UC Berkeley	on schools	2
UC Berkeley	overseas	2
UC Berkeley	past	2
UC Berkeley	play in college	2
UC Berkeley	prestigious Universities	2
UC Berkeley	prestigious engineering programs	2
UC Berkeley	prestigious institutions	2
UC Berkeley	prestigious national invitationals	2
UC Berkeley	prestigious national invitations	2
UC Berkeley	prestigious universities	2
UC Berkeley	program	2
UC Berkeley	public institutions	2
UC Berkeley	s Partner Institutions	2
UC Berkeley	school	20
UC Berkeley	schools	10
UC Berkeley	selective campuses	2
UC Berkeley	selective universities	2
UC Berkeley	semester schools	2
UC Berkeley	source	2
UC Berkeley	sources	2
UC Berkeley	state institution	4
UC Berkeley	state institutions	4
UC Berkeley	stop	2
UC Berkeley	stops	2
UC Berkeley	team	4
UC Berkeley	teams	2
UC Berkeley	top US institutions	2
UC Berkeley	top universities overseas	2
UC Berkeley	universities	40
UC Berkeley	university	70
UC Berkeley	university campus	2
UC Berkeley	university campuses	2
UC Berkeley	venue	2
UC Berkeley	venues	2
UC Berkeley	world	6
UC Berkeley	world's top universities	2
UC Berkeley Art	world	2
UC Berkeley Events	Video	2
UC Berkeley Extension	Bay Area locations	2
UC Berkeley Extension	location	2
UC Berkeley Extension	prominent universities	2
UC Berkeley Extension	university	2
UC Berkeley Police Chief	position	2
UC Berkeley Police Chief	positions	2
UC Berkeley Professor	government	2
UC Berkeley Professor	label	2
UC Berkeley Professor	poet	2
UC Berkeley Professor	poets	2
UC Berkeley Radio	radio station	2
UC Berkeley Radio	radio stations	2
UC Berkeley TBA	June	2
UC Berkeley alumni	civic leader	2
UC Berkeley alumni	civic leaders	2
UC Berkeley biologist	scientist	2
UC Berkeley biologist	scientists	2
UC Berkeley business school	luminaries	2
UC Berkeley business school	luminary	2
UC Berkeley campus	Today	2
UC Berkeley economics	institution	2
UC Berkeley economics	institutions	2
UC Berkeley faculty	association-member universities	2
UC Berkeley faculty	university	2
UC Berkeley graduate	fifth heat	2
UC Berkeley graduate	heat	2
UC Berkeley professor	Economic historians	2
UC Berkeley professor	face	2
UC Berkeley professor	health expert	2
UC Berkeley professor	health experts	2
UC Berkeley professor	historian	2
UC Berkeley researchers	Scientists	2
UC Berkeley website	Source	2
UC Berkely	United States	2
UC Berkley	nation	2
UC Board	time	2
UC Board	turbulent times	2
UC Browser Mini	Play	2
UC Browser Mini	on Google Play	2
UC Convocation	event	2
UC Convocation	events	2
UC Convocation	performance	2
UC Convocation	performances	2
UC Cooperative Extension	contact	2
UC Davis	California public universities	2
UC Davis	California universities	2
UC Davis	Division I schools	2
UC Davis	Education	2
UC Davis	I-AA schools	2
UC Davis	Image	2
UC Davis	NCAA teams	2
UC Davis	Take	2
UC Davis	United States	2
UC Davis	Universities	2
UC Davis	academic institutions	2
UC Davis	adult films in schools	2
UC Davis	agreement	4
UC Davis	agricultural universities	4
UC Davis	campus	4
UC Davis	campuses	4
UC Davis	club	2
UC Davis	clubs	2
UC Davis	college	4
UC Davis	college town	2
UC Davis	covers in college towns	2
UC Davis	educational institution	2
UC Davis	educational institutions	2
UC Davis	hospital	2
UC Davis	institution	4
UC Davis	local colleges	2
UC Davis	medical school	2
UC Davis	medical schools	2
UC Davis	opponent	2
UC Davis	partnership	2
UC Davis	play in college	2
UC Davis	prestigious institutions	2
UC Davis	public-private partnership	2
UC Davis	school	10
UC Davis	schools	4
UC Davis	site	2
UC Davis	student government	4
UC Davis	student governments	4
UC Davis	studied magnet hospitals	2
UC Davis	team	2
UC Davis	top conference opponents	2
UC Davis	universities	6
UC Davis	university	14
UC Davis	upset	4
UC Davis Bookstore	establishment	2
UC Davis Bookstore	establishments	2
UC Davis Chancellor	administrator	4
UC Davis Chancellor	administrators	4
UC Davis Chancellor	leadership	2
UC Davis Chancellor	officer	2
UC Davis Chancellor	professional leadership	2
UC Davis Chancellor	university's principal officers	2
UC Davis Health System	Contact	4
UC Davis Medical	California teaching hospitals	4
UC Davis Medical	Davis	2
UC Davis Medical	facilities	2
UC Davis Medical	facility	2
UC Davis Medical	five UC hospitals	2
UC Davis Medical	hospital	2
UC Davis Medical	teaching hospital	4
UC Davis Police Department	agency	2
UC Davis Police Department	public agencies	2
UC Davis Symphony Orchestra	Ma	2
UC Davis Symphony Orchestra	Yo-Yo Ma	2
UC Davis Veterinary	program	2
UC Davis Veterinary	shelter medicine programs	2
UC Davis officials	June	4
UC Davis officials	late June	4
UC Davis veterinary medicine	information	8
UC Discovery Program	funding agencies	2
UC Discovery Program	funding agency	2
UC Extension	activities	2
UC Extension	activity	2
UC II	history	2
UC II	submarine design in history	2
UC Irvine	California	4
UC Irvine	California campuses	2
UC Irvine	Current position	2
UC Irvine	Division I schools	2
UC Irvine	NICE STORY	2
UC Irvine	STORY	2
UC Irvine	Sources	2
UC Irvine	Southern California	4
UC Irvine	UC schools	2
UC Irvine	US contacts	2
UC Irvine	West teams	2
UC Irvine	artist	2
UC Irvine	billing	2
UC Irvine	campus	8
UC Irvine	campuses	6
UC Irvine	colleague	2
UC Irvine	colleagues	2
UC Irvine	contact	2
UC Irvine	educational institution	2
UC Irvine	educational institutions	2
UC Irvine	guarantee	2
UC Irvine	guarantees	2
UC Irvine	improper billings	2
UC Irvine	local teams	2
UC Irvine	pattern	2
UC Irvine	position	2
UC Irvine	program	2
UC Irvine	research schools	2
UC Irvine	school	6
UC Irvine	team	6
UC Irvine	teams	2
UC Los Angeles	college	2
UC Los Angeles	colleges	2
UC Marching Band	Bearcat band	2
UC Marching Band	band	2
UC Med Center	audience	2
UC Merced	campus	2
UC Merced	campuses	2
UC Najiali Nakkra	area	2
UC Office	Government offices	2
UC Physicians	entities	2
UC Physicians	entity	2
UC President Richard	Administration officials	2
UC President Robert	California educators	2
UC President Robert	approval	2
UC President Robert	educator	2
UC President Robert	executive	2
UC President Robert	seeking approval	2
UC President Robert	top UC executives	2
UC Press	legitimate publisher	4
UC Press	publisher	4
UC Regent Bruce	Inland residents	2
UC Regent Bruce	resident	2
UC Research Expeditions	organization	2
UC Research Expeditions	organizations	2
UC Riverside	California campuses	2
UC Riverside	California public universities	2
UC Riverside	California universities	2
UC Riverside	West teams	2
UC Riverside	billing	2
UC Riverside	campus	4
UC Riverside	competitive campuses	2
UC Riverside	improper billings	2
UC Riverside	public school	2
UC Riverside	public schools	2
UC Riverside	school	4
UC Riverside	schools	4
UC Riverside	team	2
UC Riverside	university	4
UC Riverside	year	2
UC Riverside Extension	CA	4
UC Riverside Extension	California	4
UC Riverside physicist	age	2
UC Riverside physicist	young age	2
UC Rusal	MOSCOW	2
UC Rusal	bankruptcy-company-Rusal MOSCOW	2
UC Rusal	company	2
UC Rusal	firm	2
UC Rusal	foreign firms	2
UC Rusal	small-size companies	2
UC Sampdoria	glorious teams	2
UC Sampdoria	team	2
UC San Diego	CHARGERS PLAYERS REPORT	2
UC San Diego	California campuses	2
UC San Diego	California public universities	2
UC San Diego	PLAYERS REPORT	2
UC San Diego	REPORT	4
UC San Diego	UC schools	2
UC San Diego	billing	2
UC San Diego	campus	4
UC San Diego	competitive campuses	2
UC San Diego	grant	2
UC San Diego	improper billings	2
UC San Diego	opponent	2
UC San Diego	recession	2
UC San Diego	regional recession	2
UC San Diego	school	8
UC San Diego	schools	6
UC San Diego	team	2
UC San Diego	teams	2
UC San Diego	top conference opponents	2
UC San Diego	universities	6
UC San Diego	university	8
UC San Francisco	UC's nine campuses	2
UC San Francisco	campus	2
UC San Francisco	client	2
UC San Francisco	clients	2
UC San Francisco	few medical schools	2
UC San Francisco	hospital	4
UC San Francisco	medical school	2
UC San Francisco	top research hospitals	4
UC San Francisco	universities	2
UC San Francisco	university	2
UC San Francisco Medical	group	2
UC San Francisco Medical	youth groups	2
UC San Francisco set	school	2
UC San Francisco set	see schools	2
UC Santa Barbara	American school	2
UC Santa Barbara	American schools	2
UC Santa Barbara	California	6
UC Santa Barbara	Contact	2
UC Santa Barbara	Southern California	4
UC Santa Barbara	UC schools	2
UC Santa Barbara	West teams	2
UC Santa Barbara	academic institutions	2
UC Santa Barbara	billing	2
UC Santa Barbara	college	6
UC Santa Barbara	colleges	2
UC Santa Barbara	descending order	2
UC Santa Barbara	improper billings	2
UC Santa Barbara	institution	2
UC Santa Barbara	lab	2
UC Santa Barbara	labs	2
UC Santa Barbara	local universities	2
UC Santa Barbara	opponent	2
UC Santa Barbara	opponents	2
UC Santa Barbara	order	2
UC Santa Barbara	pattern	2
UC Santa Barbara	play in college	2
UC Santa Barbara	private colleges	2
UC Santa Barbara	school	6
UC Santa Barbara	schools	2
UC Santa Barbara	team	2
UC Santa Barbara	university	2
UC Santa Barbara Alumni	Contact	2
UC Santa Cruz	Bay Area	2
UC Santa Cruz	California public universities	2
UC Santa Cruz	Education	2
UC Santa Cruz	Instructor	2
UC Santa Cruz	San Francisco Bay Area	2
UC Santa Cruz	billing	2
UC Santa Cruz	campus	2
UC Santa Cruz	competitive campuses	2
UC Santa Cruz	improper billings	2
UC Santa Cruz	nation	2
UC Santa Cruz	place	2
UC Santa Cruz	places	2
UC Santa Cruz	school	4
UC Santa Cruz	schools	2
UC Santa Cruz	universities	2
UC Santa Cruz	university	4
UC Santa Cruz	venue	2
UC Santa Cruz	venues	2
UC Stanford	Universities	2
UC Stanford	prestigious Universities	2
UC System	institution	2
UC System	local institutions	2
UC Verde Buffalograss	plant	2
UC Verde Buffalograss	tolerant plants	2
UC campus	Davis	2
UC campus	urban Davis	2
UC debating club	organisation	2
UC debating club	student organisations	2
UC grants	financial aid	2
UC make	research universities	4
UC make	university	4
UC president	UC leaders	4
UC president	leader	4
UC researchers	professor	2
UC researchers	professors	2
UC schools	private universities	2
UC schools	public universities	2
UC schools	university	4
UC tuition	income tax	2
UC workers	employee	4
UC workers	employees	4
UC-45 Expeditor	aircraft	2
UC-45 Expeditor	retired training aircraft	2
UC-Berkeley	North America	2
UC-Berkeley	campus	4
UC-Berkeley	campuses	2
UC-Berkeley	chancellor	2
UC-Berkeley	college	2
UC-Berkeley	colleges	2
UC-Berkeley	educational institution	2
UC-Berkeley	educational institutions	2
UC-Berkeley	new chancellors	2
UC-Berkeley	on campuses	2
UC-Berkeley	school	4
UC-Berkeley	schools	4
UC-Berkeley	universities	2
UC-Berkeley	universities working	2
UC-Berkeley	university	2
UC-Berkeley	work	2
UC-Berkeley student Scott Kamena	affirmative action	2
UC-Davis quarterback	Denham	2
UC-Davis quarterback	Greg Denham	2
UC-Irvine	disaster	2
UC-Irvine	public-relations disaster	2
UC-Irvine bound guard Derrick	team	2
UC-Riverside	Favorites	2
UC-Riverside	campus	2
UC-Riverside	lesser-known campuses	2
UC-Santa Barbara	Fresno	4
UC-Santa Barbara	campus	2
UC-Santa Barbara	campuses	2
UC-Santa Barbara	playing in Fresno	4
UC-Santa Cruz	school	2
UC-Santa Cruz	schools	2
UCA	COACHES	2
UCA	college	2
UCA	colleges	2
UCA	competition	2
UCA	national competitions	2
UCA Library	space	2
UCA Library	spaces	2
UCA cost	minnow	2
UCA cost	minnows	2
UCA editores	Salvador	2
UCA editores	San Salvador	2
UCAA	collegiate leagues	2
UCAA	league	2
UCAC	Teachers' side	2
UCAC	catalog	2
UCAC	catalogs	2
UCAC	catalogue	2
UCAC	catalogues	2
UCAC	side	2
UCAL University	college	2
UCAL University	colleges	2
UCAR International	company	4
UCAR International	investments in companies	4
UCAS	Address	6
UCAS	Application agencies	2
UCAS	Bodies	2
UCAS	Clearing House application system	2
UCAS	External Bodies	2
UCAS	Keywords	2
UCAS	Mail	2
UCAS	Next Seminar	2
UCAS	Processes	2
UCAS	Seminar	2
UCAS	Subject Area	6
UCAS	UCAS Address	2
UCAS	UCAS postal address	2
UCAS	UK higher education institutions	2
UCAS	address	8
UCAS	admissions schemes	2
UCAS	admissions service	2
UCAS	agencies	4
UCAS	agency	8
UCAS	aggregators	2
UCAS	area	2
UCAS	bodies	2
UCAS	body	8
UCAS	channel	2
UCAS	choice	4
UCAS	clearing house	4
UCAS	closing date	2
UCAS	contact	2
UCAS	data	2
UCAS	detailed information	2
UCAS	education institution	4
UCAS	entry qualifications Subject Area	2
UCAS	external sources	6
UCAS	fixed closing dates	2
UCAS	following address	8
UCAS	government agencies	2
UCAS	government agency	2
UCAS	higher education	4
UCAS	higher education institutions	2
UCAS	influential bodies	2
UCAS	information	2
UCAS	international organisations	2
UCAS	key areas	2
UCAS	key external agencies	2
UCAS	life	2
UCAS	national bodies	2
UCAS	national bodies in higher education	2
UCAS	objective	2
UCAS	on subjects	2
UCAS	organisation	6
UCAS	organisations	2
UCAS	partner	4
UCAS	partners	4
UCAS	partnership organisations	2
UCAS	post	2
UCAS	postal address	2
UCAS	relevant body	2
UCAS	scheme	2
UCAS	service	2
UCAS	site	4
UCAS	sites	2
UCAS	source	10
UCAS	sources	4
UCAS	strategic objectives	2
UCAS	subject	2
UCAS	system	4
UCAS	systems Processes	2
UCAS	through UCAS Subject Area	4
UCAS	through daily life	2
UCAS	topics	2
UCAS	uk Mail	2
UCAS	useful sites	2
UCAS	usual channels	2
UCAS	website	2
UCAS	websites	2
UCAS Application Form	need	2
UCAS Application Form	will need	2
UCAS Application Requests	contact	2
UCAS Application Requests	post	2
UCAS Applications	Categories	2
UCAS Applications	Experts Directory Categories	2
UCAS Code	Mode	2
UCAS Data Advisory Group	working group	2
UCAS Data Advisory Group	working groups	2
UCAS Directory	directory	2
UCAS Directory	keep course directories	2
UCAS Electronic Applications	database	2
UCAS Electronic Applications	databases	2
UCAS Enquiries	Address	2
UCAS Enquiries	Mail	2
UCAS Enquiries	UCAS	2
UCAS Enquiries	uk Address	2
UCAS Enquiries	uk Mail	2
UCAS GAMSAT Office	UCAS	2
UCAS Rose Hill	Colleges Admissions Service	2
UCAS Rose Hill	Service	2
UCAS Rosehill	address	2
UCAS Rosehill	contact	4
UCAS Rosehill	contact UCAS application requests	2
UCAS Rosehill	request	2
UCAS Rosehill	useful contacts	2
UCAS University	higher education reference books	4
UCAS University	reference book	4
UCAS University	source	2
UCAS University	sources	2
UCAS Working Group	working group	2
UCAS Working Group	working groups	2
UCAS application deadlines	academic year	2
UCAS application process	thing	2
UCAS application process	things	2
UCAS applications	Margaret Robinson	2
UCAS applications	Robinson	2
UCAS applications	Secondary data	8
UCAS applications	academic year	2
UCAS applications	agreed instances	2
UCAS applications	data	12
UCAS applications	exam	4
UCAS applications	exams	4
UCAS applications	instance	2
UCAS applications	on a specific subject area	2
UCAS applications	previous academic year	2
UCAS applications	subject area	2
UCAS code	Leisure Management course	2
UCAS code	Tourism Management course	2
UCAS code	course	4
UCAS codes	fact	4
UCAS codes	facts	4
UCAS codes	full course details here	30
UCAS codes	here	60
UCAS codes	information	2
UCAS database	Caltech asteroids database	2
UCAS database	asteroids database	4
UCAS days	events check re	4
UCAS days	re	4
UCAS details	course	4
UCAS details	undergraduate courses	4
UCAS entry fees	item	2
UCAS entry fees	items	2
UCAS form	Evidence	2
UCAS form	file	2
UCAS form	relevant student files	2
UCAS form	specific area	2
UCAS form	specific areas	2
UCAS handbook	information	2
UCAS handbook	published information	2
UCAS numbers	full listings	2
UCAS numbers	listing	2
UCAS offer	provider	2
UCAS offer	providers	2
UCAS personal statement	way	2
UCAS personal statement	ways	2
UCAS preparation	Activities	2
UCAS preparation	Recreational Activities Activities	2
UCAS procedures	change	2
UCAS procedures	changes	2
UCAS processes	degree	2
UCAS processes	new degree	2
UCAS profiles	HE	2
UCAS tariff point	detail	2
UCAS tariff point	further details	2
UCAS visit days	Departmental visit activities	2
UCAS visit days	activity	2
UCAS website	resource	2
UCAS website	resources	2
UCAS website	websites	2
UCAS websites	source of information	2
UCAS websites	sources of information	2
UCATT	British Trade Union	2
UCATT	Council Staff Side	2
UCATT	European courts	2
UCATT	Side	2
UCATT	Trade Union	2
UCATT	branch	2
UCATT	court	2
UCATT	four unions	2
UCATT	organisation	8
UCATT	organisations	4
UCATT	union	4
UCATT	union branches	2
UCATT	unions	2
UCATT Mr George	follow	2
UCATT Mr George	follows	2
UCAV demonstrator nEUROn	European joint projects	2
UCAV demonstrator nEUROn	project	2
UCAVs	aircraft	2
UCAWA	AD Product Page	2
UCAWA	Page	2
UCB	Bands	2
UCB	Dollar earners	4
UCB	Factory Outlets	2
UCB	Genie	2
UCB	Outlets	2
UCB	branded showrooms	2
UCB	commercial bank	4
UCB	companies	2
UCB	company	2
UCB	earner	12
UCB	earners	8
UCB	group	2
UCB	groups	2
UCB	haunt	2
UCB	prize	2
UCB	prizes	2
UCB	project Genie	2
UCB	showroom	2
UCB	usual haunts	2
UCB BB Equity	company news	2
UCB BB Equity	news	2
UCB Bowl	commercial names	2
UCB Bowl	name	2
UCB Common	external interface	2
UCB Common	interface	2
UCB Home Loans	Society	4
UCB KOM climbs	Georgia	2
UCB Pharma	biotechnology companies	2
UCB Pharma	biotechnology company	2
UCB Pharma	client	2
UCB Pharma	clients	2
UCB Pharma	company	10
UCB Pharma	drug companies	2
UCB Pharma	drug company	2
UCB Pharma	pharma companies	10
UCB Pharma Ltd	source	2
UCB Pharma Ltd	sources	2
UCB SA	Index stocks	2
UCB SA	boosting exporters	2
UCB SA	company	4
UCB SA	cyclical stock	2
UCB SA	cyclical stocks	2
UCB SA	depressed dollar-earners	2
UCB SA	earner	8
UCB SA	earners	2
UCB SA	exporter	4
UCB SA	exporters	2
UCB SA	hurt dollar earners	2
UCB SA	lifting dollar earners	2
UCB SA	particular chemical companies	4
UCB SA	pharmaceutical stocks	2
UCB SA	share	2
UCB SA	stock	4
UCB SA	stronger dollar boosting shares	2
UCB SA while	earner	2
UCB SA while	earners	2
UCB Talk	UCB networks	2
UCB Talk	network	2
UCB Theatre	location	2
UCB Theatre	locations	2
UCB chief SYDNEY	SAfrican cricket	2
UCB chief SYDNEY	cricket	2
UCB must	organisation	2
UCBC	Durham	2
UCBC	board	2
UCBC	community boards	2
UCBC	society in Durham	2
UCC	Endocrine Disorders in Old	2
UCC	Old	2
UCC	Upper Canada establishment	2
UCC	collection	2
UCC	department	2
UCC	establishment	2
UCC	independent school	2
UCC	information	2
UCC	kidney cancer	2
UCC	leading organizations	2
UCC	lender	4
UCC	organization	2
UCC	public collections	2
UCC	school	2
UCC	thriving Irish language departments	2
UCC	universities	2
UCC	university	2
UCC	vital information	2
UCC RC	Lee	2
UCC RC	river Lee	2
UCC congregations	setting	2
UCC congregations	settings	2
UCC staff	Joint assignments	2
UCC staff	assignment	2
UCC's Buford	marketer	2
UCC's Buford	professional marketers	2
UCC's Governing Authority	committee	2
UCC's Governing Authority	committees	2
UCC-1 filings in construction	industries	2
UCC-1 filings in construction	industry	2
UCCA	Source	2
UCCA in Beijing	world	2
UCCCMI	religious group	2
UCCE	AD Product Page	4
UCCE	Page	4
UCCE	first-class status	8
UCCE	status	8
UCCF	belief	2
UCCF	organisation	8
UCCF	organisations	4
UCCF	student organisations	2
UCCJEA	child custody law	2
UCCJEA	law	2
UCCP	Protestants groups	2
UCCP	group	2
UCCP	religion	2
UCCnet	industry-leading data pools	2
UCCnet	leading data pool services	2
UCCnet	pool	2
UCCnet	service	2
UCCnet Inc	system	2
UCCnet Inc	systems	2
UCCnet Services	leading data pool services	2
UCCnet Services	service	2
UCCs	Media contents	2
UCCs	content	2
UCD	Ireland	2
UCD	University in Ireland	2
UCD	club	2
UCD	column	2
UCD	department	2
UCD	existing design methodologies	2
UCD	homozygous chicken lines	2
UCD	inauguration	2
UCD	item	2
UCD	leading organizations	2
UCD	line	2
UCD	member	2
UCD	members	2
UCD	metadata items	2
UCD	methodology	2
UCD	organization	2
UCD	rowing clubs	2
UCD	team	4
UCD	teams	4
UCD	thriving Irish language departments	2
UCD	universities	2
UCD	university	2
UCD Computing Services	Interview	2
UCD Computing Services	UCD Interview	2
UCD Dublin	North America	2
UCD GAA field	educational institution	2
UCD GAA field	educational institutions	2
UCD Marian	team	2
UCD Marian	teams	2
UCD Michael Smurfit	Europe	2
UCD Michael Smurfit	business schools in Europe	2
UCD Press	Dublin	4
UCD Student Union	College's societies	2
UCD Student Union	society	2
UCD staff	British war effort	2
UCD staff	war effort	2
UCD's last goal	league goals	2
UCDA	government authorities	2
UCDA	government authority	2
UCDs	column	2
UCE	Contact	2
UCE	National exams	2
UCE	Universities	2
UCE	country	2
UCE	exam	2
UCE	institution	4
UCE	local institutions	2
UCE	local universities	4
UCE	outstanding institution	2
UCE	place	2
UCE	places	2
UCE	provider	2
UCE	providers	2
UCE	universities	4
UCE	university	8
UCE Birmingham	Business Schools	2
UCE Birmingham	Example	2
UCE Birmingham	Finding books	4
UCE Birmingham	book	4
UCE Birmingham	computer skills	2
UCE Birmingham	contact	2
UCE Birmingham	skill	2
UCE Birmingham	top Business Schools	2
UCE Birmingham Conservatoire	arts training institutions	2
UCE Birmingham Conservatoire	institution	2
UCE Birmingham Institute	arts training institutions	2
UCE Birmingham Institute	institution	2
UCE Business School	address	2
UCE Business School	event	2
UCE Business School	following address	2
UCE Business School	future events	2
UCE departments	universities	2
UCE departments	university	2
UCEA	Employers' side	2
UCEA	Location	2
UCEA	bodies	2
UCEA	body	2
UCEA	offer	2
UCEA	publications UCEA Location	2
UCEA	side	2
UCEEL	Homepage	2
UCEEL	Library Homepage	2
UCEEL	UCE libraries	2
UCEEL	electronic resources	2
UCEEL	library	2
UCEEL	resource	2
UCEEL	subscription service	2
UCEEL	subscription services	2
UCEEL items	electronic resources will	2
UCEEL items	will	2
UCEP	parties	2
UCEP	party	2
UCET	Conference	2
UCET	DEL May Conference	2
UCET	Introduction	2
UCET	Plenary Sessions Introduction	2
UCET	organisation	2
UCET	organisations	2
UCET Cymru	organisation	4
UCET Cymru	related organisations	4
UCET Cymru Name	Contact name	2
UCET Cymru Name	name	2
UCET Post	agencies	2
UCET Post	agency	2
UCET Seminars	Forward	2
UCET Seminars	Way Forward	2
UCET representation	group	2
UCF	Bianchi	2
UCF	Bye Week	6
UCF	Conference USA program	2
UCF	Detroit Lions	2
UCF	Florida schools	8
UCF	Lions	2
UCF	Miami	2
UCF	State	2
UCF	Week	6
UCF	after losing four members	2
UCF	budget	2
UCF	existing frameworks	2
UCF	football members	2
UCF	framework	2
UCF	member	4
UCF	new theme parks	2
UCF	opposition organisations	2
UCF	organisation	2
UCF	place	2
UCF	places	2
UCF	previous process	2
UCF	process	2
UCF	program	2
UCF	school	14
UCF	schools	4
UCF	season	2
UCF	state school	2
UCF	state schools	2
UCF	theme park	2
UCF Arboretum	University of Central Florida	2
UCF Arena	Venue	2
UCF Conference members	football members	2
UCF Greek Council	division	2
UCF Greek Council	divisions	2
UCF Police service	UCF services	4
UCF Police service	service	4
UCF coach George	Orlando	2
UCF make	division	6
UCF make	divisions	6
UCF military research	universities	4
UCF military research	university	4
UCF staff	NATA	2
UCF's English Grammar	institution	2
UCF's English Grammar	research institutions	2
UCF-Texas	photo	2
UCF-Texas	photos	2
UCFV	college	2
UCFV	colleges	2
UCG	AD Product Page	2
UCG	Page	2
UCG	microsite	2
UCG Theatre	Venues	2
UCGN	Special Forces	2
UCGN	Tunisian Special Forces	2
UCH	same types	2
UCH	type	2
UCH Cochlear Implant Programme	ENV	2
UCHIDA	DF	2
UCI	Britain	2
UCI	California	2
UCI	Cycling	2
UCI	DISPUTE	2
UCI	FAST START	2
UCI	FRANCE	2
UCI	Landis	2
UCI	Location	2
UCI	May	4
UCI	NICE	2
UCI	PARIS-NICE	2
UCI	Place	4
UCI	Qinghai Lake tour	2
UCI	START	2
UCI	UCI DISPUTE	2
UCI	UCI-TOUR DE FRANCE	2
UCI	UCI-VALVERDE	2
UCI	VALVERDE	2
UCI	body	8
UCI	chain	4
UCI	chains	4
UCI	chains in Britain	2
UCI	cinema	2
UCI	college	2
UCI	colleges	2
UCI	covenant	2
UCI	episode	2
UCI	federation	4
UCI	federations	2
UCI	hope	2
UCI	interested parties	2
UCI	may cinemas	2
UCI	national federations	2
UCI	operator	2
UCI	operators	2
UCI	organisation	2
UCI	organization	10
UCI	organizations	2
UCI	parties	2
UCI	party	4
UCI	period	2
UCI	power that be	2
UCI	powers that be	2
UCI	program	2
UCI	race	2
UCI	sporting bodies	2
UCI	sporting organisations	2
UCI	sports bodies	6
UCI	sports bodies use	2
UCI	strong covenants	2
UCI	team	12
UCI	teams	10
UCI	th Place	2
UCI	through a bad period	2
UCI	through adapter programs	2
UCI	tour	2
UCI	twenty teams	2
UCI	use	2
UCI AIGLE	basis	2
UCI AIGLE	solid legal basis	2
UCI BEIJING	doping	2
UCI BERLIN	next week	2
UCI BERLIN	week	2
UCI Basildon	Ltd	2
UCI COPENHAGEN	sport	2
UCI Cinema	Venues	2
UCI Cinema	attraction	2
UCI Cinema	chain	2
UCI Cinema	fixed national chains	2
UCI Cinema	indoor attractions	2
UCI Cinemas	Britain's daily life	2
UCI Cinemas	chain	2
UCI Cinemas	cinema chains	2
UCI Cinemas	life	2
UCI Clydebank	Ltd	2
UCI Empire Leicester	Ltd	2
UCI Europe Tour	race	4
UCI Europe Tour	second-tier races	2
UCI Europe Tour	second-tier road races	2
UCI GENEVA	France	2
UCI GENEVA	Spanish doping probe	2
UCI GENEVA	Tour de France	2
UCI GENEVA	probe	2
UCI High Wycombe	Ltd	2
UCI Leave	Tags	6
UCI Leave	Technorati Tags	6
UCI MTB	UCI events	2
UCI MTB	event	2
UCI Machine Learning Repository	data	8
UCI Machine Learning Repository	real world data	8
UCI PARIS	Saturday	2
UCI PARIS	Spain	2
UCI PARIS	facing sports sanctions	2
UCI PARIS	on Saturday	2
UCI PARIS	random EPO tests	2
UCI PARIS	sanction	2
UCI PARIS	test	2
UCI PAU	substance	2
UCI Paris	Nice	2
UCI Paris	champion	2
UCI Paris	de France champion	2
UCI Poole	Ltd	2
UCI Port Solent	HX Portsmouth	2
UCI Port Solent	Portsmouth	2
UCI Pro Tour	Bridgetown CYCLING	8
UCI Pro Tour	CYCLING	64
UCI Pro Tour	Catalunya CYCLING	8
UCI Pro Tour	st ODI CYCLING	8
UCI Pro teams	featured sixteen teams	2
UCI ProTeam	team	2
UCI ProTeam	teams	2
UCI ProTeams	California	2
UCI Professional Continental	California	4
UCI Road World Championships	UCI events	2
UCI Road World Championships	competition	2
UCI Road World Championships	cycling events	2
UCI Road World Championships	event	4
UCI Road World Championships	international competitions	2
UCI Sutton	Ltd	2
UCI Track Cycling	event	2
UCI Track Cycling	international events	2
UCI Track Cycling	year	2
UCI Track Cycling	years	2
UCI Track World Championships	UCI events	2
UCI Track World Championships	event	2
UCI Track World Cup	cycling events	2
UCI Track World Cup	event	2
UCI Women	bicycle race	2
UCI Women	bicycle racing events	18
UCI Women	event	24
UCI Women	track cycling events	6
UCI Women	women's road bicycle races	2
UCI World Championships	world	2
UCI World Cup	festival	2
UCI World Cup	year's festival	2
UCI World Cycling	event	2
UCI World Cycling	events	2
UCI World Tour teams	California	2
UCI chains	cinema	4
UCI chains	participating cinemas	4
UCI cinemas	place	2
UCI cinemas	places	2
UCI diploma	coach education courses	2
UCI diploma	education course	2
UCI paris	Olympic medal	2
UCI paris	financial obligation	2
UCI paris	financial obligations	2
UCI paris	medal	2
UCI president Pat	cycle	2
UCI president Pat	decision	2
UCI president Pat	prominent figures in cycling	2
UCI professional	cycling teams	2
UCI professional	team	4
UCI professional	teams	2
UCI professional teams	cycling teams	2
UCI professional teams	teams	2
UCI reach compromise	Berkeley study	2
UCI reach compromise	DIFUSED	2
UCI reach compromise	DISPUTE DIFUSED	2
UCI reach compromise	study	2
UCI regulations	calculus	2
UCI regulations	decision calculus	2
UCI says STRASBOURG	rider	2
UCI says STRASBOURG	riders	2
UCI's McQuaid	elite	2
UCI's McQuaid	sport's elite	2
UCI's are alternatives	Clinics	2
UCID	position	2
UCIEE	certification organization	2
UCIEE	organization	2
UCINET	social network analysis software	2
UCINET	software	2
UCINet	format	2
UCINet	graph formats	2
UCINet	network visualization tools	2
UCINet	tool	2
UCIRI	Fairtrade coffee	2
UCIRI	Latin American Fairtrade coffee producers	2
UCIRI	coffee	2
UCIRI	coffee producer	2
UCISA	HE organisations	2
UCISA	active	4
UCISA	appropriate organisations	2
UCISA	body	8
UCISA	committee	2
UCISA	existing resources	2
UCISA	high level committees	2
UCISA	linked organisations	2
UCISA	national bodies	8
UCISA	organisation	8
UCISA	organisations	2
UCISA	organisations active	4
UCISA	reason	4
UCISA	reasons	4
UCISA	resource	2
UCISA Membership Brochure	information	2
UCISA events	community	2
UCISA satisfaction survey	Occasional questionnaires	2
UCISA satisfaction survey	questionnaire	2
UCISA workshops	Educational events	2
UCISA workshops	event	2
UCITA	law	2
UCITA	laws	2
UCITA	related topics	2
UCITA	topics	2
UCITS	Collective investment schemes	2
UCITS	financial institution	4
UCITS	financial institutions	4
UCITS	regulatory requirement	2
UCITS	regulatory requirements	2
UCITS	scheme	2
UCITS	see	2
UCITS III	advice in directives	2
UCITS III	directive	2
UCITs	derivative	2
UCITs	issue	2
UCITs	on many issues	2
UCITs	recent derivatives	2
UCITs IV	Directives	2
UCITs IV	EU Financial Services Directives	2
UCInet	social network analysis software	2
UCInet	software	2
UCIrvine	campus	2
UCIrvine	near campus	2
UCJ	label	2
UCJ	labels	2
UCKFIELD	JOURNAL	2
UCKFIELD	SUSSEX JOURNAL	2
UCKG	London	2
UCKG	all over London	2
UCL	Aber	2
UCL	Aberdeen Commercial law	2
UCL	Arts Computing Lecture	2
UCL	Belgium	4
UCL	Britain	2
UCL	British Institutions	2
UCL	Cluster	2
UCL	Colleges	2
UCL	Commercial law	2
UCL	Committee	2
UCL	Contact	2
UCL	Control Leader	2
UCL	Core Programme Committee	2
UCL	Details	2
UCL	Disaster	2
UCL	Education	2
UCL	External Groups Leader	2
UCL	GRS	2
UCL	Great Britain	2
UCL	Institutions	4
UCL	International tax law	2
UCL	Ireland	6
UCL	Keynote address	2
UCL	Keywords	2
UCL	Leader	6
UCL	Lecture	2
UCL	London	2
UCL	London Colleges	2
UCL	London's top institutions	2
UCL	Management Leader	2
UCL	Medical School	2
UCL	Novel Computation Research Cluster	2
UCL	Partners	2
UCL	Photo	2
UCL	Policy report	2
UCL	Postal address	2
UCL	Present	8
UCL	Presentations	2
UCL	Projects	2
UCL	RSC journals	4
UCL	Reference	4
UCL	Russell Group universities	2
UCL	Sensitive Projects	2
UCL	UK	2
UCL	UK CDF groups	2
UCL	UK colleges	2
UCL	UK institutions	2
UCL	UK research institutions	2
UCL	UK universities	8
UCL	UKLight Partners	2
UCL	Universities	4
UCL	University	4
UCL	University collections	2
UCL	Venue	2
UCL	area	2
UCL	authority	4
UCL	borrowable	2
UCL	brief	4
UCL	building	2
UCL	buildings	2
UCL	business law	2
UCL	class' universities	2
UCL	collection	2
UCL	college	10
UCL	colleges	2
UCL	committee	4
UCL	constituent institutions	2
UCL	contact	2
UCL	covering five project partners	2
UCL	document	2
UCL	elite universities	2
UCL	few universities	2
UCL	following Universities	2
UCL	force	2
UCL	founder member	2
UCL	founder members	2
UCL	group	6
UCL	groups	2
UCL	individual colleges	2
UCL	institute	4
UCL	institutes	4
UCL	institution	14
UCL	institutions	6
UCL	institutions last year	2
UCL	journal	4
UCL	leading research universities	2
UCL	local partner organisations	2
UCL	member	2
UCL	members	2
UCL	multi-agency brief	4
UCL	multi-faculty colleges	2
UCL	noise-vocoded speech Reference	4
UCL	on official documents	2
UCL	organisation	2
UCL	organiser	2
UCL	out in force	2
UCL	partner	4
UCL	partners	2
UCL	postgraduate committees	4
UCL	prestigious UK universities	2
UCL	report	2
UCL	responsible authorities	4
UCL	s Hospital Medical School	2
UCL	school	2
UCL	schools	2
UCL	see text Details	2
UCL	systems Programme organiser	2
UCL	tax law	2
UCL	third parties	2
UCL	third party	2
UCL	top London universities	2
UCL	top quality universities	2
UCL	top universities	2
UCL	top university	2
UCL	topics	2
UCL	universities	12
UCL	university	40
UCL	year	2
UCL Admissions website	source of information	2
UCL Archway Campus	Address	2
UCL Archway Campus	Performance Address	2
UCL Biology	Director	4
UCL Bloomsbury	place	2
UCL Bloomsbury	places	2
UCL Bloomsbury Campus	Location	2
UCL Boat Club	sports club	2
UCL Boat Club	sports clubs	2
UCL Business	contact	2
UCL CRN	clinical research network	2
UCL CRN	network	2
UCL Calenders	college	2
UCL Careers Service	area	2
UCL Careers Service	key areas	2
UCL Computer Science	Engineering Sciences	2
UCL Department	Video	2
UCL Dept	Contact	2
UCL Dept	map Contact	2
UCL Discipline	partner	2
UCL Dr Claire	Richard Mole Venue	2
UCL Dr Claire	Venue	2
UCL Environment Institute	initiative	2
UCL Environment Institute	interdisciplinary initiatives	2
UCL Eprints	contact	2
UCL Eprints	repository	2
UCL Eprints	research Eprints repositories	2
UCL Graduate School	award	2
UCL Graduate School	awards	2
UCL Graduate School Research	directed development tools	2
UCL Graduate School Research	tool	2
UCL Homepage	UCL pages	4
UCL Homepage	page	4
UCL Hospitals	Clinical Centres in Europe	2
UCL Hospitals	Europe	2
UCL Hospitals	area	2
UCL Hospitals	clinical areas	2
UCL Hospitals NHS	teaching hospital	2
UCL Hospitals NHS	teaching hospitals	2
UCL Hospitals Trust	Cambridge TM	2
UCL Hospitals Trust	TM	2
UCL Human Communication Science	Additional Information	2
UCL Hydrogeology group	dissertation work	2
UCL Hydrogeology group	work	2
UCL JDI Crime	Consultants	2
UCL JDI Crime	Research Student	4
UCL JDI Crime	Student	4
UCL Jill Dando	Consultant	2
UCL Jill Dando	Consultants	14
UCL Jill Dando	European Universities	2
UCL Jill Dando	Ongoing Consultants	2
UCL Jill Dando	Universities	2
UCL Language Center	Present	2
UCL Language Centre	Present	2
UCL Liaison	Leader	2
UCL Liaison	Validation Sites Leader	2
UCL Library Services	Postal address	2
UCL London Group	UK	2
UCL Medical School	Anna Davies Collaborator	2
UCL Medical School	Collaborator	2
UCL Medical School	Collaborators	2
UCL Medical School	John McAteer Collaborators	2
UCL NOTES	APOLOGIES	2
UCL NOTES	Southampton APOLOGIES	2
UCL Network Group	external organizations	2
UCL Network Group	organization	2
UCL Network troubleshooting	Leader	2
UCL Network troubleshooting	Network support Leader	2
UCL November	Partners	2
UCL People Magazine	Dead Original	2
UCL People Magazine	Original	2
UCL Press	London	8
UCL Press	New Global View	2
UCL Press	University of Chicago Press	4
UCL Press	View	2
UCL Press Glancey	Docklands	2
UCL Press HEWITT	London	2
UCL Professor David	Co-applicants	2
UCL Professor David	applicant	2
UCL SSEES building	award winner	2
UCL SSEES building	award winners	2
UCL Speakers will	Chair	2
UCL Sports Grounds	Lane	2
UCL Sports Grounds	off Bell Lane	2
UCL Tel	Contact	2
UCL Thrower John	document	2
UCL Thrower John	word documents	2
UCL Title	Speaker	2
UCL US	financial information	2
UCL US	news	2
UCL Union	following university unions	2
UCL Union	union	2
UCL Union bars	UCL campus	2
UCL Union bars	campus	2
UCL Union elections	issue	4
UCL Union elections	issues	4
UCL Wates House	contact	2
UCL Webmail	UCL systems	2
UCL Webmail	system	2
UCL academics	discipline	2
UCL academics	disciplines	2
UCL astronomers	dFGRS team	2
UCL astronomers	team	2
UCL championship	season	2
UCL championship	successful season	2
UCL holidays	Friday	2
UCL representatives welcomes	party	2
UCL student ID card	Idaho	2
UCL student ID card	photographic ID	2
UCL's archive	body	2
UCL's fine archaeological holdings	York	2
UCL-TN	Algorithms	2
UCL-TN	RA-2 Ice Algorithms	2
UCLA	4-year universities	2
UCLA	9-4 last season	2
UCLA	9-4 record	4
UCLA	ASU	2
UCLA	Affiliation	2
UCLA	America's leading universities	2
UCLA	American Baseball Coaches Association	2
UCLA	American Universities	2
UCLA	American school	2
UCLA	American schools	2
UCLA	American universities	12
UCLA	Angelels-area teams	2
UCLA	Antonio	2
UCLA	Area	2
UCLA	Assignments	14
UCLA	Association	2
UCLA	Bad surprises	4
UCLA	Bears	2
UCLA	Bowl	4
UCLA	Bratman	4
UCLA	COMMENTARY	2
UCLA	California	8
UCLA	California campuses	4
UCLA	California universities	2
UCLA	Campuses	2
UCLA	Canada	2
UCLA	Career highlights	2
UCLA	Centennial junior	2
UCLA	Character switch	4
UCLA	Chicago Bears	2
UCLA	Chiou's Group	2
UCLA	College Football	2
UCLA	College programs	2
UCLA	Conference outlook	2
UCLA	Crunch Time Strategy	2
UCLA	Dan Geschwind Affiliation	2
UCLA	Division I offer	2
UCLA	Division I schools	12
UCLA	Division I universities	2
UCLA	Ends	2
UCLA	Example	4
UCLA	FCS opponent	2
UCLA	Fiesta Bowl	4
UCLA	First-round winners	2
UCLA	Games	4
UCLA	General Linguistics	6
UCLA	Giants Key selections	2
UCLA	Grand Final Lane Assignments	14
UCLA	Group	2
UCLA	Has nine scholarship offers	2
UCLA	High	4
UCLA	Hungarian Language	2
UCLA	I local teams	2
UCLA	II	2
UCLA	Indianapolis	2
UCLA	Inside College Football	2
UCLA	Israeli universities	2
UCLA	Key games	6
UCLA	King	4
UCLA	Language	2
UCLA	Linguistics	6
UCLA	Locks	4
UCLA	Los Angeles	18
UCLA	Los Angeles Metropolitan Area	2
UCLA	Los Angeles area schools	2
UCLA	MVP	2
UCLA	Milwaukee	2
UCLA	Minimum mistakes	2
UCLA	NCAA	2
UCLA	NCAA Tournament	4
UCLA	NCAA Tournament bids	2
UCLA	NCAA Tournament teams	2
UCLA	NCAA tournament	2
UCLA	NCAA tournament teams	2
UCLA	NCAA tournament terrors	2
UCLA	NCAA tournaments	2
UCLA	New York	2
UCLA	North America	2
UCLA	North American universities	2
UCLA	Oklahoma State	2
UCLA	Organization	2
UCLA	Petersburg	2
UCLA	PhD programs	2
UCLA	Portland	2
UCLA	Probable losses	2
UCLA	Programs	2
UCLA	QUIKHITS	2
UCLA	Recruiting foes	4
UCLA	Region	2
UCLA	Reno-Tahoe Region	2
UCLA	Returner	2
UCLA	Rivalry Games	4
UCLA	SOURCE	2
UCLA	San Antonio	4
UCLA	Schools	4
UCLA	Seattle	2
UCLA	September	4
UCLA	South	2
UCLA	Southern California area	2
UCLA	St. John Bosco High	4
UCLA	Standing in San Antonio	2
UCLA	State	2
UCLA	Strategy	2
UCLA	THEFT	2
UCLA	Texas' last three games	2
UCLA	Thursday	4
UCLA	Tournament	4
UCLA	Tournament MVP	2
UCLA	Tuesday	10
UCLA	U K COMMENTARY	2
UCLA	UC campuses	4
UCLA	UC libraries	2
UCLA	UC schools	2
UCLA	US	6
UCLA	US college programs	2
UCLA	US institutes	2
UCLA	US labs	2
UCLA	USA	4
UCLA	United States	10
UCLA	United States Universities	2
UCLA	Universities	12
UCLA	University campuses	2
UCLA	Week	2
UCLA	West Coast schools	2
UCLA	West Coast universities	2
UCLA	Women's water polo	2
UCLA	Year	18
UCLA	York	2
UCLA	academic institutions	4
UCLA	acronym	2
UCLA	adidas	2
UCLA	adult films in schools	2
UCLA	ambitious schedule	2
UCLA	area	2
UCLA	basketball factories	2
UCLA	basketball's glamour programs	2
UCLA	basketball's royalty	2
UCLA	be	2
UCLA	been	2
UCLA	behemoth	2
UCLA	bid	2
UCLA	big-name school	4
UCLA	big-time programs	2
UCLA	blue-blood college basketball programs	2
UCLA	bowl	2
UCLA	bowl invitation	4
UCLA	brand	2
UCLA	brands	2
UCLA	breath	2
UCLA	business	2
UCLA	businesses	2
UCLA	campus	32
UCLA	campuses	12
UCLA	candidate	2
UCLA	candidates	2
UCLA	candle	2
UCLA	candles	2
UCLA	career	4
UCLA	category	6
UCLA	center	6
UCLA	centers	2
UCLA	champion	4
UCLA	championship field	2
UCLA	charities	2
UCLA	charity	2
UCLA	cities in USA	2
UCLA	client	2
UCLA	clients	2
UCLA	club	6
UCLA	clubs	2
UCLA	collector	4
UCLA	collectors	4
UCLA	college	42
UCLA	college campus	4
UCLA	college campuses	4
UCLA	college football programs	4
UCLA	colleges	30
UCLA	companies	2
UCLA	company	2
UCLA	competitive campuses	2
UCLA	consideration	4
UCLA	contender	4
UCLA	country	16
UCLA	cultural institution	2
UCLA	cultural institutions	2
UCLA	culture	2
UCLA	defense	6
UCLA	defenses	4
UCLA	dozen universities	2
UCLA	economist	2
UCLA	edu Organization	2
UCLA	education institution	6
UCLA	education institutions	2
UCLA	educational organizations	2
UCLA	eligible	4
UCLA	elite programs	6
UCLA	elite public California schools	2
UCLA	elite universities	2
UCLA	established programs	2
UCLA	esteemed forecasting groups	2
UCLA	example	2
UCLA	existing culture	2
UCLA	factory	2
UCLA	fall	2
UCLA	favorite	2
UCLA	favorites	2
UCLA	featured many national powers	2
UCLA	featured national powerhouses	2
UCLA	festival	2
UCLA	few notable universities	2
UCLA	few schools	2
UCLA	field	4
UCLA	fields	2
UCLA	film schools	2
UCLA	final-five list	2
UCLA	first half	2
UCLA	five categories	4
UCLA	flagship campuses	2
UCLA	foe	4
UCLA	following schools	4
UCLA	following universities	2
UCLA	football powers	2
UCLA	football programs	2
UCLA	forward	2
UCLA	four-year behemoths	2
UCLA	four-year institutions	4
UCLA	four-year schools	4
UCLA	four-year universities	4
UCLA	free-throw shooting team	4
UCLA	future opponents	2
UCLA	game	22
UCLA	games	2
UCLA	geographic proximity	2
UCLA	go	2
UCLA	grading policy	2
UCLA	graduate program	2
UCLA	graduate programs	2
UCLA	great champions	4
UCLA	group	4
UCLA	groups	2
UCLA	head coaching positions	2
UCLA	here	6
UCLA	here goes	2
UCLA	high-profile job	4
UCLA	high-profile programs	2
UCLA	higher education institutions	2
UCLA	higher learning	4
UCLA	highlight	2
UCLA	home	2
UCLA	homes games left	4
UCLA	huge institution	2
UCLA	institute	2
UCLA	institution	44
UCLA	institutions	24
UCLA	interest here	2
UCLA	invitation	4
UCLA	job	6
UCLA	join	2
UCLA	junior	2
UCLA	keyword	2
UCLA	lab	2
UCLA	last fall	2
UCLA	last four games	2
UCLA	last three games	2
UCLA	leading California colleges	2
UCLA	leading US universities	2
UCLA	leading colleges	2
UCLA	leading schools	2
UCLA	league road victories	2
UCLA	left	4
UCLA	legitimate contenders	4
UCLA	library	2
UCLA	lineman	2
UCLA	list	2
UCLA	local bowl	2
UCLA	local colleges	2
UCLA	local higher-education institutions	2
UCLA	local universities	2
UCLA	location	2
UCLA	locations	2
UCLA	lock	2
UCLA	locks	2
UCLA	loss	4
UCLA	mainstream economists	2
UCLA	medical center	2
UCLA	medical centers	2
UCLA	medical school	6
UCLA	medical schools	2
UCLA	men's tournament	4
UCLA	miracle	2
UCLA	mistake	2
UCLA	modern miracles	2
UCLA	music festivals	2
UCLA	name	2
UCLA	name teams	2
UCLA	nation	4
UCLA	national gymnastics title	4
UCLA	national sites	4
UCLA	nearby universities	2
UCLA	next few weeks	2
UCLA	next three games	4
UCLA	next weekend in Indianapolis	2
UCLA	non-conference opponents	2
UCLA	non-conference schedule	2
UCLA	offensive lineman	2
UCLA	offer	4
UCLA	offers	2
UCLA	old reliables	16
UCLA	on a few Campuses	2
UCLA	on campuses	2
UCLA	only four teams	2
UCLA	opponent	10
UCLA	order	4
UCLA	organization	4
UCLA	organizations	2
UCLA	outlook	2
UCLA	part II	2
UCLA	partner	4
UCLA	partners	2
UCLA	past four games	2
UCLA	past summer	2
UCLA	perennial college basketball powers	2
UCLA	perennial football powerhouses	2
UCLA	perennial powers	2
UCLA	pick	4
UCLA	picks	4
UCLA	place	10
UCLA	places	6
UCLA	policy	2
UCLA	position	2
UCLA	potential schools	2
UCLA	power	22
UCLA	powerhouse	6
UCLA	powerhouse football schools	2
UCLA	powerhouse programs	2
UCLA	powers	2
UCLA	prestigious colleges in California	2
UCLA	prestigious engineering programs	2
UCLA	prestigious film schools	2
UCLA	prestigious institutions	2
UCLA	prestigious medical schools	2
UCLA	previous years when teams	4
UCLA	private colleges	2
UCLA	program	60
UCLA	program in US	2
UCLA	programs	14
UCLA	project	2
UCLA	prominent universities	2
UCLA	proximity	2
UCLA	public institutions	2
UCLA	public universities	2
UCLA	quality going forward	2
UCLA	quality teams	4
UCLA	quality victories	2
UCLA	quarter-system schools	2
UCLA	record	4
UCLA	regular	2
UCLA	reliable	16
UCLA	research institutions	2
UCLA	research partners	2
UCLA	rival	2
UCLA	rivalry	2
UCLA	rivalry games	2
UCLA	rookie	2
UCLA	row	2
UCLA	royalty	2
UCLA	run	2
UCLA	runs	2
UCLA	s Studies Programs	2
UCLA	schedule	6
UCLA	scholarship	2
UCLA	scholarship offer	2
UCLA	scholarships	2
UCLA	school	180
UCLA	schools	116
UCLA	screenwriting programs	2
UCLA	season	6
UCLA	season's potential opponents	2
UCLA	seed	4
UCLA	seeded teams	2
UCLA	seeds	4
UCLA	selection	2
UCLA	selective campuses	2
UCLA	selective universities	2
UCLA	senior	2
UCLA	service	4
UCLA	services	4
UCLA	simple names	2
UCLA	site	4
UCLA	soccer powerhouses	2
UCLA	spot	2
UCLA	state	2
UCLA	stellar academic institutions	2
UCLA	stock	2
UCLA	storied program	2
UCLA	storied rivalries	2
UCLA	stress	2
UCLA	stripe	4
UCLA	stripes	4
UCLA	strong programs	2
UCLA	strong vaulters	2
UCLA	student film schools	2
UCLA	suitor	4
UCLA	suitors	4
UCLA	summer	2
UCLA	surprise	4
UCLA	switch	4
UCLA	system's eight undergraduate campuses	2
UCLA	talented Jesuit High senior	2
UCLA	team	88
UCLA	team in town	4
UCLA	teams	34
UCLA	teams in stock	2
UCLA	term	6
UCLA	terms	6
UCLA	terror	2
UCLA	then	2
UCLA	then says yes	2
UCLA	title	4
UCLA	top college football programs	2
UCLA	top programs	2
UCLA	top spot	2
UCLA	top teams	2
UCLA	top universities	6
UCLA	top-notch colleges	2
UCLA	top-tier collegiate basketball programs	2
UCLA	top-tier schools	2
UCLA	total defense	2
UCLA	tough	2
UCLA	tour in California	2
UCLA	tournament	8
UCLA	tournament regulars	2
UCLA	town	4
UCLA	traditional basketball powers	2
UCLA	traditional college football powers	4
UCLA	traditional powers	6
UCLA	traditional rivals	2
UCLA	transplant programs	2
UCLA	turned down schools	2
UCLA	two institutions	2
UCLA	unbeaten schools	4
UCLA	undertalented team	4
UCLA	universities	86
UCLA	universities Tuesday	10
UCLA	university	144
UCLA	university campus	2
UCLA	university campuses	2
UCLA	up one spot	2
UCLA	vaulter	2
UCLA	venue	4
UCLA	venues	4
UCLA	victory	4
UCLA	watch	10
UCLA	water polo	2
UCLA	way	2
UCLA	week	2
UCLA	winner	2
UCLA	work	2
UCLA	world-class universities	2
UCLA	yes	2
UCLA Alumni Travel	Contact	6
UCLA Anderson School	Awards	2
UCLA Anderson School	Gerald Loeb Awards	2
UCLA Arthur Ashe	externships sites	2
UCLA Arthur Ashe	site	2
UCLA Band	marching band	2
UCLA Band	marching bands	2
UCLA Bruin	big-name college coaches	2
UCLA Bruin	coach	2
UCLA Bruins	NCAA sports programs	2
UCLA Bruins	nonachievers	4
UCLA Bruins	program	2
UCLA Bruins	relentless nonachievers	4
UCLA Bruins football players	Category	2
UCLA Center	venue	2
UCLA Center	venues	2
UCLA Cesar	musical work	2
UCLA Cesar	work	2
UCLA Chapter	Bill Bright	2
UCLA Chapter	Bright	2
UCLA Coach Bob	people	4
UCLA College Library	example	2
UCLA College Library	examples	2
UCLA Community School	school	2
UCLA Community School	schools	2
UCLA DYNASTY HBO	BROADCAST NOTES	2
UCLA DYNASTY HBO	NOTES	2
UCLA Editor	General Linguistics	2
UCLA Editor	Linguistics	2
UCLA Extension	Contact	12
UCLA Extension tuition	double occupancy	2
UCLA Extension tuition	occupancy	2
UCLA FILM	HIGH-TECH HOME	2
UCLA FILM	HOME	2
UCLA FIVE IMPACT	team	2
UCLA FIVE IMPACT	teams	2
UCLA FLORIDA STOPS	COUNTDOWN	2
UCLA FLORIDA STOPS	FINAL COUNTDOWN	2
UCLA Film	US collections	2
UCLA Film	collection	2
UCLA Film	film archive	6
UCLA Film	nation's film archives	2
UCLA Film	organization	2
UCLA Film	organizations	2
UCLA Film	venue	2
UCLA Film	venues	2
UCLA Film	world	2
UCLA Film Archive	United States	2
UCLA Football	professional sports teams	2
UCLA Football	team	2
UCLA Going Back	ABC News	2
UCLA Going Back	News	2
UCLA Health System	medical facilities	2
UCLA Health System	medical facility	2
UCLA Jazz Reggae	festival	2
UCLA Jazz Reggae	festivals	2
UCLA Law School	charities	2
UCLA Law School	charity	2
UCLA Learning disabled	grade	2
UCLA Library Digital	Changing Times	4
UCLA Library Digital	Times	4
UCLA Live	based performance presenters	2
UCLA Live	presenter	2
UCLA Live	venue	2
UCLA Live	venues	2
UCLA Magazine	publication	2
UCLA Magazine	publications	2
UCLA Medical	class	2
UCLA Medical	university graduating classes	2
UCLA Medical Center	campus	2
UCLA Medical Center	costly structures	2
UCLA Medical Center	health sciences campus	2
UCLA Medical Center	hospital	2
UCLA Medical Center	hospitals	2
UCLA Medical Center	pet	4
UCLA Medical Center	pets	4
UCLA Medical Center	structure	2
UCLA Opera	company	2
UCLA Opera	regional companies	2
UCLA Primate Freedom	animal-rights organizations	2
UCLA Primate Freedom	organization	2
UCLA Rally Committee	group	2
UCLA Rally Committee	student groups	2
UCLA SNAPS DROUGHT	HEAVEN	2
UCLA SNAPS DROUGHT	TH HEAVEN	2
UCLA Sailing	Intercollegiate Sailing Association programs	2
UCLA Sailing	program	2
UCLA School	Aaron	2
UCLA School	Benjamin Aaron	2
UCLA School	California	4
UCLA School	Southern California	4
UCLA School	academic institutions	2
UCLA School	advisory board	2
UCLA School	advisory boards	2
UCLA School	college campus	2
UCLA School	institution	2
UCLA School	on college campuses	2
UCLA Southern	project	2
UCLA Southern	projects	2
UCLA TV	Honorable mention	2
UCLA Used	Centers	2
UCLA Used	Top Medical Centers	2
UCLA Women	late sixties	2
UCLA Women	sixty	2
UCLA administrators	people	2
UCLA assistant	INJURY REPORT	4
UCLA assistant	REPORT	4
UCLA business professor	friend	2
UCLA business professor	friends	2
UCLA campus	Los Angeles	2
UCLA cinema professor	scholar	2
UCLA cinema professor	scholars	2
UCLA college football radio	Football player	4
UCLA faculty	protester	2
UCLA faculty	protesters	2
UCLA family	Apartment buildings	2
UCLA fans	improvement	2
UCLA football	Honorable mention	4
UCLA football	Trojan	4
UCLA football	Trojans	4
UCLA football	year	4
UCLA football TV	Horrible mention	4
UCLA football TV	mention	4
UCLA game Jan	Sports Arena	2
UCLA go	goal	2
UCLA go	same goal	2
UCLA goes	season	2
UCLA guys	NBA	2
UCLA infielder Joshua	draft	4
UCLA infielder Joshua	week's draft	4
UCLA intern	staff	2
UCLA law graduate	family	2
UCLA legend John	Coaches	2
UCLA logos	features baby boomer icons	4
UCLA logos	icon	4
UCLA losing	night	2
UCLA losing	on Thursday night	2
UCLA prof Kal	year	2
UCLA program	Pacific Coast Conference foes	2
UCLA program	foe	2
UCLA quarterback Brett	collegiate level	2
UCLA quarterback Brett	level	2
UCLA recruit Markel	talent	2
UCLA right	foe	4
UCLA right	stiff-arming foes	4
UCLA senior	Championships	2
UCLA senior	NCAA Women's Tennis Championships	2
UCLA senior	season	2
UCLA softball team	NOTES	2
UCLA stars Keri	field	2
UCLA stars Keri	strong field	2
UCLA stress internships	project	2
UCLA stress internships	unstructured projects	2
UCLA student	CELEBRITY SPOTTINGS	4
UCLA student	SPOTTINGS	4
UCLA students tell	Crouch	2
UCLA study	research	2
UCLA study	scientific research	2
UCLA teams	here	4
UCLA tie	scenario	2
UCLA tie	scenarios	2
UCLA today	week	2
UCLA track star	Police Academy class	2
UCLA track star	class	2
UCLA transfer Regina	newcomer	4
UCLA transfer Regina	newcomers	4
UCLA vs	college football games today	2
UCLA vs	play	2
UCLA vs	today	2
UCLA wide receiver Kevin	Tuesday	2
UCLA wide receiver Kevin	undrafted rookies Tuesday	2
UCLA's Al Scates	coach	2
UCLA's Al Scates	coaches	2
UCLA's Alex Rousseau	player	2
UCLA's Alex Rousseau	players	2
UCLA's Baron Davis	best	4
UCLA's Baron Davis	deadline	4
UCLA's Baron Davis	draft	4
UCLA's Baron Davis	good	4
UCLA's Baron Davis	guard	4
UCLA's Baron Davis	point guards	4
UCLA's Baron Davis	summer's draft	4
UCLA's Ben Howland	coach	2
UCLA's Ben Howland	established coach	2
UCLA's Benjamin Kohlloeffel	guy	2
UCLA's Benjamin Kohlloeffel	guys	2
UCLA's Cade McNown	quarterback	2
UCLA's Cade McNown	quarterbacks	2
UCLA's Cade McNown	sophomore	2
UCLA's Cade McNown	sophomores	2
UCLA's Charles	candidate	2
UCLA's Charles	candidates	2
UCLA's Darren Collison	clock	2
UCLA's Darren Collison	finish	2
UCLA's Darren Collison	strong finishes	2
UCLA's Donnie Edwards	today	2
UCLA's Earl Watson	Coast	2
UCLA's Earl Watson	West Coast	2
UCLA's Earl Watson	cut	4
UCLA's Gary Orfield	education researchers	2
UCLA's Gary Orfield	researcher	2
UCLA's Gerald Loeb Award	financial writing	2
UCLA's Gerald Loeb Award	writing	2
UCLA's Jelani McCoy	workout	4
UCLA's Jelani McCoy	workouts	4
UCLA's Jerome Moiso	cut	4
UCLA's John	coach	2
UCLA's John	old-school coaches	2
UCLA's Kapono	All-freshman team	4
UCLA's Kapono	team	4
UCLA's Kevin Love	newcomer	2
UCLA's Kevin Love	newcomers	2
UCLA's Kevin Love	pick	2
UCLA's Kevin Love	picks	2
UCLA's Larry Atkins	Award	4
UCLA's Larry Atkins	Jim Thorpe Award	4
UCLA's Lisa Fernandez	name	2
UCLA's Lisa Fernandez	names	2
UCLA's Marschak Colloquium	forum	2
UCLA's Marschak Colloquium	forums	2
UCLA's Maurice Drew	bugger	4
UCLA's Maurice Drew	little buggers	4
UCLA's Natalie Williams	inside intimidators	2
UCLA's Natalie Williams	intimidator	2
UCLA's Pauley Pavilion	season	2
UCLA's Pauley Pavilion	venue	2
UCLA's Pauley Pavilion	venues	2
UCLA's Rick Neuheisel	college football coaches	2
UCLA's Rick Neuheisel	football coach	2
UCLA's Russell Westbrook	guard	2
UCLA's Russell Westbrook	point guard	2
UCLA's Schoenberg Hall	venue	2
UCLA's Schoenberg Hall	venues	2
UCLA's Schonberg Hall	prestigious theaters	2
UCLA's Schonberg Hall	theater	2
UCLA's Steve Lavin	Year	2
UCLA's Vince Beringhele	area	2
UCLA's best defensive back	rookie	4
UCLA's coaches	entire team	2
UCLA's coaches	team	2
UCLA's defense	Still running	4
UCLA's defense	run	4
UCLA's great John	coach	2
UCLA's great John	coaches	2
UCLA's last five points	second half	4
UCLA's men	dominant performances	2
UCLA's men	performance	2
UCLA's opponent Saturday	UNLV update	4
UCLA's opponent Saturday	update	4
UCLA-Olive View Medical Center	county hospital	4
UCLA-Olive View Medical Center	county hospitals	4
UCLA-Olive View Medical Center	hospital	2
UCLA-Olive View Medical Center	hospitals	2
UCLA-Texas	big game	4
UCLA-Texas	big games	4
UCLA-USC	College football regular season record	2
UCLA-USC	season record	2
UCLA-Wisconsin Rose Bowl	booby prize	4
UCLA-Wisconsin Rose Bowl	booby prizes	4
UCLA-bound Chace Stanback	returnee	2
UCLA-bound Chace Stanback	returnees	2
UCLAN	Practices	2
UCLAN	film	2
UCLASS	platform	2
UCLASS	stealthy platforms	2
UCLAs Kahlil Bell	bruising runners	2
UCLAs Kahlil Bell	runner	2
UCLB	institution	2
UCLB	institutions	2
UCLES	institution	2
UCLES	international institutions	2
UCLES	professional TESOL qualification	2
UCLES	qualification	2
UCLES Preliminary English	International equivalent qualifications	2
UCLES Preliminary English	qualification	2
UCLG	local government organisation	2
UCLG	local government organization	4
UCLG	organisation	2
UCLG	organization	4
UCLG's high-ranking officials	participant	2
UCLG's high-ranking officials	participants	2
UCLH	covers hospitals	2
UCLH	hospital	2
UCLH play services	contact	2
UCLU Film	Union's societies	2
UCLU Film	society	2
UCLan	group	2
UCLan	groups	2
UCLan	partner	2
UCLan	partners	2
UCLan Penrith	On a campus	2
UCLan Penrith	campus	2
UCM	example	2
UCM	examples	2
UCMJ actions	rank	2
UCML	higher education	6
UCML	partnership	2
UCML	related studies in higher education	6
UCML Scotland	hold meetings	2
UCML Scotland	meeting	2
UCMS	central colleges	4
UCMS	college	4
UCN	So	4
UCN Press Officer	Facilitator	2
UCN's support services	research students	4
UCN's support services	student	4
UCNW	Dyslexia In Higher Education	2
UCNW	Higher Education	2
UCO	Feedstocks	2
UCO	correspondence	2
UCO Bank	Banks	2
UCO Bank	International Bank	2
UCO Bank	PSU category	2
UCO Bank	bank	6
UCO Bank	banks	4
UCO Bank	category	2
UCO Bank	public-sector banks	2
UCO President Roger	Oklahoma higher education leaders	2
UCO President Roger	education leader	2
UCOM TB	story	2
UCONN	higher education	2
UCONN RUMBLE NOT	COLUMN	4
UCONN RUMBLE NOT	U S COLUMN	2
UCONN STORRS	BUZZ SAW	2
UCONN STORRS	TECH MEETS A BUZZ SAW	2
UCOR	group	2
UCOR	groups	2
UCP	Abbreviations	2
UCP	Proteins Abbreviations	2
UCP	SMSC uses protocols	2
UCP	brand name	2
UCP	brand names	2
UCP	gene	2
UCP	practice	2
UCP	protein	2
UCP	protocol	2
UCP	regional trade names	2
UCP	thermogenic genes	2
UCP	trade name	2
UCP	uncoupling protein	2
UCP Press Nigeria	Mayaki	2
UCPA	organisation	2
UCPA	professional organisations	2
UCPMB	armed group	2
UCPMB	armed groups	2
UCPN	Nepalese political parties	2
UCPN	parties	4
UCPN	party	4
UCPN	political parties	2
UCPN	political party	4
UCPN-M Chairman Prachanda	leader	2
UCPN-M Chairman Prachanda	political leaders	2
UCR	EQUITY MOVERS	2
UCR	MOVERS	2
UCR	RIPs	2
UCR	centre-left parties	2
UCR	country	2
UCR	following tickers	2
UCR	force	2
UCR	forces	2
UCR	party	2
UCR	ticker	2
UCR	way	2
UCR Senator Hip	prominent public servants	2
UCR Senator Hip	public servant	2
UCR extension	universities	2
UCR extension	university	2
UCR leader	Argentine politics	2
UCR leader	politics	2
UCR leader Ricardo	journalist	2
UCR leader Ricardo	journalists	2
UCR offense code	offense	2
UCRs	trail	2
UCRs	usable trail	2
UCS	16-bit encodings	2
UCS	Carolyn Abraham reports	2
UCS	Linux distributions	2
UCS	Products	2
UCS	UTF	2
UCS	character string	2
UCS	colour models	2
UCS	distribution	2
UCS	encodings	2
UCS	forwarder	2
UCS	model	2
UCS	report	2
UCS	root	2
UCS	wide character strings	2
UCS	worldwide freight forwarders	2
UCS System	innovation	2
UCS System	innovations	2
UCS Transform Format	UTF	2
UCS sit-in	victory	2
UCS sit-in	visible working-class victories	2
UCS work	workplace	2
UCS work	workplaces	2
UCSB	UC system	2
UCSB	US universities	2
UCSB	education institution	2
UCSB	group	2
UCSB	groups	2
UCSB	higher education institutions	2
UCSB	school	2
UCSB	schools	2
UCSB	system	2
UCSB	university	2
UCSB alumni	age	2
UCSB alumni	ages	2
UCSB athletics	information	2
UCSB students	bid	2
UCSB's Tapestry system	prefix-routing protocols	2
UCSB's Tapestry system	protocol	2
UCSC	Affiliation	2
UCSC	Gill Bejerano Affiliation	2
UCSC	browser	2
UCSC	browsers	2
UCSC	coverage	6
UCSC	full coverage	6
UCSC	human genome	2
UCSC	lab	2
UCSC	research labs	2
UCSC	universities	2
UCSC	university	2
UCSC	website	2
UCSC	websites	2
UCSC Cancer Genomics	genomics	2
UCSC Cancer Genomics	on cancer genomics	2
UCSC Genome Browser	browser	2
UCSC Genome Browser	dedicated browsers	2
UCSC Genome Browser	multiple sources	2
UCSC Genome Browser	online resource	2
UCSC Genome Browser	online resources	2
UCSC Genome Browser	page	2
UCSC Genome Browser	public human genome resources	2
UCSC Genome Browser	resource	2
UCSC Genome Browser	source	2
UCSC GoldenPath	source	2
UCSC GoldenPath	sources	2
UCSC Human Genome Project	database	2
UCSC Human Genome Project	databases	2
UCSC Malaria Genome	database resources	2
UCSC Malaria Genome	resource	2
UCSD	California	2
UCSD	Diego	2
UCSD	NCAA fencing teams	2
UCSD	San Diego	2
UCSD	college	2
UCSD	colleges	2
UCSD	contact	2
UCSD	education institution	2
UCSD	entities	2
UCSD	entity	2
UCSD	higher education institutions	2
UCSD	school	2
UCSD	schools	2
UCSD	team	2
UCSD	universities	4
UCSD	university	4
UCSD Graduate Council	Senate committee	2
UCSD Graduate Council	university Academic Senate committees	2
UCSD Members	WUN partner deputy	2
UCSD Members	deputy	2
UCSD Pascal	early workstation systems	2
UCSD Pascal	system	2
UCSD See	WUN partner deputy	2
UCSD See	deputy	2
UCSD Sigma Chi	school year	2
UCSD Student	clinic	2
UCSD Student	free clinics	2
UCSD science	Benefits	2
UCSE	AD Product Page	2
UCSE	Page	2
UCSF	Bay Area	2
UCSF	Northern California hospitals	2
UCSF	San Francisco Bay Area	2
UCSF	Universities	2
UCSF	academic institutions	2
UCSF	center	8
UCSF	clinic	2
UCSF	death	2
UCSF	example	2
UCSF	genetics clinics	2
UCSF	hospital	2
UCSF	institution	2
UCSF	leading-edge medical centers	4
UCSF	medical centers	2
UCSF	medical institution	2
UCSF	prestigious universities	2
UCSF	prominent medical institutions	2
UCSF	select tertiary neurosurgery centers	2
UCSF	universities	6
UCSF	university	8
UCSF	user	2
UCSF	users	2
UCSF Chimera	molecular viewers	2
UCSF Chimera	viewer	2
UCSF Foundation	board	2
UCSF Foundation	community boards	2
UCSF Medical Center	hospital	2
UCSF Medical Center	hospitals	2
UCSF Medical Center	lawyer	2
UCSF Medical Center	lawyers	2
UCSF School	international research agencies	2
UCSF School	research agency	2
UCSF Teaching Excellence	teaching	2
UCSF research campus	new development zones	2
UCSF research campus	zone	2
UCSF researcher	colleague	2
UCSF researcher	colleagues	2
UCSF's chief	executive	2
UCSF's chief	medical center executives	2
UCSF-Chimera	interface	2
UCSF-Chimera	molecular interfaces	2
UCT	Brearley	2
UCT	universities	4
UCT	university	4
UCT Hiddingh Campus	Venue	2
UCT Press	Athens	2
UCTA	follow	2
UCTBA	if	4
UCTBA	national tournaments if	4
UCTD	autoimmune conditions	2
UCTD	condition	2
UCTV	History	2
UCU	British unions	4
UCU	Teachers' side	2
UCU	Universities	4
UCU	dispute	2
UCU	head office	2
UCU	professional	2
UCU	professionals	2
UCU	side	2
UCU	tertiary union	2
UCU	trade union	4
UCU	trades union head offices	2
UCU	union	6
UCU Mukono	universities	2
UCU Mukono	university	2
UCU Office	Contact	2
UCU Office	UCU Contact	2
UCU US	information	2
UCU US	stock information	2
UCU US Equity	financial information	2
UCU US Equity	yield	2
UCU will	staff	2
UCV	international media	2
UCV	media	2
UCV	universities	2
UCV	university	2
UCV University Choir	choral groups	2
UCV University Choir	group	2
UCW Learning	conference presentations	2
UCW Learning	presentation	2
UCWeb	Browsers	2
UCall bus service	area	2
UCall bus service	buses serving areas	2
UCeL	Venue	4
UCentral News	netcast programs	2
UCentral News	program	2
UCi cinemas	client	2
UCi cinemas	clients	2
UClick	news outlet	2
UClick	news outlets	2
UCoSDA	Supplier	8
UCoSDA	bodies	2
UCoSDA	body	2
UCoSDA	initiative	2
UCoSDA	previous initiatives	2
UCompareHealthCare	Private websites	2
UCompareHealthCare	website	2
UCon	Category	4
UConn	Austin	4
UConn	Award	8
UConn	Conference	2
UConn	Dagger Roundtable	2
UConn	East	2
UConn	East Conference	2
UConn	East schools	2
UConn	Greensboro	2
UConn	Lexington	2
UConn	MJD	2
UConn	NCAA Top Seeds	2
UConn	NCAA title games	2
UConn	Nancy Lieberman Award	8
UConn	New England	2
UConn	Outstanding Player	2
UConn	Phoenix	4
UConn	Player	2
UConn	Recruiting	2
UConn	Roundtable	2
UConn	Seeds	2
UConn	Syracuse	2
UConn	Teams	2
UConn	Trophy	4
UConn	UW over schools	2
UConn	Wade Trophy	4
UConn	Women	12
UConn	be	6
UConn	case	4
UConn	cases	4
UConn	coach	2
UConn	college	2
UConn	country	2
UConn	current members	2
UConn	detail	2
UConn	drive	2
UConn	drives	2
UConn	east coast football programs	2
UConn	elite program	4
UConn	elite programs	2
UConn	feat	4
UConn	field	2
UConn	finish	2
UConn	following colleges	2
UConn	game	2
UConn	institution	2
UConn	institutions	2
UConn	last week	2
UConn	member	2
UConn	mess	2
UConn	playing schools	4
UConn	power	4
UConn	pressure	2
UConn	program	10
UConn	public colleges in New England	2
UConn	rival	2
UConn	rivals	2
UConn	school	28
UConn	school Ive been	2
UConn	schools	18
UConn	season	2
UConn	seed	2
UConn	soccer school	2
UConn	state agencies	2
UConn	state agency	2
UConn	strong finish	2
UConn	struggle	2
UConn	struggling	4
UConn	team	24
UConn	team in women	2
UConn	teams	6
UConn	three teams	2
UConn	time being	4
UConn	top eight seeds	2
UConn	traditional powers	4
UConn	universities	2
UConn	university	2
UConn	watch	2
UConn	week	2
UConn	woman	2
UConn	women's team	2
UConn 's Huskies	team	2
UConn 's Huskies	women 's teams	2
UConn Capoeira	organization	2
UConn Capoeira	organizations	2
UConn Health Center	System	2
UConn Health Center	University Library System	2
UConn Huskies	college sports	2
UConn Huskies	sport	2
UConn Husky	follow	2
UConn Husky	follows	2
UConn becoming	UConn	2
UConn graduate student	cast	2
UConn in Connecticut	America	2
UConn in Connecticut	North and South America	2
UConn men upset	Basketball	2
UConn men win	Basketball	2
UConn moving back	long shot	2
UConn moving back	long shots	2
UConn pair win	Ashe Courage Award	2
UConn pair win	Award	2
UConn pharmacy student	Connecticut colleges	2
UConn pharmacy student	college	2
UConn recruit Kelly	player	2
UConn recruit Kelly	players	2
UConn sophomore Charlie	Players	2
UConn sophomore Richard	player	2
UConn sophomore Richard	quality players	2
UConn sophomore Stacy	player	4
UConn sophomore Stacy	players	4
UConn teammate Tamika	high caliber teammates	2
UConn teammate Tamika	teammate	2
UConn women	attendance	2
UConn women	offer	2
UConn women	offers	2
UConn's Hilton Armstrong	man	2
UConn's Hilton Armstrong	men	2
UConn's Montgomery	conference	2
UConn's victory	NCAA tournament	4
UConn's victory	tournament	4
UConns	case	2
UConns	cases	2
UConns Maya Moore	player	2
UConns Maya Moore	players	2
UConns Montgomery	impact players	2
UConns Montgomery	player	2
UConns golf team	spring	2
UConns golf team	teams last spring	2
