BN	Abstract	2
BN	Address	100
BN	Art Gallery Address	2
BN	Attn	8
BN	Attractions Brighton Pier Address	2
BN	Author	2
BN	Back Fisk Brett Address	4
BN	Bay Lodge Hotel Address	2
BN	Belgrave Hotel Address	2
BN	Blacksmithing Institution	2
BN	Brewer Publication type	8
BN	Brighton	4
BN	Brighton Racecourse Address	2
BN	CONCORDIA	18
BN	Chatsworth Hotel Address	2
BN	Claremont Hotel Address	2
BN	Contact	6
BN	Contact Details	30
BN	Contact Harriet Fearn Address	2
BN	Contacts	4
BN	Copper pigments	2
BN	Crawford Publication type	2
BN	Culture	2
BN	Details	32
BN	Dr Robert Nurick	4
BN	Editor	2
BN	Emmerson Publication type	4
BN	England Address	2
BN	FindMyNearest	4
BN	Frank Windmeijer Publication type	2
BN	Frayne Publication type	4
BN	Goodman Publication type	6
BN	Griffith Publication type	2
BN	Harbour Master Address	2
BN	Harrison Publication type	2
BN	Head Office	2
BN	Health	2
BN	Horatio's Bar Address	2
BN	Hotel Brighton Address	2
BN	Hydro Hotel Address	2
BN	ISO country codes	2
BN	Imperial Hotel Address	2
BN	Institution	2
BN	International Club Address	2
BN	Joogleberry Playhouse Address	2
BN	Judith Cooper Address	2
BN	Julian McCrae Publication type	2
BN	Klemm Publication type	2
BN	Life Cycle Address	2
BN	Location	4
BN	Love Publication type	6
BN	Name	2
BN	Nurick	4
BN	Office	2
BN	Oldfield Publication type	4
BN	Partners	2
BN	Place Baptist Church Address	2
BN	Post	2
BN	Postal address	2
BN	Principal Investigator	6
BN	Programme Manager Address	2
BN	Public Authority	2
BN	Publication type	4
BN	Publisher	2
BN	Region	2
BN	Registered Office	2
BN	Registered office	68
BN	Registrar	2
BN	Sako Publication type	4
BN	Sea Life Centre Address	2
BN	Service Type	2
BN	Shaw Publication type	2
BN	Shephard Publication type	2
BN	Simpson Publication type	4
BN	Sources	4
BN	Southern Water Contact Address	4
BN	Standard Research Principal Investigator	6
BN	Steve Winterberg	24
BN	TV station	2
BN	Tetlow Publication type	2
BN	Type	2
BN	Venue	2
BN	Vera-Hernandez Publication type	4
BN	WORLDWIDE CONCORDIA	8
BN	WORLDWIDE VOLUNTARY CONCORDIA	10
BN	Wakefield Publication type	2
BN	Winterberg	24
BN	address	2
BN	bookstore	4
BN	boride	2
BN	borides	2
BN	clicking here Address	8
BN	coalition	2
BN	computer part	2
BN	contact	68
BN	contact Helen Gorman Address	4
BN	country code	2
BN	declaration	2
BN	designation	2
BN	detail	8
BN	following address	2
BN	full postcodes	2
BN	information	2
BN	leaflet	4
BN	leaflets	2
BN	liar	2
BN	local Agency office	2
BN	losing parties	2
BN	model designations	2
BN	nationality leaflets	2
BN	office	70
BN	on many Bosnian TV stations	2
BN	online bookstores	4
BN	org Post	2
BN	page Contact details	8
BN	parties	2
BN	party	4
BN	pigment	2
BN	post	2
BN	postcode	2
BN	reactor	2
BN	reactors	2
BN	recycle old computer parts	2
BN	refractory epilepsy Author	2
BN	rural area	2
BN	rural areas	2
BN	semiconductor	2
BN	semiconductors	2
BN	solemn declaration	2
BN	specifier	2
BN	staff Address	2
BN	subjunctive Culture	2
BN	times Head Office	2
BN	two-letter format specifiers	2
BN	type	68
BN	uk Postal address	2
BN	uk UpMyStreet FindMyNearest	4
BN	vehicle	2
BN Biscuits	companies	2
BN Biscuits	company	2
BN FP Equity	company news	2
BN FP Equity	month	2
BN FP Equity	news	2
BN FP Equity	past three months	2
BN Gallica collection	gime theatre	2
BN Gallica collection	theatre	2
BN TF Commander	official	2
BN TF Commander	officials	2
BN dregs	devil	2
BN here	Rightmove	12
BN-pairs	geometric structures	2
BN-pairs	structure	2
BNA	AFO	2
BNA	conclusion	2
BNA	erroneous conclusion	2
BNA	financier	2
BNA	financiers	2
BNA	organisation	2
BNA	professional organisations	2
BNA ABU DHABI	regional business training center	2
BNA ABU DHABI	training center	2
BNA International books	international business publications	2
BNA International books	publication	2
BNA Premier	electronic resources	2
BNA Premier	resource	2
BNAFU	Citizens	2
BNAT	A-Thon	2
BNAT	Thon	2
BNB	CANADIAN EQUITY MOVERS	6
BNB	MOVERS	6
BNBEYOND	time	2
BNBMARC Currency Survey	independent performance measurement studies	2
BNBMARC Currency Survey	study	2
BNC	RF coaxial connectors	2
BNC	bottom-half boathouse side crews	2
BNC	coaxial connector	2
BNC	connector	6
BNC	connector types	2
BNC	corpora	2
BNC	corpus	4
BNC	crew	2
BNC	general purpose connectors	2
BNC	language	2
BNC	mixed corpora	2
BNC	option	2
BNC	same standard	2
BNC	servicer	2
BNC	servicers	2
BNC	standard	2
BNC	type	24
BNC	types	22
BNC	video options	2
BNC Baby	XML	2
BNC Baby	corpora in XML	2
BNC Mortgage	business	4
BNC Sampler	XML	2
BNC Sampler	corpora in XML	2
BNC Sampler Corpus	corpora	2
BNC Sampler Corpus	corpus	2
BNC connector	coaxial connector	2
BNC connectors	installation	2
BNC connectors	non-flange options	2
BNC connectors	option	2
BNC connectors	quicker installation	2
BNC sampler	corpus	2
BNC sampler	normative corpus	2
BNC-baby	XML document	2
BNC-baby	document	2
BNCC	parade	2
BNCC-Rover Scout Building	Architectural Details	2
BNCC-Rover Scout Building	Details	2
BNCI	French banks	2
BNCI	bank	2
BNCS	Resources Technology	2
BNCS	Technology	2
BNCWeb	concordancing software	4
BNCWeb	software	4
BND	SPIEGEL	2
BND	See	18
BND	news	2
BND	stories	2
BND	story	2
BND Sport	Course	4
BND in Germany	intelligence agencies	2
BND in Germany	intelligence agency	2
BND intelligence service	government agencies	2
BND intelligence service	government agency	2
BND organizers	city shopping centers	2
BND organizers	shopping center	2
BND students	placement	2
BND students	placements	2
BNDES	Brazilian state entities	2
BNDES	Rio de Janeiro	4
BNDES	controller	2
BNDES	controllers	2
BNDES	creditor	4
BNDES	creditors	4
BNDES	entity	2
BNDES	head offices here	2
BNDES	here	2
BNDES	institution	4
BNDES	integral subsidiaries	2
BNDES	national institutions	4
BNDES	subsidiary	2
BNDES development bank will	State-run financial institutions	2
BNDES development bank will	financial institution	2
BNDESPAR	integral subsidiaries	2
BNDESPAR	subsidiary	2
BNDP member Giwargis	Ninawa	2
BNDfC	financial support	2
BNDfC	news	4
BNDfC will give	funder	2
BNDfC will give	funders	2
BNDs	professional qualifications	2
BNDs	qualification	2
BNE	bank	2
BNE	banks	2
BNE	label	2
BNE	on labels	2
BNET	See stories	2
BNET	story	2
BNET US	type	2
BNET site	data	2
BNET site	vendor data	2
BNF	CD-ROM format	2
BNF	Decision support material	2
BNF	Information sources	2
BNF	NHS information resources	2
BNF	book	2
BNF	companies	2
BNF	company	2
BNF	data sheets world wide	2
BNF	database	2
BNF	drug	2
BNF	drugs	2
BNF	format	2
BNF	free books	2
BNF	information	2
BNF	material	2
BNF	movement	2
BNF	movements	2
BNF	official sources of information	2
BNF	online resource	2
BNF	online resources	2
BNF	open proprietary databases	2
BNF	process	2
BNF	processes	2
BNF	program	4
BNF	programs	4
BNF	relevant resources	2
BNF	resource	6
BNF	resources	2
BNF	source	2
BNF	source of information	2
BNF	wide	2
BNF Education News	publication	2
BNF Education News	publications	2
BNFL	Collaborators	2
BNFL	Companies	2
BNFL	FTSE clients	2
BNFL	Funding	2
BNFL	Industrial Collaborators	2
BNFL	Industrial partners	2
BNFL	MTD	2
BNFL	Sources	4
BNFL	UK's major companies	2
BNFL	UKAEA	4
BNFL	attendee	2
BNFL	bodies	4
BNFL	body	4
BNFL	business	2
BNFL	businesses	2
BNFL	client	8
BNFL	clients	4
BNFL	collaborations Industrial partners	2
BNFL	commercial organisations	2
BNFL	companies	20
BNFL	company	26
BNFL	company's creditors	2
BNFL	corporate clients	2
BNFL	corporation	2
BNFL	corporations	2
BNFL	creditor	2
BNFL	department	2
BNFL	departments	2
BNFL	employer	2
BNFL	employers	2
BNFL	existing organisations	2
BNFL	industrial partner	2
BNFL	industrial partners	2
BNFL	industrial sources	2
BNFL	industry	4
BNFL	industry' majors	2
BNFL	international companies	2
BNFL	major	2
BNFL	nuclear industry	4
BNFL	nuclear organisations	2
BNFL	organisation	142
BNFL	organisations	136
BNFL	outreach programmes	2
BNFL	partners will	2
BNFL	private companies	2
BNFL	private company	2
BNFL	programme	2
BNFL	recent course attendees	2
BNFL	responsibility	2
BNFL	shortlisted	4
BNFL	source	2
BNFL	user	2
BNFL	users	2
BNFL	will	2
BNFL	won	2
BNFL Science Week	work experience	2
BNFL fuel business group	nuclear operations	2
BNFL fuel business group	operation	2
BNFL logotype	current graphic identity	2
BNFL logotype	identity	2
BNFL plc	Europe	2
BNFL plc	organizations in Europe	2
BNFL site	physics	2
BNFL site	radiation physics	2
BNFMPP	titanium	2
BNG	Companies	2
BNG	consortium	2
BNG	event	2
BNG	government	2
BNG	organisations working	2
BNG	work	2
BNGL	client	2
BNGL	clients	2
BNH Hospital	branch	2
BNH Hospital	branches	2
BNHI Taipei	COLD NOT NECESSARY	2
BNHI Taipei	NECESSARY	2
BNHI Taipei	YEAR	2
BNHI Taipei	YEARS	2
BNHI Taipei	health care spending	2
BNHI Taipei	spending	2
BNHS	organisation	2
BNHS	organisations	2
BNI	NHS database list	2
BNI	Nursing indexes	2
BNI	baniking stocks	2
BNI	bank	2
BNI	banks	2
BNI	business meeting	2
BNI	business meetings	2
BNI	clinical databases	2
BNI	database	10
BNI	databases	2
BNI	group	2
BNI	index	2
BNI	instant service offices	2
BNI	list	2
BNI	networking group	2
BNI	office	2
BNI	on blue chip stocks	2
BNI	on databases	4
BNI	organisation	4
BNI	organisations	2
BNI	published research	2
BNI	research	2
BNI	searching individual databases	2
BNI	selected stocks	2
BNI	source	4
BNI	stock	6
BNI	type	2
BNI Pension Fund	institution	2
BNI Pension Fund	institutions	2
BNI Publications	Further information	2
BNI Publications	information	2
BNI US	information	2
BNI US	stock information	2
BNI executive	person	4
BNI executive	sixth person	4
BNIM	Advisor	2
BNIM	Owner's Sustainability Advisor	2
BNIM	firm	2
BNIM	international architecture firms	2
BNIP	effector	2
BNIP	through novel effectors	2
BNIR	Special Forces	2
BNIR	Tunisian Special Forces	2
BNJI	directed projects	4
BNJI	project	4
BNK	NI codes	6
BNK	See	2
BNK	See story	2
BNK	TSX	2
BNK	code	6
BNK	industry news	24
BNK	news	24
BNK	see	2
BNK	stories	4
BNK	story	30
BNK Petroleum	companies	2
BNK Petroleum	company	2
BNL	Department of Energy Laboratories	2
BNL	Europe	2
BNL	Laboratories	2
BNL	acquisition	2
BNL	bank	2
BNL	banks	2
BNL	enterprise	2
BNL	enterprises	2
BNL	facilities	2
BNL	facilities in Europe	2
BNL	facility	2
BNL	recent acquisitions	2
BNL	recording	2
BNL	recordings	2
BNL US	companies	4
BNL US	company	4
BNL deal	bank takeovers	4
BNL deal	takeover	4
BNM	Moderate growth in bank loans	4
BNM	bank loan	4
BNM	monetary policy	4
BNM officials	ministry official	2
BNM officials	ministry officials	2
BNM track review	breathless praise	2
BNM track review	praise	2
BNMIT-ISTE Student Chapter	Technology	2
BNN	News	2
BNN	following groups	2
BNN	group	2
BNN TV	on television as well	2
BNN TV	well	2
BNO passport	way	2
BNP	Alliance	2
BNP	BNP's long march	2
BNP	Bangladesh	4
BNP	Bangladesh's parliament	2
BNP	Banks	2
BNP	Britain	2
BNP	British politics	2
BNP	Echo	2
BNP	Fascist parties	2
BNP	Four-Party Alliance	2
BNP	French banks	6
BNP	Groups	10
BNP	Only then will parties	2
BNP	Opposition Benches	2
BNP	Organisations	2
BNP	Parliament	4
BNP	Parties	2
BNP	Political parties	2
BNP	Practices	2
BNP	References	2
BNP	South Lakeland Lib Dem losses	2
BNP	Sunderland	2
BNP	Tags	4
BNP	Technorati Tags	2
BNP	Technorati tag	2
BNP	active parties	2
BNP	agent bank	2
BNP	alliance	2
BNP	anti-EU campaigners	2
BNP	bank	12
BNP	banks	2
BNP	be	2
BNP	benefit fringe parties	2
BNP	bunch	2
BNP	business	2
BNP	businesses	2
BNP	campaigner	2
BNP	candidate	2
BNP	candidates	2
BNP	categories	102
BNP	category	102
BNP	challenge	2
BNP	company	2
BNP	company's creditor banks	2
BNP	constituent	4
BNP	creditor bank	2
BNP	distasteful views	2
BNP	excluding black players	4
BNP	extreme groups	2
BNP	extreme parties	6
BNP	extreme right-wing groups	2
BNP	extremist	10
BNP	extremist groups	4
BNP	extremist organisations	2
BNP	extremist parties	12
BNP	extremists	8
BNP	far right	2
BNP	far right groups	10
BNP	far right organisations	2
BNP	far-right groups	2
BNP	far-right parties	4
BNP	far-right political parties	10
BNP	fascist	6
BNP	fascist group	8
BNP	fascist groups	6
BNP	fascist organisations	24
BNP	fascist organisations have been	2
BNP	fascist parties	4
BNP	fascist party	4
BNP	fascists	2
BNP	financial companies	2
BNP	financial group	2
BNP	financial groups	2
BNP	foreign political parties	2
BNP	four agent banks	2
BNP	four-party alliance	2
BNP	fringe parties	4
BNP	fund manager	2
BNP	global banks	2
BNP	gowing party	2
BNP	group	40
BNP	groups	14
BNP	growing party in Britain	2
BNP	hard-line party	2
BNP	hormone	2
BNP	implication	4
BNP	leader of the opposition	2
BNP	leaders of the opposition	2
BNP	leading parties	2
BNP	leech	2
BNP	legal political party	2
BNP	legal safe political party	2
BNP	lethal weapon	2
BNP	long march	2
BNP	loss	2
BNP	low turn-outs help parties	2
BNP	message	2
BNP	messages	2
BNP	minority	2
BNP	minority parties	2
BNP	minority party	2
BNP	natriuretic peptides	2
BNP	office	2
BNP	on Dhaka-Ctg route	2
BNP	ongoing electoral successes In Sunderland	2
BNP	opposition	2
BNP	opposition parties	12
BNP	opposition party	12
BNP	organisation	44
BNP	organisations	8
BNP	organization	8
BNP	organizations	8
BNP	outside extremists	2
BNP	pages References	2
BNP	parities	2
BNP	parity	2
BNP	parliament	2
BNP	parliamentary opposition group	2
BNP	particular area of concern Practices	2
BNP	parties	34
BNP	parties in Bangladesh	4
BNP	party	96
BNP	people	4
BNP	peptide	2
BNP	peptide hormones	2
BNP	player	4
BNP	political leeches	2
BNP	political parties	10
BNP	political party	30
BNP	political party offices	2
BNP	political representative	2
BNP	political representatives	2
BNP	political website	2
BNP	politics	2
BNP	poor turnout	4
BNP	project	2
BNP	racist group	6
BNP	racist groups	6
BNP	racist organisations	6
BNP	racist parties	2
BNP	racist political parties	2
BNP	recruitment tool	12
BNP	right	2
BNP	right wing fascist groups	2
BNP	right wing groups	2
BNP	right wing parties	2
BNP	right-wing parties	6
BNP	rival political parties	2
BNP	route	2
BNP	shady bunch	2
BNP	stop parties	2
BNP	strong views	2
BNP	tag	2
BNP	threat	2
BNP	through leading fund managers	2
BNP	tool	12
BNP	topics	2
BNP	turnout	4
BNP	ultra-right	2
BNP	unwelcome parties	2
BNP	used lethal weapons	2
BNP	view	24
BNP	way	2
BNP	website	2
BNP Chairperson Khaleda	candidate	2
BNP Chairperson Khaleda	candidates	2
BNP LONDON	garden party	2
BNP LONDON	royal garden party	2
BNP PARISBAS	recruiter	2
BNP PARISBAS	recruiters	2
BNP Paribas	Banks	16
BNP Paribas	Barclays	2
BNP Paribas	Big names	2
BNP Paribas	CPA capital	4
BNP Paribas	China	2
BNP Paribas	Citic Pacific's foreign exchange contracts	2
BNP Paribas	European bank	2
BNP Paribas	European banks	22
BNP Paribas	European financial institutions	2
BNP Paribas	European lenders	2
BNP Paribas	European peers	2
BNP Paribas	European rivals	4
BNP Paribas	Experts say banking giants	2
BNP Paribas	Food Program	2
BNP Paribas	France's top six banks	12
BNP Paribas	French banks	8
BNP Paribas	French companies will	2
BNP Paribas	French rivals	2
BNP Paribas	Leading French banks	2
BNP Paribas	MNCs	2
BNP Paribas	Middle East	6
BNP Paribas	North America	8
BNP Paribas	Program	2
BNP Paribas	Vivendi 's banks	2
BNP Paribas	Vivendi's banks	2
BNP Paribas	Western banks	8
BNP Paribas	account	2
BNP Paribas	accounts	2
BNP Paribas	advertiser	2
BNP Paribas	bank	126
BNP Paribas	bank syndicate	2
BNP Paribas	banking giant	4
BNP Paribas	banking shares	2
BNP Paribas	banks	40
BNP Paribas	beating expectations	4
BNP Paribas	brokerage	8
BNP Paribas	brokerages	8
BNP Paribas	capital	4
BNP Paribas	client	6
BNP Paribas	clients	6
BNP Paribas	commercial Banks	2
BNP Paribas	companies	4
BNP Paribas	company	8
BNP Paribas	competitor	2
BNP Paribas	competitors	2
BNP Paribas	contract	2
BNP Paribas	corporation	4
BNP Paribas	countries	4
BNP Paribas	country	4
BNP Paribas	creditor	6
BNP Paribas	customer	4
BNP Paribas	customers	4
BNP Paribas	expectation	4
BNP Paribas	fall in stocks	2
BNP Paribas	famous companies	2
BNP Paribas	financial group	4
BNP Paribas	financial groups	4
BNP Paribas	financial institution	24
BNP Paribas	financial institutions	16
BNP Paribas	financial services industry	2
BNP Paribas	firm	2
BNP Paribas	firm's interests	2
BNP Paribas	firms	2
BNP Paribas	foreign banking giants	2
BNP Paribas	foreign banks	14
BNP Paribas	foreign financial institutions	2
BNP Paribas	foreign fund houses	2
BNP Paribas	foreign investor	6
BNP Paribas	foreign investors	2
BNP Paribas	foreign players	2
BNP Paribas	franchise	2
BNP Paribas	fund manager	2
BNP Paribas	fund managers	2
BNP Paribas	global advertisers	2
BNP Paribas	global banks	2
BNP Paribas	global corporations	2
BNP Paribas	global financial institutions	2
BNP Paribas	government contract	6
BNP Paribas	group	4
BNP Paribas	heavyweight	4
BNP Paribas	heavyweights	4
BNP Paribas	house	2
BNP Paribas	industry	2
BNP Paribas	insurance stocks	2
BNP Paribas	interest	2
BNP Paribas	international bank	14
BNP Paribas	international banking corporations	2
BNP Paribas	international banks	14
BNP Paribas	international financial institutions	2
BNP Paribas	international investor	6
BNP Paribas	international investors	6
BNP Paribas	international lender	2
BNP Paribas	international lenders	2
BNP Paribas	investment bank	2
BNP Paribas	investment banking franchise	2
BNP Paribas	investment banks	2
BNP Paribas	investor	2
BNP Paribas	leading creditors	6
BNP Paribas	lender	2
BNP Paribas	major bank	18
BNP Paribas	major banks	2
BNP Paribas	multinational company	2
BNP Paribas	name	2
BNP Paribas	peer	2
BNP Paribas	player	2
BNP Paribas	potential foreign investors	4
BNP Paribas	prominent names	2
BNP Paribas	rise	6
BNP Paribas	rival	6
BNP Paribas	scrutiny	12
BNP Paribas	share	2
BNP Paribas	shareholder	2
BNP Paribas	shareholders	2
BNP Paribas	shares rise	6
BNP Paribas	stock	4
BNP Paribas	under scrutiny	12
BNP Paribas	unlike rival groups	4
BNP Paribas	way major banks	16
BNP Paribas	week	4
BNP Paribas	well-known multinational companies	2
BNP Paribas	will	2
BNP Paribas	world	2
BNP Paribas	world's largest companies	2
BNP Paribas Fortis	equipment manufacturer	2
BNP Paribas Fortis	equipment manufacturers	2
BNP Paribas Lease Group	asset finance	4
BNP Paribas Lease Group	finance	4
BNP Paribas Open	Next tournament	4
BNP Paribas Open	event	2
BNP Paribas Open	sporting events	2
BNP Paribas Open	tournament	4
BNP Paribas Peregrine HONG KONG	deflation	2
BNP Paribas SA	Europe	4
BNP Paribas SA	Financial stocks in Europe	4
BNP Paribas SA	bank	4
BNP Paribas SA	country's leading banks	2
BNP Paribas SA	leading French banks	2
BNP Paribas SA Chief Executive Officer	banking officials	2
BNP Paribas SA Chief Executive Officer	official	2
BNP Paribas Societe Generale	bank	8
BNP Paribas Societe Generale	banks	8
BNP Paribas banks	vote	4
BNP Paribas banks	votes	4
BNP Paribas chief PARIS	crisis	2
BNP Paribas chief PARIS	insolvency crisis	2
BNP Paribas shot	financial	2
BNP Paribas shot	financials	2
BNP Scotland	campaigner	2
BNP Scotland	campaigners	2
BNP Senior Joint	individual	2
BNP Senior Joint	individuals	2
BNP Senior Joint	person	2
BNP Senior Joint	persons	2
BNP Students	group	2
BNP Students	groups	2
BNP activists	people	2
BNP ammunition	parties	2
BNP ammunition	party	2
BNP cadre Murad	people	2
BNP can make	parties	2
BNP can make	party	2
BNP candidate	allies	2
BNP candidate	ally	2
BNP central office	centre	2
BNP central office	feeding centres	2
BNP councilor	BNP	2
BNP gaining legitimacy	fascist parties	2
BNP gaining legitimacy	fascist party	2
BNP history	historical topics	2
BNP history	topics	2
BNP in England	organisation	2
BNP in England	organisations	2
BNP lawmakers	bencher	2
BNP lawmakers	treasury benchers	2
BNP leader	say	2
BNP leader	top leaders	6
BNP leadership	politician	2
BNP leadership	politicians	2
BNP logos	Racist graffiti	2
BNP logos	graffito	2
BNP member of parliament Khairul	people	2
BNP members	Christian	2
BNP members	Christians	2
BNP members	Fascists	2
BNP members	Scottish hooligans	4
BNP members	hooligan	4
BNP members	taxpayer	2
BNP members	taxpayers	2
BNP men	dead	2
BNP rebels	candidate	2
BNP rebels	candidates	2
BNP secretary general	government leader	2
BNP secretary general	government leaders	2
BNP seizing control	extremist fringe party	2
BNP seizing control	party	2
BNP supporter Stephen	ground	2
BNP supporters	political views	2
BNP supporters	view	2
BNP will exploit	fascist group	2
BNP will exploit	fascist groups	2
BNP'S arch-rival Sheikh Hasina	opposition parties	2
BNP'S arch-rival Sheikh Hasina	opposition party	2
BNP's campaign symbols	programme	2
BNP's racism	expression	2
BNP-M chief Sardar Akhtar	political activist	2
BNP-M chief Sardar Akhtar	political activists	2
BNP-Paribas	Leading French enterprises	2
BNP-Paribas	countries	2
BNP-Paribas	country	2
BNP-Paribas	enterprise	2
BNP-Paribas MANILA	year	2
BNPA Conference Secretary	contact	2
BNPP	client	2
BNPP	clients	2
BNPP	deep South	2
BNParibas facing	European banks	2
BNParibas facing	bank	2
BNQT Media Group	digital media	2
BNQT Media Group	media	2
BNR	exile	2
BNR	existing Government in exile	2
BNRR	motorway	2
BNRR	new roads	2
BNRR	orbital motorways	2
BNRR	perimeter	2
BNRR	road	2
BNRR	urban perimeter	2
BNRR will face	New roads	2
BNRR will face	road	2
BNS	CANADIAN EQUITY MOVERS	42
BNS	CANADIAN EQUITY PREVIEW	10
BNS	MOVERS	42
BNS	PREVIEW	10
BNS	central bank	2
BNS	central banks	2
BNS CN Equity	See	2
BNS TALLINN	near Estonian waters	2
BNS TALLINN	water	2
BNSC	national organisations	2
BNSC	organisation	2
BNSF	Class I railroads	2
BNSF	North American rail networks	2
BNSF	carrier	2
BNSF	connected freight railroads	2
BNSF	employer	2
BNSF	rail line	2
BNSF	rail lines	2
BNSF	rail network	2
BNSF	railroad	8
BNSF	railroads	4
BNSF	very well	2
BNSF	well	2
BNSF Railway	American Class I railroads	2
BNSF Railway	North America	2
BNSF Railway	Washington state	2
BNSF Railway	company	6
BNSF Railway	connection	2
BNSF Railway	employer	2
BNSF Railway	freight railroad	2
BNSF Railway	notable companies	2
BNSF Railway	railroad	6
BNSF Railway	railroad freight companies	2
BNSF Railway	railroads in North America	2
BNSF Railway	railway companies	2
BNSF Railway	state	2
BNSF Railway	transportation employer	2
BNSF Railway	western Class I railroads	2
BNSF Railway freight	daily	2
BNSF Railway freight	line daily	2
BNSF railroad	Berkshire's subsidiaries	2
BNSF railroad	subsidiary	2
BNSF spokesman Steve	day	2
BNSF-CSX	BNSF	2
BNT	Bulgaria	2
BNT Sat	stream	2
BNT Sat	through European streams	2
BNTA	national organisations	2
BNTA	organisation	2
BNU	foreigner	2
BNU	foreigners	2
BNV	Code	2
BNV	ongoing	2
BNX	IATA	2
BNY Leasing Equities	arms	2
BNY Leasing Equities	leasing arms	2
BNY Mellon	Finance	2
BNY Mellon	agent	2
BNY Mellon	bank	4
BNY Mellon	banks	2
BNY Mellon	custody bank	2
BNY Mellon	dominant transfer agents	2
BNY Mellon Center	landmark	2
BNY Mellon Center	landmarks	2
BNY Mellon Classic	above international benchmarks	2
BNY Mellon Classic	benchmark	2
BNZ	bank	6
BNZ	banks	6
BNZ	wide	2
BNZ's banking pledge	Blog	4
BNZ-owner National Australia Bank	bandwagon	2
BNZ-owner National Australia Bank	carbon neutral bandwagon	2
BNeg	Palco Sunset	2
BNeg	Sunset	2
BNews Usenet newsreader	project	2
BNews Usenet newsreader	projects	2
BNote	United States	2
BNs	deterministic systems	2
BNs	system	2
