ID	737-200 jet service	4
ID	Brain Cell	2
ID	DVD collection	2
ID	Decision trees	2
ID	Early models	2
ID	ISO country codes	2
ID	KEY	2
ID	Location	2
ID	Melbourne	2
ID	Metadata	2
ID	Name	2
ID	Ordinary People	2
ID	Residence	2
ID	SGML tokens	6
ID	Store subject information	2
ID	Summation	2
ID	TV scripts	2
ID	Tech's identity management solutions	2
ID	Tokens	2
ID	USGS Map Name	2
ID	Wing	2
ID	agency	2
ID	album	2
ID	algorithm	4
ID	application	4
ID	applications	2
ID	approach	2
ID	area	2
ID	automotive industry	2
ID	bn	2
ID	book	2
ID	book Boring stuff	2
ID	cards intended purpose	2
ID	carry items	2
ID	character	2
ID	cities	2
ID	city	2
ID	club	2
ID	clubs	2
ID	collaborator	2
ID	collaborators	2
ID	collection	2
ID	column	2
ID	columns	2
ID	com KEY	2
ID	combining card functions	2
ID	control	4
ID	country code	2
ID	data type	4
ID	data types	4
ID	date	2
ID	decision tree induction algorithms	2
ID	developer	2
ID	developers	2
ID	device	2
ID	dimension	2
ID	doctrine	2
ID	document	4
ID	documents	2
ID	experience	2
ID	feature	2
ID	features in rags	2
ID	file	4
ID	following states	4
ID	food	2
ID	force creationist doctrines	2
ID	full list	4
ID	function	2
ID	guest	2
ID	guests	2
ID	health care experience	2
ID	heavyweight	2
ID	ie	2
ID	inductive learner	2
ID	industry heavyweights	2
ID	information	6
ID	instance	2
ID	item	8
ID	items	4
ID	keep valuables	2
ID	kg Residence	2
ID	label	4
ID	labels	2
ID	learner	2
ID	links	4
ID	list	4
ID	magazine	6
ID	magazines	2
ID	message	6
ID	metadata	8
ID	model	6
ID	models	4
ID	name	2
ID	network	2
ID	networks	2
ID	new features	2
ID	non-financial applications	2
ID	occurrence	2
ID	on British music magazines	2
ID	on key areas	2
ID	on labels	2
ID	on message	2
ID	opposition parties	2
ID	opposition party	2
ID	outside agencies	2
ID	participant import file	4
ID	parties	2
ID	party	2
ID	person	2
ID	person object instance	2
ID	personal information	2
ID	personal items	2
ID	playlist	2
ID	playlists	2
ID	possession	2
ID	possessions	2
ID	producer	2
ID	producers	2
ID	program	2
ID	programs	2
ID	project	2
ID	publication	4
ID	publications	4
ID	purpose	2
ID	rag	2
ID	rdf	2
ID	record	2
ID	region	4
ID	religious approach	2
ID	robot	2
ID	schizophrenic characters	2
ID	script	2
ID	see	2
ID	selected occurrence	2
ID	selling counterfeit documents	2
ID	service	6
ID	service provider	2
ID	service providers	2
ID	services	2
ID	side projects	2
ID	simple web controls	4
ID	site	2
ID	sites	2
ID	solution	4
ID	specific robot	2
ID	state	6
ID	states	2
ID	states in region	4
ID	stuff	2
ID	style magazines	2
ID	sundries	2
ID	sundry	2
ID	symbolic learning algorithms	2
ID	system	2
ID	systems	2
ID	table	2
ID	take dimensions	2
ID	television network	2
ID	television networks	2
ID	test student records	2
ID	th Fighter Wing	2
ID	token	6
ID	transcription factor	2
ID	transcription factors	2
ID	valuable	2
ID	west	2
ID Analytics	multiple vendors	2
ID Analytics	vendor	2
ID Awards	Show	4
ID Awards	Superdrug One Show	2
ID Awards	Waitrose One Show	2
ID Back	KEY	12
ID Back	org KEY	2
ID Back	uk KEY	4
ID Badges	item	2
ID Badges	promotional items	2
ID Biomedical	companies	6
ID Biomedical	company	6
ID Biomedical	manufacturer	2
ID Biomedical	manufacturers	2
ID Cabasa	artist	2
ID Cabasa	artists	2
ID Card	Technorati tag	2
ID Card	tag	2
ID Card tracking Comprehensive	Access control	2
ID Card tracking Comprehensive	HR management Access control	2
ID Cards	Badge Reels	2
ID Cards	Business	2
ID Cards	Digital IDs	2
ID Cards	Government initiative	2
ID Cards	IDs	2
ID Cards	Placards	2
ID Cards	Reels	4
ID Cards	UMX Badge Reels	2
ID Cards	controversial measures	2
ID Cards	ephemra	2
ID Cards	index	2
ID Cards	initiative	2
ID Cards	item	2
ID Cards	items	2
ID Cards	measures	4
ID Cards	repressive measures	2
ID Cards Act	UK	2
ID Choice	Errors	2
ID Choice	Erros	2
ID Choice	values-list LISTofVALUE Erros	2
ID Data	company	2
ID Data	on companies	2
ID Data	supplier	2
ID Data plc	Contact	4
ID Fields	Diskette	2
ID Games	leading gaming providers	2
ID Games	provider	2
ID ID	file	2
ID ID	participant import file	2
ID LVDAMVS	Motto	2
ID METL	NOTE	2
ID MVRMVRATIS	Motto	2
ID Magazine	business press	2
ID Magazine	cover	2
ID Magazine	covers	2
ID Magazine	press	2
ID Magazine	publication	2
ID Magazine	publications	2
ID Magazine Fifth	London	2
ID Magazine Fifth	shows in London	2
ID Media	Interpublic siblings	2
ID Media	sibling	2
ID Photo	combination	2
ID Photo	combinations	2
ID Quantique	field	2
ID SUBJECT	TAGS	2
ID Software	companies	2
ID Software	company	4
ID Software	games companies	2
ID Status	field	2
ID Status	fields	2
ID Systems	REVIEW	2
ID Systems	rslade REVIEW	2
ID Systems auction	sale	2
ID Systems auction	separate sales	2
ID Tech SecureMag	following card swipes	2
ID Tech SecureMag	swipe	2
ID Theft Protection	extra features	2
ID Theft Protection	feature	2
ID application forms	document	2
ID application forms	fraudulent documents	2
ID applications	access services	2
ID applications	service	2
ID attribute value	rdf	2
ID authentication	security measure	2
ID authentication	security measures	2
ID background checks	task	2
ID background checks	tasks	2
ID badge	credential	2
ID badge	credentials	2
ID badges	bent	2
ID badges	customisation options	2
ID badges	device	12
ID badges	eToken devices	12
ID badges	greater law-enforcement bent	2
ID badges	option	2
ID band	baby	2
ID bracelet	gold jewelry	2
ID bracelets	evidence	4
ID card	Examples	2
ID card	ID	4
ID card	Idaho	12
ID card	Kexin's age	2
ID card	Maltese passports	2
ID card	Proof of eligibility	4
ID card	Proper identification	2
ID card	Source	2
ID card	adequate record	4
ID card	age	4
ID card	agency	4
ID card	application	4
ID card	applications	2
ID card	bone	2
ID card	card	2
ID card	cards	2
ID card	carrying false identification documents	6
ID card	citizenship	4
ID card	clue	2
ID card	clues	2
ID card	consortium	4
ID card	content	2
ID card	cursory inspection	2
ID card	document	24
ID card	documentation	2
ID card	documents	6
ID card	documents in consortium	4
ID card	employee	2
ID card	first visit	2
ID card	girl	2
ID card	government	4
ID card	identification	10
ID card	identifying document	8
ID card	identity	4
ID card	identity card	2
ID card	identity cards	2
ID card	identity paper	2
ID card	image	2
ID card	inspection	2
ID card	institution	2
ID card	institutions	2
ID card	is age	2
ID card	issuing agency	4
ID card	item	2
ID card	items	2
ID card	measure	4
ID card	measures	4
ID card	minor thing	2
ID card	necessary documents	2
ID card	new Montenegrin identity papers	2
ID card	official documentation	2
ID card	on key documents	2
ID card	on request	2
ID card	own passport	2
ID card	passport	4
ID card	photo ID	2
ID card	photographic ID	4
ID card	piece	2
ID card	proof	2
ID card	record	4
ID card	request	2
ID card	scale public domain application	2
ID card	service	2
ID card	services	2
ID card	show identification	4
ID card	six bones	2
ID card	status	4
ID card	system	2
ID card	thing	4
ID card	title images	2
ID card	tougher measures	4
ID card	valid photo ID	2
ID card	visit	2
ID card nonsense	whole	2
ID card number	HIV patients	2
ID card number	concerning personal information	2
ID card number	information	2
ID card number	material	2
ID card number	patient	2
ID card number	personal materials	2
ID card numbers	Germany	2
ID card numbers	laborer	2
ID card numbers	on potential laborers	2
ID card numbers	section	2
ID card numbers	sections	2
ID card reader	new ID recognition system	2
ID card reader	system	2
ID card requirements might	process	2
ID card requirements might	time-consuming processes	2
ID card system	country	8
ID card system	fact in countries	8
ID cards	Bills	2
ID cards	Blair's policies	2
ID cards	Britain	2
ID cards	Card-type color-coding	2
ID cards	Documents	2
ID cards	GIs' belongings	2
ID cards	IDs	2
ID cards	Key phrases	2
ID cards	Military identification	2
ID cards	Muslim	2
ID cards	Muslims	2
ID cards	Personal belongings	8
ID cards	Plus	2
ID cards	Quote	2
ID cards	SIS security standard	2
ID cards	So	2
ID cards	Speech	2
ID cards	Tags	2
ID cards	UK state	2
ID cards	activity	2
ID cards	addressing issues	12
ID cards	administrative duties	2
ID cards	administrative duty	2
ID cards	agenda	2
ID cards	application	8
ID cards	applications	6
ID cards	area	2
ID cards	asylum seeker	2
ID cards	asylum seekers	2
ID cards	belonging	2
ID cards	biomedical issues	2
ID cards	bn	2
ID cards	body	4
ID cards	border	2
ID cards	borders	2
ID cards	bureaucracy	2
ID cards	campus	2
ID cards	can muster	2
ID cards	card	2
ID cards	central government	2
ID cards	certificate	4
ID cards	certificates	4
ID cards	civil liberties	2
ID cards	civil liberties issues	2
ID cards	civil liberty	4
ID cards	civil liberty issues	2
ID cards	code	2
ID cards	contactless Smart Card applications	2
ID cards	control	6
ID cards	controversial laws	2
ID cards	controversial measures	2
ID cards	conveyor belt	2
ID cards	country	2
ID cards	cut low priority programmes	2
ID cards	daily	2
ID cards	daily life	2
ID cards	document	52
ID cards	documentation	2
ID cards	documents	30
ID cards	draconian measures	2
ID cards	draft Bills	2
ID cards	emerging privacy issues	4
ID cards	ephemera	2
ID cards	equipment	2
ID cards	existing government programmes	2
ID cards	fake paperwork	2
ID cards	false documents	8
ID cards	financial instrument	4
ID cards	financial instruments	4
ID cards	forged documents	2
ID cards	form	8
ID cards	forms	8
ID cards	forward	2
ID cards	general identification	4
ID cards	government IDs	2
ID cards	government agencies	2
ID cards	government agency	2
ID cards	government projects	2
ID cards	heavy legislative agenda	2
ID cards	high quality photo identification cards	2
ID cards	high-value cards	2
ID cards	idea	2
ID cards	ideas	2
ID cards	identification	8
ID cards	identification card	2
ID cards	identifying bodies	4
ID cards	identity document	2
ID cards	identity documents	2
ID cards	identity systems	4
ID cards	idiocies	2
ID cards	idiocy	2
ID cards	illegal alien	2
ID cards	improvement	2
ID cards	improvements	2
ID cards	industrial zone	4
ID cards	information	2
ID cards	initiative	4
ID cards	initiatives	4
ID cards	intrusive measures	4
ID cards	intrusive state activities	2
ID cards	issue	42
ID cards	issues	8
ID cards	item	8
ID cards	items	6
ID cards	key policies	2
ID cards	last parliament	2
ID cards	law	4
ID cards	legacy in policies	2
ID cards	legal document	4
ID cards	legal documents	4
ID cards	liberalism	2
ID cards	liberty	2
ID cards	life	2
ID cards	majority	2
ID cards	market	2
ID cards	markets	2
ID cards	material	2
ID cards	materials	2
ID cards	measures	24
ID cards	muster	2
ID cards	mysterious items	2
ID cards	non-academic issues	2
ID cards	obvious sensitivities	8
ID cards	official documents	4
ID cards	official government documentation	2
ID cards	on campus	2
ID cards	on civil liberties	2
ID cards	on issues	8
ID cards	on liberty	2
ID cards	on particular topics	2
ID cards	order measures	2
ID cards	ordinary people	2
ID cards	paperwork	6
ID cards	parliament	2
ID cards	peace	2
ID cards	permit	2
ID cards	permits	2
ID cards	personal information	2
ID cards	personal property	6
ID cards	phony documents	4
ID cards	phrase	2
ID cards	piece of legislation	4
ID cards	pipeline	2
ID cards	policies	2
ID cards	policy	8
ID cards	product	10
ID cards	products	4
ID cards	programme	6
ID cards	programmes	2
ID cards	project	4
ID cards	projects	2
ID cards	proposal	2
ID cards	proposals	2
ID cards	protection	2
ID cards	protections	2
ID cards	purpose	2
ID cards	purposes	2
ID cards	put forward	2
ID cards	reduced majority	2
ID cards	related issues	2
ID cards	related products	6
ID cards	repressive laws	2
ID cards	repressive measures	2
ID cards	routine bureaucracy	2
ID cards	s Speech	2
ID cards	scheme	4
ID cards	schemes	2
ID cards	secure Britain	2
ID cards	secure documents	2
ID cards	security	6
ID cards	security system	6
ID cards	see measures	2
ID cards	sensitivity	8
ID cards	silly spills	2
ID cards	similar documents	2
ID cards	site	2
ID cards	solution	2
ID cards	solutions	2
ID cards	solutions in areas	2
ID cards	sophisticated security systems	6
ID cards	spending	2
ID cards	spill	2
ID cards	sponsor	2
ID cards	standard	2
ID cards	state	2
ID cards	subject	2
ID cards	subjects	2
ID cards	surveillance	2
ID cards	system	4
ID cards	team's technology	2
ID cards	technologies	6
ID cards	technology	8
ID cards	topics	2
ID cards	uncomfortable viewing	2
ID cards	unnecessary government schemes	2
ID cards	unnecessary spending	2
ID cards	urgent measures	2
ID cards	us carry daily	2
ID cards	use	2
ID cards	uses	2
ID cards	view	2
ID cards	zone	4
ID cards Bill	Bills	2
ID cards Bill	Controversial measures	2
ID cards Bill	measure	2
ID cards Student activity	item	2
ID cards Student activity	items	2
ID cards bill	Controversial measures	2
ID cards bill	measure	2
ID cards bill	new law	2
ID cards bill	new laws	2
ID cards might well	controversial measures	2
ID cards might well	measures	2
ID cards scheme start	project	2
ID cards scheme start	projects	2
ID cards will	if future legislation	2
ID cards will	issue	2
ID cards will	legislation	2
ID cards will	on issues	2
ID cards' will	Source	4
ID checks	Security measures	2
ID checks	come	4
ID checks	coming	4
ID checks	draft	2
ID checks	heightened security measures	2
ID checks	measures	2
ID checks	on alternative law drafts	2
ID checks	security	4
ID checks	security measure	2
ID checks	tight security	4
ID chips	United States	2
ID code	identifier	2
ID code	personal identifiers	2
ID codes	additional information	2
ID codes	parts code prefix	2
ID codes	prefix	2
ID control	feature	2
ID control	through specific features	2
ID document	thing	2
ID exercise	peace deal	4
ID exercise	peace deals	4
ID field	fields	2
ID fraud	Crime Prevention	2
ID fraud will	crime	2
ID fraud will	electronic crimes	2
ID hoop earrings	Craze in point	2
ID hoop earrings	point	2
ID information will	Personal information	2
ID information will	information	2
ID magazine	glossy magazine	2
ID magazine	glossy magazines	2
ID management	process	6
ID management	security processes	6
ID number	basic information	2
ID number	basic project information	2
ID number	detail	2
ID number	details	2
ID number	image	2
ID number	information	10
ID number	personal data	4
ID number	record	2
ID number	records	2
ID number	thing	2
ID number	things	2
ID numbers	Unique identifiers	2
ID numbers	biographical information	2
ID numbers	digit grouping	2
ID numbers	feature	8
ID numbers	group	2
ID numbers	hold information	2
ID numbers	identifier	2
ID numbers	identity	2
ID numbers	information	8
ID numbers	number sequences	2
ID numbers	personal data	2
ID numbers	property	2
ID numbers	sequence	2
ID numbers	special access features	6
ID numbers	special features	2
ID numbers	student	2
ID numbers	students	2
ID photo	printout	4
ID photo	versatile photo printouts	4
ID plan	Schumer's proposals	2
ID plan	proposal	2
ID plates	marking	2
ID plates	markings	2
ID programs	potential remedies	2
ID programs	remedy	2
ID requirements	measures	2
ID rhombi	Quasiregular	2
ID selector	Selector	2
ID selector	simple selector	2
ID sheets	non-native species	2
ID sheets	species	2
ID systems	equipment	4
ID systems	new technology	2
ID systems	through new technology	2
ID tags	Local News	2
ID tags	News	2
ID tags	jewelry	6
ID tags	mimic regular jewelry	2
ID tags	ornament	4
ID tags	pet jewelry	4
ID tags	pet ornaments	4
ID theft	bad change	4
ID theft	brief	2
ID theft	case scenario	2
ID theft	change	4
ID theft	charge	2
ID theft	charges	2
ID theft	crime	8
ID theft	issue	4
ID theft	on issues	4
ID theft	on topics	2
ID theft	scenario	2
ID theft	security problem	4
ID theft	security problems	4
ID theft	topic	2
ID theft	week's brief	2
ID-Cap	technologies	2
ID-Cap	technology	2
ID-Group	Speaker	2
ID-WSF	protocol	2
ID-WSF	protocols	2
ID-cards	access' initiatives	2
ID-cards	initiative	2
ID-theft protection company	GROWING STRONG	2
ID-theft protection company	STRONG	2
IDA	FEATURES	4
IDA	IATA	2
IDA	Ireland	2
IDA	Semi-State bodies	2
IDA	State bodies	2
IDA	Tehrenet	2
IDA	algorithm	2
IDA	charity	2
IDA	database	2
IDA	databases	2
IDA	dissembler	2
IDA	easier reading	2
IDA	following international groups	2
IDA	government bodies	2
IDA	government body	2
IDA	group	2
IDA	network	2
IDA	network service	2
IDA	network services	2
IDA	off-the-shelf tools	2
IDA	organisation	2
IDA	organization	2
IDA	organizations	2
IDA	production	2
IDA	program	2
IDA	public charity	2
IDA	read	2
IDA	single-agent search algorithm	2
IDA	state boards in Ireland	2
IDA	tool	2
IDA	town	2
IDA Awards	award	2
IDA Awards	distinguished awards	2
IDA Industrial Park	post	6
IDA Pare Lorentz	award	2
IDA Pare Lorentz	awards	2
IDA design exposition	activities	4
IDA design exposition	activity	4
IDA get	development efforts	2
IDA get	effort	2
IDA spokesperson	NIH last year	2
IDA spokesperson	year	2
IDA's growing focus	factor	2
IDA's growing focus	factors	2
IDAHO	ATTN	2
IDAHO	F JOBS REPORT	4
IDAHO	JOBS REPORT	4
IDAHO	REPORT	8
IDAHO ROBERTSON	HOURS	2
IDAHO founder Louis-Georges	speaker	2
IDAHO founder Louis-Georges	speakers	2
IDAL	organization	2
IDAL	people's organizations	2
IDAMS	software	2
IDAMS	statistical software	2
IDAPB protest	protests	2
IDAR	IRAC	2
IDARESA	European projects	2
IDARESA	project	2
IDAT	committee	4
IDAT	committees	4
IDAbc	particular	2
IDAs	tool	2
IDAs	tools	2
IDB	ACTION	4
IDB	Empey	2
IDB	Europe	2
IDB	Government agencies	2
IDB	Israel's top ten companies	2
IDB	Sir Reg Empey	2
IDB	Writetrhu	6
IDB	bank	8
IDB	bodies	4
IDB	body	4
IDB	company	2
IDB	donor	2
IDB	donors	2
IDB	financial institution	2
IDB	firm	2
IDB	form	2
IDB	institution	4
IDB	institutions	2
IDB	international community	2
IDB	international financial institutions	2
IDB	lender	2
IDB	like finance firms	2
IDB	multilateral source	2
IDB	partner	4
IDB	partners	4
IDB	policy development institutions	2
IDB	regional bank	8
IDB	single source	4
IDB	source	6
IDB	st Ld-Writetrhu	6
IDB BUENOS AIRES	demand	2
IDB BUENOS AIRES	meet social demands	2
IDB Communications Group	California	2
IDB GUATEMALA CITY	battle poverty	2
IDB GUATEMALA CITY	poverty	2
IDB Goup	firsm	2
IDB Goup	well-known firsm	2
IDB HEAD Taipei	CHINA	2
IDB HEAD Taipei	MAINLAND CHINA	2
IDB Holding Corp	companies	2
IDB Holding Corp	company	2
IDB Holdings	conglomerate	10
IDB Holdings	firm	4
IDB Holdings	following conglomerates	10
IDB Holdings	top Israeli firms	4
IDB House	Ireland	2
IDB House	Northern Ireland	2
IDB MADRID	Latin America	2
IDB MADRID	affect Latin America	2
IDB MANAGUA	Nicaragua	2
IDB MEXICO CITY	Latin America	2
IDB MONTEVIDEO	boost joblessness	2
IDB MONTEVIDEO	crisis	2
IDB MONTEVIDEO	economic crisis	2
IDB MONTEVIDEO	joblessness	2
IDB OFFICIAL Taipei	LOCAL AEROSPACE INDUSTRY PERFORMING WELL	2
IDB OFFICIAL Taipei	WELL	2
IDB Official BUENOS AIRES	Growth	2
IDB Official BUENOS AIRES	Pre-Crisis Growth	2
IDB SANTIAGO	USD	2
IDB SANTIAGO	bln USD	2
IDB SANTIAGO	energy	2
IDB Taipei	Bedding industry facing difficulties	2
IDB Taipei	GROWING	2
IDB Taipei	TAIWAN'S BIOTECH INDUSTRY GROWING	2
IDB Taipei	difficulty	2
IDB WASHINGTON	Financial Crisis	2
IDB WASHINGTON	deadline	2
IDB WASHINGTON	meet debt repayment deadlines	2
IDB WorldCom	communications company	16
IDB WorldCom	half-dozen communications companies	8
IDB WorldCom	up communications companies	8
IDB affiliate	group	2
IDB affiliate	investment group	2
IDB building	commercial building	2
IDB building	commercial buildings	2
IDB chief MEXICO CITY	Iraq	2
IDB chief MEXICO CITY	long war in Iraq	2
IDB chief Montevideo	financial crisis	2
IDB controlling shareholder	businessman	2
IDB controlling shareholder	businessmen	2
IDB group	Israel	2
IDB group	businessman in Israel	2
IDB increases capital	Roundup	2
IDB may	institution	2
IDB must	bank	2
IDB must	multinational banks	2
IDB officials	enforcement officer	2
IDB officials	local law enforcement officers	2
IDB president TOKYO	Katrina	2
IDB washington	dollar	6
IDB washington	dollars	6
IDBI	Banks	2
IDBI	FIs	2
IDBI	Financial institutions	4
IDBI	Stocks	2
IDBI	bank	4
IDBI	banks	4
IDBI	blue-chip scrips	4
IDBI	equivalent	2
IDBI	here	2
IDBI	lenders equivalent	2
IDBI	present here	2
IDBI	scrip	4
IDBI Bank	ATMs	2
IDBI Bank	Boards	2
IDBI Bank	Financial Institutions	2
IDBI Bank	International Bank	2
IDBI Bank	bank	6
IDBI Bank	banks	6
IDBI Bank	branch	2
IDBI Bank	up branches	2
IDBI Federal Life Insurance	companies	2
IDBI Federal Life Insurance	company	2
IDBI will	shareholder	2
IDBI will	shareholders	2
IDBR	INFORMATION	2
IDBR	LABOUR MARKET INFORMATION	2
IDBR	data sets	2
IDBR	information	2
IDBR	labour market information	2
IDBR	set	2
IDBR	topics	2
IDBs	ACTION	410
IDBs	Action	6
IDBs	Authorities	2
IDBs	Drainage Authorities	2
IDC	Companies	4
IDC	Government	2
IDC	Market researchers	2
IDC	Research Firms	2
IDC	SOURCE	2
IDC	Source	6
IDC	Transnistria	2
IDC	agencies	2
IDC	agency	2
IDC	analyst	4
IDC	analyst community	2
IDC	analysts	2
IDC	authority	2
IDC	bulletin	4
IDC	communications service	2
IDC	community	2
IDC	company	2
IDC	computer user	2
IDC	data aggregation networks	2
IDC	data vendors	2
IDC	distinguished analyst firms	2
IDC	eBusiness Research Firms	2
IDC	firm	10
IDC	firms	4
IDC	five firms	2
IDC	global bulletins	4
IDC	group	2
IDC	independent researchers	2
IDC	industry analysts	2
IDC	industry researchers	6
IDC	institution	2
IDC	international communications services	2
IDC	just five sources	2
IDC	just four sources	2
IDC	leading analyst firms	2
IDC	leading market analysts	2
IDC	main institutions	2
IDC	market analyst	2
IDC	market research firms	2
IDC	marketing groups	2
IDC	mobile carrier in Transnistria	2
IDC	network	2
IDC	percent SOURCE	2
IDC	research firm	4
IDC	research firms	2
IDC	researcher	8
IDC	result	2
IDC	scientific computer users	2
IDC	source	10
IDC	sources	4
IDC	stakes in companies	2
IDC	vendor	4
IDC	vendors	2
IDC BANGALORE	industry	2
IDC HONG KONG	Adoption	2
IDC HONG KONG	SARS scare	2
IDC HONG KONG	Wireless Data Adoption	2
IDC HONG KONG	scare	2
IDC LOS ANGELES	booming market	2
IDC LOS ANGELES	market	2
IDC LOS ANGELES	percent	2
IDC LOS ANGELES	positive growth in third quarter	2
IDC LOS ANGELES	third quarter	2
IDC Publishers	Sources	6
IDC Report Los Angeles	Supply	2
IDC SAN FRANCISCO	Global PC shipments stabilizing	2
IDC SAN FRANCISCO	coming years	2
IDC SAN FRANCISCO	stabilize	2
IDC SAN FRANCISCO	year	2
IDC SINGAPORE	Asia	2
IDC SINGAPORE	June quarter	2
IDC SINGAPORE	March quarter	2
IDC SINGAPORE	billion-dollar industry	2
IDC SINGAPORE	broadband subscriber growth	2
IDC SINGAPORE	criminal problem in Asia	2
IDC SINGAPORE	dollar	2
IDC SINGAPORE	dollars	2
IDC SINGAPORE	growth	2
IDC SINGAPORE	industry	2
IDC SINGAPORE	monitor	2
IDC SINGAPORE	on Internet security	2
IDC SINGAPORE	quarter	4
IDC SINGAPORE	rise in third quarter	2
IDC SINGAPORE	sale	2
IDC SINGAPORE	sales	2
IDC SINGAPORE	security	2
IDC SINGAPORE	services spending	2
IDC SINGAPORE	spending	2
IDC SINGAPORE	third quarter	2
IDC SINGAPORE	tube monitors	2
IDC SINGAPORE	year	4
IDC Singapore	first quarter	2
IDC Singapore	percent in first quarter	2
IDC Singapore	percent in third quarter	2
IDC Singapore	slow	2
IDC Singapore	slowing	2
IDC Singapore	third quarter	2
IDC Taipei	GROWING	2
IDC Taipei	INFRASTRUCTURE	2
IDC Taipei	PC vendor	2
IDC Taipei	vendor	2
IDC analyst Schelley	observer	2
IDC analyst Schelley	observers	2
IDC connectors	socket	2
IDC estimate	Industry analysts	2
IDC estimate	analyst	4
IDC estimate	analysts	2
IDC forecast Taipei	year	4
IDC put Exchange	Analyst firms	2
IDC put Exchange	firm	2
IDC said	medium	2
IDC said	new alternative mediums	2
IDC san francisco	bang	2
IDC san francisco	spending	2
IDC say IBM	research firm	2
IDC say IBM	research firms	2
IDC thematic posters	product	2
IDC thematic posters	products	2
IDC washington	pct in second quarter	2
IDC washington	qtr	2
IDC washington	second quarter	2
IDC washington	th qtr	2
IDCOM	building	6
IDCOM	new buildings	6
IDCT Ultra	DVD playback	2
IDCT Ultra	playback	2
IDChoice	Errors	2
IDChoice	VREFERENCE Errors	2
IDD	Che Guevara	2
IDD	Editor	2
IDD	Guest Editor	2
IDD	Guevara	2
IDD	Internet services	8
IDD	all kinds of calls	2
IDD	basic telecommunication services	4
IDD	call	2
IDD	communication	2
IDD	communications service	2
IDD	comprehensive communications services	2
IDD	interrupting communications	2
IDD	service	14
IDD	telecom services	2
IDD telephones	equipment	2
IDD telephones	facilities	8
IDD telephones	facility	8
IDD telephones	million yuan	2
IDD telephones	yuan	2
IDD will start	basic services	2
IDD will start	service	2
IDDC	network	4
IDDC	networks	4
IDDEA	design	2
IDDEA	experimental design	2
IDDM	disease	2
IDDM	given a gene symbol	2
IDDM	marker	2
IDDM	multiple diseases	2
IDDM	symbol	2
IDDT	analyses	2
IDDT	analysis	2
IDDT	diabetic organizations	2
IDDT	organization	2
IDE	ARM	6
IDE	Android NDK	2
IDE	AutoLISP	2
IDE	Cables	2
IDE	Commercial Adobe products	2
IDE	Credit	2
IDE	DOS counterparts	2
IDE	Engineering	2
IDE	Graphical tools	2
IDE	Hard disks	4
IDE	IDEs	2
IDE	Myanmar	2
IDE	NDK	2
IDE	NetBeans	2
IDE	RAID products	2
IDE	RSS	2
IDE	Software development tools	2
IDE	application development	2
IDE	block devices	2
IDE	built-in interfaces	2
IDE	bus	2
IDE	client	2
IDE	connectivity	2
IDE	connector	2
IDE	connectors	2
IDE	counterpart	2
IDE	data manipulation tools	2
IDE	development	2
IDE	development resources	2
IDE	development tools	2
IDE	device	2
IDE	disk drive	2
IDE	disk drives	2
IDE	disk interfaces	2
IDE	entire product	2
IDE	feature	2
IDE	features	2
IDE	following list	4
IDE	function	2
IDE	fusion tools	2
IDE	hard drive	4
IDE	higher-speed interfaces	2
IDE	installation	2
IDE	interface	12
IDE	interfaces	2
IDE	internal device connectivity	2
IDE	linkfarm NetBeans	2
IDE	list	4
IDE	lower speed peripheral functions	2
IDE	machine	2
IDE	magnetic disk	2
IDE	may	2
IDE	mobile SSH client	2
IDE	new software packages	2
IDE	on ARM	6
IDE	open-source projects	2
IDE	port	2
IDE	powerful storage interfaces	2
IDE	previous installation	2
IDE	product	6
IDE	programming tool	2
IDE	project	2
IDE	provider	2
IDE	resource	2
IDE	software	2
IDE	software development	2
IDE	software development tools	4
IDE	software development tools provider	2
IDE	software package	2
IDE	standard	2
IDE	standard bus	2
IDE	systems may	2
IDE	thing	2
IDE	things	2
IDE	today	2
IDE	tool	26
IDE	tools	8
IDE	use emerging industry standards	2
IDE	use ports	2
IDE	way	2
IDE	winning development tools	2
IDE	writeable magnetic disks	2
IDE Controllers	device	2
IDE Controllers	key devices	2
IDE Technologies	company	6
IDE Technologies	international companies	6
IDE busmaster	file	2
IDE busmaster	motherboard update files	2
IDE cards	hardware	2
IDE channels	O functions	2
IDE channels	function	2
IDE device	media	2
IDE device	persistent media	2
IDE devices	media	2
IDE devices	persistent media	2
IDE drive	drive	2
IDE failure	hard drive failure	2
IDE hard drive	component	2
IDE hard drive	industry standard components	2
IDE hard drive controllers	thing	2
IDE hard drive controllers	things	2
IDE hard drives	form	2
IDE interface	bug	2
IDE interface	bugs	2
IDE timings	resource	2
IDE timings	resources	2
IDE version	media	2
IDE version	removable media	2
IDE web site	general public	2
IDE-UK Chief Executive Karen Twining	IDE staff	2
IDE-UK Chief Executive Karen Twining	staff	2
IDE-integration plugins	Client-side tools	2
IDE-integration plugins	tool	2
IDEA	COMMENTARY	2
IDEA	FARMERS	8
IDEA	GOP'S WELFARE REFORM	16
IDEA	High level cell libraries	2
IDEA	IDEs	16
IDEA	India	2
IDEA	Java development environments	2
IDEA	OPENCOURSEWARE	2
IDEA	WAN	4
IDEA	WELFARE REFORM	16
IDEA	WOMEN	4
IDEA	additional secret key cryptosystems	2
IDEA	algorithm	8
IDEA	algorithms	4
IDEA	award winning projects	2
IDEA	based election slates	2
IDEA	body	2
IDEA	cipher	4
IDEA	ciphers	2
IDEA	commercial	2
IDEA	cryptographic algorithms	2
IDEA	cryptosystems	2
IDEA	debugging in IDEs	2
IDEA	design award	2
IDEA	dominant Java IDEs	2
IDEA	dozen block ciphers	2
IDEA	environment	4
IDEA	exercise bodies	2
IDEA	integrated development environments	2
IDEA	international bodies	2
IDEA	international body	2
IDEA	international design awards	2
IDEA	language	2
IDEA	library	2
IDEA	multiple-language IDEs	2
IDEA	organization	2
IDEA	organizations	2
IDEA	preferred IDEs	2
IDEA	programme	2
IDEA	project	2
IDEA	secret-key algorithm	2
IDEA	slate	2
IDEA	structured programmes	2
IDEA	support multiple languages	2
IDEA	symmetric key algorithms	2
IDEA	third parties	2
IDEA	third party	2
IDEA	vehicle	2
IDEA Bargain Booze	franchise network	2
IDEA Bargain Booze	growing discount off-licence franchise network	2
IDEA Group Publishing	Track	2
IDEA League	federation	2
IDEA League	university federations	2
IDEA Programme	programme	2
IDEA Programme	structured programmes	2
IDEA-TESTS	Adds	2
IDEAL	conference	2
IDEAL	on host sites	2
IDEAL	regular conferences	2
IDEAL	service	6
IDEAL	services	4
IDEAL	site	2
IDEAL	source	2
IDEAL	sources	2
IDEAL hotel	Description	2
IDEAL hotel	Piraeus Hotel Description	2
IDEALA book	Fand Music Press	2
IDEALA book	Press	2
IDEALISER	additional programs	2
IDEALISER	program	2
IDEALIST	JONATHAN KOZOL	2
IDEALIST	KOZOL	2
IDEALS	EDITOR	2
IDEALS	PUBLIC EDITOR	2
IDEAM	Colombia	2
IDEAS	ARTISTIC EQUATION	2
IDEAS	Advanced software	2
IDEAS	CHIEF	4
IDEAS	CRITIC'S NOTEBOOK	4
IDEAS	EDITORIAL	4
IDEAS	EQUATION	2
IDEAS	HOUSING CHIEF	4
IDEAS	NOTEBOOK	4
IDEAS	Post subject	2
IDEAS	UK	2
IDEAS	economist	2
IDEAS	economists	2
IDEAS	event management company	2
IDEAS	familiar metaphors	2
IDEAS	management company	2
IDEAS	metaphor	2
IDEAS	program	2
IDEAS	programs	2
IDEAS	record	2
IDEAS	software	2
IDEAS	subject	2
IDEAS	think tank	2
IDEAS	think tanks	2
IDEAS Defence Exhibition	international exhibition	2
IDEAS Defence Exhibition	international exhibitions	2
IDEC	Dolny Kubin Greece	2
IDEC	Greece	2
IDEC	centre	4
IDEC	day	2
IDEC	days	2
IDEC Pharmaceuticals	companies	4
IDEC Pharmaceuticals	company	4
IDEF	CASE tools	2
IDEF	Methods	2
IDEF	Process modelling	2
IDEF	based techniques	2
IDEF	descriptive methods	2
IDEF	method	4
IDEF	methodology	2
IDEF	model	4
IDEF	model business process	2
IDEF	modelling methods	2
IDEF	on a process model	2
IDEF	process	2
IDEF	specific techniques	2
IDEF	technique	6
IDEF	techniques	2
IDEF	time	2
IDEF	times	2
IDEF	tool	4
IDEF	well established methodologies	2
IDEF	workflow mapping tools	2
IDEN	cellular protocols	2
IDEN	digital network	2
IDEN	network	2
IDEN	protocol	2
IDENT	National information systems	2
IDENT	information systems	2
IDENT system	biometric identification systems	2
IDENTICAL ADS	ADVERTISING COLUMN	2
IDENTICAL ADS	COLUMN	2
IDENTICAL ADS NEW YORK	ADVERTISING COLUMN	2
IDENTICAL ADS NEW YORK	COLUMN	2
IDENTIFICATION	Keywords	10
IDENTIFIER	IDL Command Line	6
IDENTIFIER	Line	6
IDENTIFIERS Working	function	2
IDENTIFIERS Working	functions	2
IDENTITIES	II	2
IDENTITIES	SCOTLAND	2
IDENTITIES	Wakeford PART II	2
IDENTITY	AL-NAKBA	2
IDENTITY	ANGUISH	24
IDENTITY	EMPIRE	2
IDENTITY	FACE	2
IDENTITY	FUTURE FACE	2
IDENTITY	GENERATIONS	2
IDENTITY	GERMANY'S ANGUISH	24
IDENTITY	MANAGERS	2
IDENTITY	NAKBA	2
IDENTITY	PROFANE SETTLEMENT	2
IDENTITY	REAL MANAGERS	2
IDENTITY	SETTLEMENT	2
IDENTITY	WA	2
IDENTITY	Washington	2
IDENTITY-THEFT	Adds	2
IDEO	Design thinking companies	2
IDEO	Firms	2
IDEO	Top firms	2
IDEO	UK's best designers	14
IDEO	client	2
IDEO	clients	2
IDEO	companies	6
IDEO	company	8
IDEO	consultant	2
IDEO	consulting firm	2
IDEO	corporation	2
IDEO	corporations	2
IDEO	creative industry firms	4
IDEO	design	2
IDEO	design firm	4
IDEO	design firms	4
IDEO	designer	18
IDEO	designers	2
IDEO	distinguished firms	2
IDEO	education	2
IDEO	firm	10
IDEO	global organisations	12
IDEO	how designers	2
IDEO	images research partners	2
IDEO	multiple firms	2
IDEO	name	4
IDEO	one-word names	4
IDEO	organisation	14
IDEO	organisations	2
IDEO	organization	2
IDEO	organizations	2
IDEO	partner	2
IDEO	product design consulting firm	2
IDEO	studio	2
IDEO	studios	2
IDEO	top innovation consultants	2
IDEO can	Companies	2
IDEO in Lexington	firm	4
IDEO in Lexington	international firms	4
IDEO's first web site	interactive teaching media	2
IDEO's first web site	media	2
IDEOLOGUE	NEWS	4
IDEOLOGY	APPEAL	6
IDEOLOGY	ENGLISH TEACHING	2
IDEOLOGY	EXCUSE GUATEMALA	4
IDEOLOGY	GUATEMALA	4
IDEOLOGY	HAIDER'S APPEAL	6
IDEOLOGY	LIVES	6
IDEOLOGY	MANAGERS	2
IDEOLOGY	PUBLIC LIVES	6
IDEOLOGY	REAL MANAGERS	2
IDEOLOGY	TEACHING	2
IDEOLOGY	WA	2
IDEOLOGY	Washington	2
IDEOS smartphones	name	2
IDEOS smartphones	own name	2
IDEP	program	2
IDEP	technical cooperation programs	2
IDEP website	job postings	2
IDEP website	posting	2
IDER project director	IDER group	2
IDER project director	group	2
IDES	based NC systems	2
IDES	network	2
IDES	networks	2
IDES	system	2
IDESI	group	2
IDESI	groups	2
IDEX	F ILLINOIS STOCKS	2
IDEX	ILLINOIS STOCKS	2
IDEX	STOCKS	4
IDEX	arms exhibition	2
IDEX	exhibition	2
IDEX Corp	Highlights	2
IDEX Corp	Weekly Guru Bargains Highlights	2
IDEX Health	brand	2
IDEX Health	brands	2
IDEX TAKE INDEX	F ILLINOIS STOCKS	2
IDEX TAKE INDEX	ILLINOIS STOCKS	2
IDEX TAKE INDEX	STOCKS	4
IDEXX	company	2
IDEXX	leading world companies	2
IDEXX Laboratories	companies	2
IDEXX Laboratories	company	2
IDEXX Laboratories	tenant	2
IDEXX Laboratories	tenants	2
IDEs	Java development toolchain	2
IDEs	certified open source software packages	2
IDEs	development tools	2
IDEs	genuine reasons	4
IDEs	interactive systems	2
IDEs	language	2
IDEs	reason	4
IDEs	software package	2
IDEs	system	2
IDEs	tool	2
IDEs	toolchain	2
IDEs	two languages	2
IDEs like Eclipse	third parties	2
IDEs like Eclipse	third party	2
IDF	Defense	2
IDF	Israeli security forces	4
IDF	Nablus	2
IDF	War	2
IDF	Yom Kippur War	2
IDF	army	8
IDF	classic IR models	2
IDF	connection	2
IDF	force	2
IDF	foreign military forces	2
IDF	group	2
IDF	groups	2
IDF	hygienic connections	2
IDF	information technology trade shows	2
IDF	institution	2
IDF	institutions	2
IDF	military	2
IDF	military forces	2
IDF	model	2
IDF	moral army	4
IDF	new-generation warplanes	2
IDF	organisation	2
IDF	organisations	2
IDF	organization	2
IDF	organizations	2
IDF	sale	2
IDF	security agencies will	4
IDF	security force	6
IDF	security forces	2
IDF	source	2
IDF	sources	2
IDF	subject	2
IDF	subjects	2
IDF	trade show	2
IDF	warplane	2
IDF	will	4
IDF	world	2
IDF Achzarit	II	2
IDF Achzarit	Pandur II	2
IDF Caterpillar	advance engineering tools	2
IDF Caterpillar	further discussions see	2
IDF Caterpillar	see	2
IDF Caterpillar	tool	2
IDF Chief	after top IDF officers	2
IDF Chief	leader	2
IDF Chief	officer	2
IDF Chief	prominent leaders	2
IDF Chief of Staff Gabi	north	2
IDF General Staff officers	senior officer	4
IDF General Staff officers	senior officers	4
IDF JERUSALEM	Bank	4
IDF JERUSALEM	Israel	6
IDF JERUSALEM	Jenin	2
IDF JERUSALEM	Lenanon	2
IDF JERUSALEM	Lynching Israeli Soldiers	2
IDF JERUSALEM	Rajar	2
IDF JERUSALEM	Soldiers	2
IDF JERUSALEM	West Bank	2
IDF JERUSALEM	after Palestinian elections	2
IDF JERUSALEM	border	2
IDF JERUSALEM	border crossing	2
IDF JERUSALEM	current situation	2
IDF JERUSALEM	election	2
IDF JERUSALEM	front	2
IDF JERUSALEM	near Gaza border	2
IDF JERUSALEM	official	2
IDF JERUSALEM	official in Jenin	2
IDF JERUSALEM	on two fronts	2
IDF JERUSALEM	release Hamas officials	2
IDF JERUSALEM	scope	2
IDF JERUSALEM	situation	2
IDF JERUSALEM	southern Israel	2
IDF JERUSALEM	week	2
IDF JERUSALEM	weeks	2
IDF Namer	II	2
IDF Namer	Pandur II	2
IDF Officer JERUSALEM	Crosses Red Line	2
IDF Officer JERUSALEM	Line	2
IDF Spokesperson	official spokespersons	2
IDF Spokesperson	spokesperson	2
IDF Website	department	2
IDF Website	departments	2
IDF atrocities	issue	2
IDF atrocities	issues	2
IDF chief JERUSALEM	Friday	2
IDF chief JERUSLAEM	Gaza	2
IDF chief JERUSLAEM	operation in Gaza	2
IDF chief of staff	official	2
IDF chief of staff	senior military officials	2
IDF chief of staff JERUSALEM	week	2
IDF denials	while	2
IDF deployment	obstacle	2
IDF deployment	physical obstacles	2
IDF field hospital	ground	2
IDF journal	periodical	2
IDF journal	periodicals	2
IDF officers	Israeli	2
IDF officers	Israelis	2
IDF officials	politician	2
IDF officials	politicians	2
IDF operations	been exerting	2
IDF operations	exert	2
IDF programme	document	4
IDF programme	documents	4
IDF project	Taiwan's defense industry	2
IDF project	defense industry	2
IDF pullbacks	suggestion	2
IDF pullbacks	suicidal suggestions	2
IDF soldiers	Israeli	4
IDF soldiers	Israelis	4
IDF soldiers	elite forces	2
IDF soldiers	force	2
IDF spokesman JERUSALEM	Gaza	4
IDF spokesman JERUSALEM	Lebanon	2
IDF spokesman JERUSALEM	Palestinian bases in Lebanon	2
IDF spokeswoman JERUSALEM	Gaza	6
IDF spokeswoman JERUSALEM	crashes in north	2
IDF spokeswoman JERUSALEM	north	2
IDF statement JERUSALEM	Gaza ground incursion	2
IDF statement JERUSALEM	incursion	2
IDFA	International film festivals	2
IDFA	documentary film festivals	2
IDFA	fest	2
IDFA	festival	2
IDFA	festivals	2
IDFA	film	2
IDFA	film festival	14
IDFA	film festivals	4
IDFA	film fests	2
IDFA	funds	2
IDFA	globe	2
IDFA	infant nutrition world	2
IDFA	international film festivals	4
IDFA	multiple film festivals	2
IDFA	world	4
IDFA Amsterdam	film festival	4
IDFA Amsterdam	world film festivals	4
IDFA in Amsterdam	world	2
IDFAS lectures	film	2
IDFB	institution	2
IDFB	quality regulation institutions	2
IDFC	FIs	2
IDFC	Financials	2
IDFC	IPOs	2
IDFC	companies	2
IDFC	company	4
IDFC	export finance	2
IDFC	stakes in companies	2
IDFC Taxsaver	Funds	2
IDFC feel	PE investors	2
IDFC feel	investor	2
IDFC fund	institution	2
IDFC fund	local institutions	2
IDFX	coverage	2
IDFX	magazine coverage	2
IDFone	application	2
IDFone	mobile applications	2
IDG	BizSpots	2
IDG	Bournemouth	2
IDG	IDG companies	2
IDG	Overseas companies	2
IDG	Swedish media websites	4
IDG	brain imaging facility	2
IDG	company	8
IDG	competitor	2
IDG	competitors	2
IDG	facility	2
IDG	high-volume websites	2
IDG	investor	4
IDG	investors	4
IDG	limited partner	2
IDG	limited partners	2
IDG	media organizations	2
IDG	organization	2
IDG	overseas companies	2
IDG	publishing companies	2
IDG	website	6
IDG Books	Dummies	2
IDG Books	companies	4
IDG Books	company	4
IDG Books	computer-book publishers	4
IDG Books	publisher	4
IDG Capital Partners	investor	2
IDG Capital Partners	investors	2
IDG Funds	existing shareholders	2
IDG Funds	shareholder	2
IDG InfoWorld	Publishers	2
IDG News Service	Source	2
IDG VC	funds	2
IDG VC	venture capital funds	2
IDG Venture Vietnam	foreign venture capitals	2
IDG Venture Vietnam	venture capital	2
IDG Ventures China	organization	2
IDG Ventures China	venture capital organizations	2
IDG Ventures Europe	investor	2
IDG Ventures Europe	investors	2
IDGF-SP	current European Grid projects	2
IDGF-SP	project	2
IDGL	Grey Literature	2
IDGL	Literature	2
IDH	disorder	2
IDH	disorders	2
IDHE	body	2
IDHE	industry bodies	2
IDIAP	Bill Ainsworth Sheffield	2
IDIAP	Partners	10
IDIAP	Sheffield	2
IDIAP	partner	4
IDIAP	partners	4
IDIFF	Figaro	2
IDIOMAS	COMENTARIO	2
IDIOTS Sunday Mirror	EXCLUSIVE	2
IDIOTS Sunday Mirror	Sunday Mirror EXCLUSIVE	2
IDJ	equipment	2
IDJ	only second generation equipment	2
IDJ	publication	2
IDJ	publications	2
IDL	EE	2
IDL	Interface definition languages	2
IDL	Keywords	4
IDL	SeaWiFS data	2
IDL	analysis packages	8
IDL	application	4
IDL	applications	2
IDL	commercial products	2
IDL	custom software solutions	2
IDL	data	2
IDL	developer	2
IDL	feature	2
IDL	features	2
IDL	graphical packages	6
IDL	high-level data manipulation languages	2
IDL	higher programming languages	2
IDL	language	10
IDL	languages	4
IDL	numerical computing applications	2
IDL	package	20
IDL	packages	2
IDL	product	4
IDL	products	2
IDL	program	2
IDL	programming languages	2
IDL	remaining technologies	2
IDL	result	2
IDL	routine tools	2
IDL	software	2
IDL	solution	2
IDL	standard image processing packages	4
IDL	technology	2
IDL	third party developers	2
IDL	tool	2
IDL	undefined results	2
IDL	visualisation software	2
IDL help	structure	2
IDL libraries	developer	2
IDL libraries	developers	2
IDL license management	LAN	4
IDL plots	Line art	2
IDL plots	be	2
IDL plots	image	2
IDL plots	unrealistic images	2
IDL restgen	example	4
IDL restgen	previous example	2
IDL savegen	SS	2
IDL savegen	SolarSoft routines	2
IDL savegen	routine	2
IDL scripts	form	2
IDL scripts	forms	2
IDL software	analysis	2
IDL software	image analysis	2
IDL udata	IDL	2
IDL write	out	2
IDL writefile	procedure writefile	2
IDL-7000 PVR	Freeview PVR	4
IDLE AND BITTER	EAST GERMANY	2
IDLE FISHERMEN LA TURBALLE	COLLATERAL DAMAGE	2
IDLE FISHERMEN LA TURBALLE	WAR ' S COLLATERAL DAMAGE	2
IDLE TALK	FIXTURES	2
IDLE TALK	MARKET FIXTURES	2
IDLE TALK	MARKET NEW YORK	2
IDLE TALK	NEW YORK	2
IDLffDicomEx	SEQID keyword	6
IDLffDicomEx	keyword	6
IDLgrBuffer object	destination object	4
IDLgrWindow	destination object	4
IDLgrWindow	object	4
IDLs	ECCI deliverables	2
IDLs	deliverables	2
IDM	Electronica Genres	2
IDM	Genres	2
IDM	Philippines	2
IDM	body	4
IDM	contemporary dance music	2
IDM	crosses multiple genres	2
IDM	electronic music	2
IDM	electronic music genres	2
IDM	electronic sounds	2
IDM	few machines	2
IDM	form	2
IDM	forms	2
IDM	genre	14
IDM	genres	8
IDM	independent music	2
IDM	influence	2
IDM	machine	2
IDM	music	6
IDM	organisation	2
IDM	organisations	2
IDM	professional bodies	4
IDM	related genres	2
IDM	secondary influences	2
IDM	security technologies	2
IDM	sound	2
IDM	style	2
IDM	styles	2
IDM	technology	2
IDM Computer Studies	college	2
IDM Computer Studies	colleges	2
IDM Creative academy	offer visitors	2
IDM Creative academy	visitor	2
IDM academy	offer visitors	2
IDM academy	visitor	2
IDM artists	act	2
IDM artists	acts	2
IDM four volume	Teaching Materials	2
IDM members	authorised user groups	2
IDM members	user group	2
IDM music	electronic music	2
IDM pioneer	Warp Records roster	2
IDM pioneer	roster	2
IDM pioneers Autechre	artist	2
IDM pioneers Autechre	artists	2
IDM's Academy	industry seminars	2
IDM's Academy	seminar	2
IDM-Pharma	companies	2
IDM-Pharma	company	2
IDMS	CODASYL databases	2
IDMS	Databases	2
IDMS	Recovery	2
IDMS	database	2
IDMS	database management systems	6
IDMS	international conference	2
IDMS	new software products	2
IDMS	prestigious international conferences	2
IDMS	product	4
IDMS	products	2
IDMS	source	2
IDMS	sources	2
IDMS	system	6
IDMSDC	new software products	2
IDMSDC	product	2
IDMSX	DBMSs	2
IDMs	chain	2
IDMs	fabless semiconductor companies	2
IDMs	semiconductor companies	2
IDMs	semiconductor company	4
IDMs	supply chain	2
IDN	DNS news	2
IDN	ISDN facility	2
IDN	ISO country codes	2
IDN	Internet issues	2
IDN	Multilingualism	2
IDN	Tags	2
IDN	Technorati Tags	2
IDN	country code	2
IDN	data aggregation networks	2
IDN	facility	2
IDN	issue	2
IDN	network	2
IDN	news	2
IDN trial	issue	2
IDN trial	issues	2
IDNDR	international organisations	2
IDNDR	organisation	2
IDNs	Promoting multilingualism	4
IDNs	domain	2
IDNs	meantime	4
IDNs	multilingualism	4
IDNs	new top level domains	2
IDO	activation	2
IDOCdemo	Types	2
IDOCdemo	following Document Types	2
IDOCnews	Types	2
IDOCnews	following Document Types	2
IDOCpress	Types	2
IDOCpress	following Document Types	2
IDOL	on TV shows	2
IDOL	show	2
IDOLS reality show	figure	2
IDOLS reality show	iconic figures	2
IDOM	research programme	2
IDOM	research programmes	2
IDOT	state agencies	2
IDOT	state agency	2
IDP	Australian Universities	2
IDP	NCARB's model standard	2
IDP	SMBs	2
IDP	ScreenOS	2
IDP	Universities	2
IDP	alphabetical order	2
IDP	interface	2
IDP	language processors	2
IDP	on ScreenOS	2
IDP	on show	2
IDP	order	2
IDP	processor	2
IDP	show	2
IDP	standard	2
IDP	unified interface	2
IDP	way	2
IDP Education Australia	organization	2
IDP Education Australia	organizations	2
IDP alloys	base	2
IDP alloys	broad ESD technology base	2
IDP benefits	digitisation project	2
IDP benefits	project	2
IDP camp	area	4
IDP camp	areas	4
IDP camps	Kuito	2
IDPA	competitive events	2
IDPA	competitive shooting sports	2
IDPA	discipline	2
IDPA	disciplines	2
IDPA	event	2
IDPA	outdoor shooting sports	2
IDPA	pistol action shooting	2
IDPA	shooting	2
IDPA	sport	4
IDPM	ABSTRACTS Panel convenors	2
IDPM	convenor	2
IDPM Email	contact	2
IDPMS Customer Web	IDPMS product suite	2
IDPMS Customer Web	suite	2
IDPMS Front Office	IDPMS product suite	2
IDPMS Front Office	suite	2
IDPs	Blood	2
IDPs	Georgian society	2
IDPs	Gypsy Blood	2
IDPs	Lubero	2
IDPs	Sudanese civilians	8
IDPs	UNHCR	8
IDPs	Uganda	2
IDPs	association members	2
IDPs	challenge	2
IDPs	civil society groups	8
IDPs	civilian	8
IDPs	country	2
IDPs	drought	2
IDPs	group	10
IDPs	land ownership	2
IDPs	member	2
IDPs	people	2
IDPs	persons in Lubero	2
IDPs	population	4
IDPs	returnee	2
IDPs	returnees	2
IDPs	society	2
IDPs	stakeholder	2
IDPs	stakeholders	2
IDPs	vulnerable groups	2
IDPs	vulnerable groups in Uganda	2
IDPs	vulnerable populations	2
IDR	dispute	2
IDR	disputes	2
IDRA	ampakine activity profile	2
IDRA	profile	2
IDRA-21 biarylpropylsulfonamides	derivative	2
IDRA-21 biarylpropylsulfonamides	structures benzothiazide derivatives	2
IDRC	agency	2
IDRC	international agencies	2
IDRC	older technology	2
IDRC	organization	2
IDRC	organizations	2
IDRC	technology	2
IDRC Davos	Details	2
IDRC programme staff	donor	2
IDRC programme staff	donors	2
IDREF	extended type	2
IDREF	type	2
IDREFs	links	4
IDRISI	GIS	2
IDRISI	GIS applications	2
IDRISI	application	2
IDRISI	format	2
IDRISI	formats	2
IDRISI	raster GIS	2
IDRISI Project	Supplier	2
IDS	1997-2005 Source	2
IDS	AIDS	2
IDS	Adjunct technologies	2
IDS	Agreements	8
IDS	Consultants	2
IDS	Convenor	4
IDS	Development Editors	2
IDS	EU's Economic Partnership Agreements	8
IDS	Editors	4
IDS	Event	2
IDS	External Event	2
IDS	Famine in Southern Africa	4
IDS	Helkern Note	4
IDS	Keywords	2
IDS	Note	4
IDS	Participation	2
IDS	Security Software	2
IDS	Social Performance Editors	2
IDS	Software	2
IDS	Source	2
IDS	Southern Africa	4
IDS	UK development community	2
IDS	Vietnam International Consultants	2
IDS	advanced topics in subjects	2
IDS	aircraft	4
IDS	campaigner	2
IDS	campaigners	2
IDS	capable aircraft	2
IDS	committee	2
IDS	community	2
IDS	contact	2
IDS	denial-of-service tools	2
IDS	field	2
IDS	has-been	2
IDS	hope	2
IDS	incident	2
IDS	is right	2
IDS	issue	2
IDS	key player	2
IDS	key players	2
IDS	leader	2
IDS	on many professional committees	2
IDS	party	2
IDS	perimeter security devices	2
IDS	previous party has-beens	2
IDS	related issues	2
IDS	right	2
IDS	right-wing leaders	2
IDS	security device	2
IDS	security measure	2
IDS	see	2
IDS	source	4
IDS	sources	4
IDS	subject	2
IDS	target	2
IDS	technical security measures	2
IDS	technology	4
IDS	three parties	2
IDS	tool	2
IDS	unlikely targets	2
IDS	while	2
IDS	year	2
IDS	years	2
IDS 's sister American Express division	banking firm	2
IDS 's sister American Express division	investment banking firms	2
IDS Alumni	participant	2
IDS Alumni	participants	2
IDS Brief	journal	4
IDS Brief	journals	4
IDS Bulletins	following publications series	32
IDS Bulletins	series	32
IDS Center	Twin Cities properties	2
IDS Center	project	10
IDS Center	property	2
IDS Center	skyscraper projects	10
IDS Crook	Brighton	2
IDS Diversity	journal	4
IDS Diversity	journals	4
IDS Fontana	Sussex	2
IDS Hale	Sussex	2
IDS Life Insurance Company	insurance subsidiary	6
IDS Life Insurance Company	is life insurance subsidiaries	6
IDS Luckham	Brighton	4
IDS Mutual	holding	4
IDS Mutual	holdings	4
IDS Responds Bold	Africa Report	2
IDS Responds Bold	Report	2
IDS Scheer	EntropySoft connectors	2
IDS Scheer	connector	2
IDS Working Paper	Curse	2
IDS Working Paper	Evaluation	2
IDS Working Paper	Resource Curse	2
IDS applications	authentication applications	2
IDS applications	security system	2
IDS applications	security systems	2
IDS can	boundary security components	2
IDS can	component	2
IDS center	building in downtown	2
IDS center	downtown	2
IDS certificates	assets	2
IDS certificates	fixed-income assets	2
IDS data integration	developing technologies	2
IDS data integration	technology	2
IDS evasion	tool	2
IDS evasion	tools	2
IDS even	technologies	2
IDS even	technology	2
IDS iduronate	parentheses	2
IDS iduronate	parenthesis	2
IDS may	Security features	2
IDS may	activity	2
IDS may	feature	2
IDS members Hanny	author	2
IDS members Hanny	authors	2
IDS must see	TCP extensions	2
IDS must see	extension	2
IDS requirements	monitoring	2
IDS researchers	world	2
IDS staff	participant	2
IDS staff	participants	2
IDS's mind	Take	2
IDSA	Credit	4
IDSA	Health organizations	2
IDSA	position	2
IDSA	positions	2
IDSF	dance organisations	2
IDSF	organisation	2
IDSN Coordinator	contact	2
IDSN technology	network products	4
IDSN technology	product	4
IDSP Executive Director	Details	2
IDSes	solution	2
IDSes	traditional point solutions	2
IDT	Intel 's rivals	2
IDT	Intel's rivals	4
IDT	NYSE	4
IDT	RTCs	2
IDT	carrier	2
IDT	carriers	2
IDT	companies	2
IDT	company	2
IDT	emerging service providers	2
IDT	high-speed digital video market	2
IDT	investment	6
IDT	manufacturers make RTCs	2
IDT	market	2
IDT	operating a scheme	2
IDT	rival	6
IDT	scheme	2
IDT	service provider	2
IDT	stock exchange	2
IDT	technology investments	6
IDT Asia	player	2
IDT Asia	telecom players	2
IDT CORP	F NEW JERSEY STOCKS	4
IDT CORP	NEW JERSEY STOCKS	2
IDT CORP	STOCKS	6
IDT Corp	52-Week Low	2
IDT Corp	Low	2
IDT Corp	business	4
IDT Corp	businesses	4
IDT Corp	companies	4
IDT Corp	company	4
IDT Corporation	business	2
IDT Corporation	businesses	2
IDT Corporation	city	2
IDT Spectrum	assets	2
IDTA	all kinds of dance	2
IDTA	dance	2
IDTA	dance teaching organisation	2
IDTA	examination board	2
IDTA	organisation	4
IDTA	organization	2
IDTA	teaching organisation	2
IDTA Blackpool Cheer	event	2
IDTA Blackpool Cheer	repeat events	2
IDTR	OUTPUTS	4
IDTV	Additional features	4
IDTV	feature	4
IDTVs	lists receivers	2
IDTVs	receiver	2
IDTechEx	expert panel	2
IDU	antiviral	2
IDU	antivirals	2
IDU	disease	2
IDU	diseases	2
IDU	high-risk behavior in prisons	2
IDU	prison	2
IDU Chairman	world	2
IDU bonds	payment	6
IDUs	Drug users	2
IDUs	drug user	2
IDUs	drug users	2
IDUs	group	6
IDUs	groups	4
IDUs	risk groups	2
IDUs	society	2
IDUs	young people	2
IDV	producer	2
IDV	producers	2
IDW	client	2
IDW	clients	2
IDW	companies	2
IDW	company	2
IDW	out	2
IDW	sold out	2
IDW Publishing	Punisher	2
IDW Publishing	comic book publishers	2
IDW Publishing	comics publishers	2
IDW Publishing	companies	2
IDW Publishing	company	2
IDW Publishing	publisher	10
IDW Publishing	publishers	6
IDWO	designation	2
IDWO	military map designation	2
IDWR public information officer	stock-water use	2
IDWR public information officer	use	2
IDX	Subtitles	2
IDX	Third party battery manufacturers	2
IDX	manufacturer	2
IDX	provider	2
IDX	providers	2
IDZ Technologies	example	2
IDZ Technologies	examples	2
IDcide Privacy Companion	file	2
IDcide Privacy Companion	unwanted files	2
IDeA	Agencies	4
IDeA	Speakers	2
IDeA	agencies	4
IDeA	agency	8
IDeA	bodies	2
IDeA	body	4
IDeA	central government	2
IDeA	conference	2
IDeA	core members	2
IDeA	government agencies	2
IDeA	government agency	4
IDeA	government department	2
IDeA	government departments	2
IDeA	key conferences	2
IDeA	key stakeholders	4
IDeA	local government agencies	2
IDeA	member	2
IDeA	national bodies	2
IDeA	service provider	2
IDeA	service providers	2
IDeA	similar sources	2
IDeA	source	2
IDeA	specialist agencies	2
IDeA	stakeholder	4
IDeA	support agencies	2
IDeA	tag	6
IDeA	website Technorati tags	6
IDeA Marketplace	market	2
IDeA Marketplace	national procurement markets	2
IDers	America	2
IDers	redneck Republican America	2
IDispatch	SimpleDispatch	2
IDispatch	struct SimpleDispatch	2
IDoFoundation	through websites	2
IDoFoundation	website	2
IDomsNum X iDomsNumber	Variants	2
IDomsNumber	Variants	2
IDontLikeYouInThatWay	Web sites	4
IDrive	account sites	2
IDrive	site	2
IDs	EDs	2
IDs	If fancy features	6
IDs	If features	2
IDs	Laboratories	2
IDs	NTFS features	4
IDs	PAWS	2
IDs	Personal belongings	2
IDs	Sandia National Laboratories	2
IDs	South African citizenship	2
IDs	Unique identifiers	4
IDs	United States	4
IDs	Unix filesystem features	2
IDs	WCBS	2
IDs	WKRC	2
IDs	airport	2
IDs	application	4
IDs	applications	2
IDs	aspect	2
IDs	aspects	2
IDs	attribute	4
IDs	attribute value	2
IDs	attribute values	2
IDs	attributes	2
IDs	bag	2
IDs	be	2
IDs	been	2
IDs	biometrics	2
IDs	bomb-making supplies	6
IDs	bomb-making supplies he said	2
IDs	call	2
IDs	card	2
IDs	checkpoint	2
IDs	citizenship	2
IDs	compatible analog receivers	2
IDs	confidential information	2
IDs	content	4
IDs	counterfeit materials	2
IDs	current hot topics	4
IDs	data	8
IDs	detail	8
IDs	details	6
IDs	document	24
IDs	documents	16
IDs	economic phenomena	2
IDs	element	2
IDs	elements	2
IDs	entities	2
IDs	entity	2
IDs	extraction	2
IDs	face	2
IDs	facing	2
IDs	feature	18
IDs	features	2
IDs	field	4
IDs	financial transaction	2
IDs	financial transactions	2
IDs	find items	2
IDs	flare-up	2
IDs	flat items	2
IDs	form	8
IDs	forms	8
IDs	full details when registering	2
IDs	gamer identification tags	2
IDs	government photo identification	2
IDs	higher-quality documents	2
IDs	hot topic	4
IDs	how Americans vote	8
IDs	identifiable information	2
IDs	identification	10
IDs	identification document	2
IDs	identification documents	2
IDs	identification papers	2
IDs	identification tag	2
IDs	identifier	10
IDs	identifiers	6
IDs	information	26
IDs	internet use security systems	2
IDs	is duplicate content	4
IDs	item	12
IDs	items	8
IDs	linking trails	2
IDs	material	2
IDs	method	2
IDs	methods	2
IDs	necessary information	2
IDs	new features	2
IDs	new fields	4
IDs	number	2
IDs	numbers	2
IDs	out	2
IDs	paper	2
IDs	parameter	2
IDs	parameters	2
IDs	payment cards	2
IDs	personal documents	2
IDs	personal information	4
IDs	personal records	2
IDs	phenomenon	2
IDs	problem	2
IDs	problems	2
IDs	process	2
IDs	project	2
IDs	projects	2
IDs	receiver	2
IDs	record	2
IDs	register	2
IDs	relationship	2
IDs	relationships	2
IDs	residency documents	4
IDs	resource	4
IDs	resources	4
IDs	said	2
IDs	security checkpoints	2
IDs	security system	2
IDs	selling private information	2
IDs	sensitive security calls	2
IDs	server	2
IDs	servers	2
IDs	short time	2
IDs	situation	2
IDs	solution	4
IDs	solutions	4
IDs	steal data	2
IDs	steal valuable information	4
IDs	stiff security in airports	2
IDs	stuff	2
IDs	supply	6
IDs	support	2
IDs	supports multiple applications	2
IDs	text	2
IDs	thing	2
IDs	things	2
IDs	trail	2
IDs	unique situations	2
IDs	user	2
IDs	user-specific attributes	2
IDs	users	2
IDs	validation processes	2
IDs	voice-over work	2
IDs	vote	10
IDs	voting	2
IDs	way	4
IDs	ways	4
IDs	work	2
IDs	yacht race EDs	2
IDs Common sense	day's news	2
IDs Common sense	news	2
IDs in selectors	identifier	4
IDs in selectors	identifiers	4
