BL	16-24 Nov	2
BL	Address	6
BL	Archives	2
BL	Attn	2
BL	BIDS	2
BL	Bielsko-Bia??a	2
BL	Breeds	2
BL	Clini Med Ltd	4
BL	Contact	2
BL	Crusader Manuscripts	2
BL	Foxe's papers	6
BL	Gigg Lane Address	2
BL	ISO country codes	2
BL	Location	6
BL	London	2
BL	Ltd	4
BL	Manuscripts	2
BL	Nov	2
BL	Pet Breeds	2
BL	Postcodes	2
BL	Procedure Venue	2
BL	RWD repmobiles	2
BL	Systematic review	2
BL	UK's legal deposit libraries	2
BL	Venue	2
BL	Vernacare	4
BL	acupuncture points	2
BL	application	2
BL	artist	2
BL	bus	4
BL	buses	4
BL	cancer	2
BL	cancers	2
BL	contact	2
BL	country code	2
BL	digit	2
BL	digits	2
BL	disease-resistant ones	2
BL	entire Bellavista property	2
BL	example	2
BL	examples	2
BL	gun	8
BL	guns	2
BL	half-height blade server	2
BL	host	2
BL	hosts	2
BL	industry	2
BL	instrument	2
BL	international artists	2
BL	intrascapular points	2
BL	item	2
BL	library	4
BL	look	2
BL	manual instruments	2
BL	metallurgic industry	2
BL	munition	2
BL	naval guns	2
BL	new munitions	2
BL	on libraries	2
BL	one	2
BL	paper	8
BL	papers papers	2
BL	point	6
BL	points	2
BL	possible	2
BL	post	2
BL	powerplant	2
BL	previous British guns	4
BL	problem	2
BL	product	4
BL	property	2
BL	rail applications	2
BL	recension	2
BL	repmobiles	2
BL	review	2
BL	robust powerplant	2
BL	server	2
BL	similar look	2
BL	upper limb problems	2
BL	weeks in products	4
BL Add	Note	2
BL Atkins	Reference	2
BL Body width	waist	2
BL Inside Information	BIDS	2
BL Inside Information	database	2
BL Inside Information	relevant databases	2
BL Inside service	commercial supplier	2
BL Inside service	supplier	2
BL Lac objects	distinct objects	2
BL Lac objects	objects	2
BL Ochman	guide	2
BL Osler	South Africa	2
BL SRIS Look	search	2
BL SRIS Look	searching	2
BL cell line Akata	EBV-producing cells	2
BL cell line Akata	cell	2
BL executive	Jaguar	2
BL mini	instrument	2
BL mini	manual instruments	2
BL will	organisation	2
BL will	organisations	2
BL's Red Sock	on a good show	2
BL's Red Sock	show	2
BLA	Mar	2
BLA	Pakistan	2
BLA	association	2
BLA	nickname	2
BLA	operating in Pakistan	2
BLA	professional association	2
BLA	related nicknames	2
BLACE	Albania Eds	2
BLACE	Eds	10
BLACE	MAIN SPOT NEWS	22
BLACE	SPOT NEWS	22
BLACE	category codes	12
BLACE	code	12
BLACE	terror Eds	4
BLACE	threatening national stability Eds	4
BLACK	AKA	2
BLACK	AMERICA BIKER PATRIOTS	8
BLACK	Adds	2
BLACK	Andean birds	2
BLACK	BIKER PATRIOTS	12
BLACK	BIND	12
BLACK	COLOURS	6
BLACK	COMMENTARY	6
BLACK	Colours	12
BLACK	DC	2
BLACK	F MARYLAND STOCKS	6
BLACK	GINA	8
BLACK	INTERNATIONAL COLOR BIND	12
BLACK	JOHN LENNON	4
BLACK	Kit Colours	12
BLACK	LENNON	4
BLACK	MARYLAND STOCKS	6
BLACK	MINUTES	2
BLACK	MINUTES SPECIAL MINUTES	2
BLACK	PATRIOTS	20
BLACK	RED	2
BLACK	STOCKS	16
BLACK	Scream	2
BLACK	WAN	26
BLACK	WORLDS	2
BLACK	bird	2
BLACK	colour	2
BLACK	commander	2
BLACK	commanders	2
BLACK	commercial successes	2
BLACK	none Kit colours	2
BLACK	play	2
BLACK	plays	2
BLACK	success	2
BLACK AND BLUE CBS	NOTES	2
BLACK AND BLUE CBS	PRODUCTION NOTES	2
BLACK AND CARS COLUMBUS	METAL VARIETY	2
BLACK AND CARS COLUMBUS	VARIETY	2
BLACK AND GOLD	business	2
BLACK AND GOLD	international business	2
BLACK AND WHITE	BATMAN	2
BLACK AND WHITE	film	2
BLACK AND WHITE	relations in films	2
BLACK BEAR ANCHORAGE	HOMEOWNER KILLS INTRUDER	2
BLACK BEAR ANCHORAGE	INTRUDER	2
BLACK BIRD	Title	6
BLACK BOOKS	TV shows	2
BLACK BOOKS	show	2
BLACK BOX RECORDER	CARTER POP LIFE	2
BLACK BOX RECORDER	E POP LIFE	2
BLACK BOX RECORDER	LIFE	8
BLACK BOX RECORDER	POP LIFE	4
BLACK CAT	familiar	2
BLACK CAT	familiars	2
BLACK CHRISTMAS	favourite	2
BLACK CHRISTMAS	favourites	2
BLACK CHRISTMAS	film	2
BLACK CHRISTMAS	films	2
BLACK CROWES	BROTHERS	2
BLACK DAHLIA MURDER	band	2
BLACK DAHLIA MURDER	bands	2
BLACK DEATH	CONGO	4
BLACK HEART	COMMENTARY	2
BLACK HEART	X X COMMENTARY	2
BLACK INSPIRATIONS Get creative	Maritime Museum	2
BLACK INSPIRATIONS Get creative	Museum	2
BLACK LIVES	LEAD	2
BLACK MASCULINITIES	th	2
BLACK MEMBERS COUNCIL	same way	2
BLACK MEMBERS COUNCIL	way	2
BLACK MONDAY	LEAD	2
BLACK MOUNTAIN	AMERICAN BOHEMIA	4
BLACK MOUNTAIN	BOHEMIA	4
BLACK PHOEBE	show	2
BLACK ROCK	film	2
BLACK ROCK	superior films	2
BLACK RULE	SHOULDER	4
BLACK RULE	SHOULDER TO SHOULDER	4
BLACK SABBATH	honoree	2
BLACK SABBATH	honorees	2
BLACK SEA	ANSWER	2
BLACK SEA	TRIVIA ANSWER	2
BLACK SKIN	FANON	2
BLACK SKIN	FRANZ FANON	2
BLACK SUITS	CELEBRATION	2
BLACK SUITS	PATAKI'S CELEBRATION	2
BLACK TEHRAN	IRAN	2
BLACK TEHRAN	ISLAMIC FASHION IN IRAN	2
BLACK THREAD	Project Info workshop	2
BLACK THREAD	workshop	2
BLACK-AND-WHITE COTINGA	excellent species	2
BLACK-AND-WHITE COTINGA	species	2
BLACK-AUTHOR	Adds	2
BLACK-BANKS	Adds	2
BLACK-DNA	Adds	2
BLACK-ESTATE	Adds	2
BLACK-FARMERS ADDS	UPDATES	2
BLACK-PREGNANCY	Adds	4
BLACK-PROMOTION	WAN	10
BLACK-SCHOOLS	WAN	4
BLACK-VOTE	Adds	6
BLACK-VOTERS	Adds	2
BLACKBEARD	Adds	2
BLACKBELT MAGAZINE	magazine	2
BLACKBELT MAGAZINE	martial arts magazines	2
BLACKBERRY TORCH Research in Motion	ANDROID	2
BLACKBIRD	apartment	4
BLACKBIRD	songster	2
BLACKBIRD	songsters	2
BLACKBIRDS	show	2
BLACKBIRDS	species	2
BLACKBURN	Blackburn Eds	2
BLACKBURN	Blackburn malaise	2
BLACKBURN	Champions League football	2
BLACKBURN	Eds	8
BLACKBURN	GMT SOCCER	16
BLACKBURN	Location	2
BLACKBURN	SOCCER	24
BLACKBURN	football	2
BLACKBURN	legal advice	2
BLACKBURN	malaise	2
BLACKBURN	manager's job Eds	2
BLACKBURN-EDIT	Adds	4
BLACKBURN-EDIT Updates	Adds	2
BLACKCAP	bird song	2
BLACKCAP	song	2
BLACKCOATS	Adds	2
BLACKCOLLEGES	Adds	2
BLACKFACE AMPS	AMPLIFIERS	2
BLACKFACE AMPS	DATING FENDER AMPLIFIERS	2
BLACKFARMERS	Adds	4
BLACKJACK	Online casino games	2
BLACKJACK	casino game	10
BLACKJACK	online casino games	8
BLACKMAN	Biography	2
BLACKMAN	IV	2
BLACKMAN	Question IV	2
BLACKMAN	cemetery	2
BLACKOPERATOR	designer	2
BLACKOPERATOR	designers	2
BLACKPOOL	Europe	2
BLACKPOOL	Government	2
BLACKPOOL	UN envoy	4
BLACKPOOL	class	2
BLACKPOOL	envoy	4
BLACKPOOL	force	2
BLACKPOOL	long-range reaction force	2
BLACKPOOL SANDS	DETAILS	2
BLACKPOOL SANDS	EVENT DETAILS	2
BLACKS	ALL-STAR FOCUS	4
BLACKS	Adds	8
BLACKS	COMMENTARY	4
BLACKS	Deletes	2
BLACKS	FOCUS	4
BLACKS	POLL	6
BLACKS	TEX-RATLIFF Deletes	2
BLACKS	U W POLL	2
BLACKS	pound POLL	2
BLACKS-RIGHTS-REVIEW	add	2
BLACKS-RIGHTS-REVIEW	final budget adds	2
BLACKSBURG	CYCLING	2
BLACKSBURG	Coverage	2
BLACKSBURG	Friday	4
BLACKSBURG	GMT Friday	4
BLACKSBURG	GMT Thursday	6
BLACKSBURG	GMT Tuesday	8
BLACKSBURG	GMT Wednesday	6
BLACKSBURG	Korean student	4
BLACKSBURG	MOMENT	2
BLACKSBURG	Previous Coverage	2
BLACKSBURG	South Korean	4
BLACKSBURG	Thursday	6
BLACKSBURG	Tuesday	8
BLACKSBURG	US campus shooting	2
BLACKSBURG	Wednesday	8
BLACKSBURG	drama	2
BLACKSBURG	filled note	2
BLACKSBURG	gory dramas	2
BLACKSBURG	mental health	4
BLACKSBURG	note	2
BLACKSBURG	on Wednesday	2
BLACKSBURG	shooting	2
BLACKSBURG	stalking	4
BLACKSBURG	student	4
BLACKSTONE TO BUY	F MERGER SNAPSHOT	2
BLACKSTONE TO BUY	MERGER SNAPSHOT	2
BLACKSTONE TO BUY	SNAPSHOT	4
BLACKTHORN	HARDWOODS	4
BLACKTHORN	TRADITIONAL CELTIC HARDWOODS	4
BLACKVET	Adds	4
BLACKWELL	Heroes	2
BLACKWELL	Polytechnic's Fallen Heroes	2
BLACKWHITE-ADOPTION	delete	4
BLACKWHITE-ADOPTION	deletes	4
BLACKWHT	actual colour state	2
BLACKWHT	state	2
BLACKWOMEN-POLL	delete	2
BLACKWOMEN-POLL	deletes	2
BLACKWOOD	Author	4
BLACKWOOD GWENT	Location	2
BLACKWOOD GWENT	MOBILE CATERING VAN Location	2
BLACKstreet	Riley	2
BLACKstreet	artist	2
BLACKstreet	artists	2
BLACKstreet	founder Teddy Riley	2
BLACS	based tools	8
BLACS	tool	8
BLADE	Notice	2
BLADE	Paid Notice	2
BLADE Complex	Engineering	2
BLADEX	board	2
BLADEX	boards	2
BLADING	player	2
BLAENWERN	alphabetical order	2
BLAENWERN	order	2
BLAG	Linux distributions	2
BLAG	distribution	2
BLAH TO BRILLIANT MINNEAPOLIS	COLORS	2
BLAH TO BRILLIANT MINNEAPOLIS	MINNESOTA'S FALL COLORS	2
BLAINE	Iraq war	2
BLAINE	war	2
BLAINE TRUMP	subject	2
BLAINE TRUMP	subjects	2
BLAIR	Blair	2
BLAIR	Department of Defense	2
BLAIR	WAN	12
BLAIR	capital Port Blair	2
BLAIR	island	4
BLAIR	on remote Indian island	2
BLAIR	on two Indian islands	2
BLAIR	only active volcano sputtering out	2
BLAIR	out	2
BLAIR BROWN	THING	4
BLAIR VISITS CAMP	MACEDONIA	2
BLAIR VISITS CAMP	fr MACEDONIA	2
BLAIR Washington	SECURITY	2
BLAIR Washington	TAIWAN'S SECURITY	2
BLAISE	CAI software	2
BLAISE	Newbury Park	2
BLAISE	Park	2
BLAISE	software	2
BLAIZE	Acts	2
BLAIZE	UPSTAIRS Live Acts	2
BLAKE	Adds	2
BLAKE	LEAD	2
BLAKE	NIGHTMARES	2
BLAKE	Thompson GOTHIC NIGHTMARES	2
BLAKE	contact	2
BLAKE	quarterback	2
BLAKE	quarterbacks	2
BLAKE OK LOS ANGELES	BIRDS	4
BLAKE OK LOS ANGELES	BOO BIRDS	4
BLAKEDOWN	DETRUNKING ORDERS	2
BLAKEDOWN	ORDERS	2
BLAKENEY POINT	feature	4
BLAKENEY POINT	features	4
BLAKER	Rob Wilson Seeking	2
BLAKER	Seeking	2
BLAKES	Accommodation	2
BLAKEY	Economic Science	2
BLAKEY	Science	2
BLAME	BONN JOURNAL	4
BLAME	COLUMN	2
BLAME	I BONN JOURNAL	2
BLAME	JOURNAL	6
BLAME	TIMES	2
BLAME JACKSON	COLUMN	2
BLAME PET OWNERS	ADVICE	2
BLAME PET OWNERS	PET CARE ADVICE	2
BLAME PSLS	BLACKOUT	2
BLAME PSLS	RAIDERS BLACKOUT	2
BLAME SADDAM	ALBRIGHT	16
BLANC	Andrew England GOLF	2
BLANC	BYRD	2
BLANC	Buick Open	2
BLANC	Dilip Ganguly GOLF	2
BLANC	GOLF	72
BLANC	Open	2
BLANC	RED BYRD	2
BLANC	Scharchburg	2
BLANC	artist	2
BLANC	format	8
BLANC	formats	8
BLANC	participating artists	2
BLANCA	Subject	2
BLANCA	coast	4
BLAND	MUSHROOMS	4
BLANDFORD	MAIN SPOT NEWS	2
BLANDFORD	SPOT NEWS	2
BLANK	Adds	2
BLANK	External Subroutines	2
BLANK	LENSTR External Subroutines	8
BLANK	Subroutines	10
BLANK	film	2
BLANK	films	2
BLANK-CHECK STEM CELLS SACRAMENTO	EDITORIAL	2
BLANTYRE	Advisory AFP Football	2
BLANTYRE	Africa AIDS fight	2
BLANTYRE	Angola peace	2
BLANTYRE	Banda's mental health	2
BLANTYRE	Britain	2
BLANTYRE	Challenge	2
BLANTYRE	China	4
BLANTYRE	Coalition break-up good news	2
BLANTYRE	Cosafa Castle Cup	2
BLANTYRE	Cup	2
BLANTYRE	EU	2
BLANTYRE	Eds	2
BLANTYRE	Faces Land Reform Challenge	2
BLANTYRE	Famine kills children	2
BLANTYRE	Football	2
BLANTYRE	HIV test	2
BLANTYRE	Malawi	34
BLANTYRE	Malawi boat accident	2
BLANTYRE	Malawi church	2
BLANTYRE	Malawi food outlook	2
BLANTYRE	Malawi malaria fight	2
BLANTYRE	Malawi minister	2
BLANTYRE	Malawi road crash	2
BLANTYRE	Malawian elections goes well	2
BLANTYRE	Mozambique	2
BLANTYRE	Muluzi	2
BLANTYRE	Peace Talks	2
BLANTYRE	Profile	2
BLANTYRE	Qaeda	2
BLANTYRE	SADC Summit	2
BLANTYRE	South Africa	2
BLANTYRE	Southern Africa	2
BLANTYRE	Summit	2
BLANTYRE	Zimbabwe	4
BLANTYRE	accident	2
BLANTYRE	adopted child	4
BLANTYRE	adoption	2
BLANTYRE	after positive HIV test	2
BLANTYRE	aid withdrawal	2
BLANTYRE	airport	6
BLANTYRE	anti-government prayers	2
BLANTYRE	boost food	2
BLANTYRE	cases found dead	2
BLANTYRE	change	2
BLANTYRE	child	2
BLANTYRE	church	2
BLANTYRE	clash in Malawi	2
BLANTYRE	clean-up' exercise	2
BLANTYRE	close diplomatic mission	2
BLANTYRE	court	2
BLANTYRE	courts	2
BLANTYRE	crash	2
BLANTYRE	dead	2
BLANTYRE	death	2
BLANTYRE	deficit	2
BLANTYRE	diplomatic mission	2
BLANTYRE	dollar	4
BLANTYRE	dollars	2
BLANTYRE	drop nine percent	2
BLANTYRE	drug	2
BLANTYRE	duties	2
BLANTYRE	duty	2
BLANTYRE	economic growth in Malawi	2
BLANTYRE	election riots	2
BLANTYRE	environmental damage	2
BLANTYRE	ethnic lines marks new era	2
BLANTYRE	exercise	2
BLANTYRE	face food deficit	2
BLANTYRE	faces transport woes	2
BLANTYRE	farmer's son	2
BLANTYRE	fight	6
BLANTYRE	food	2
BLANTYRE	food aid	2
BLANTYRE	free AIDS drugs	2
BLANTYRE	funds	2
BLANTYRE	gay personalities	2
BLANTYRE	good news	2
BLANTYRE	home	2
BLANTYRE	house	2
BLANTYRE	hunger in Malawi	2
BLANTYRE	inter-parties talks	2
BLANTYRE	international aid	2
BLANTYRE	irrigation	2
BLANTYRE	labour funds	2
BLANTYRE	land policy	2
BLANTYRE	leaded petrol	2
BLANTYRE	leader	4
BLANTYRE	level	2
BLANTYRE	list	2
BLANTYRE	luxurious state house	2
BLANTYRE	malaria fight	2
BLANTYRE	malaria in Malawi	2
BLANTYRE	member	2
BLANTYRE	mental health	2
BLANTYRE	minister	2
BLANTYRE	mn dollars	2
BLANTYRE	monkey trick	2
BLANTYRE	month	2
BLANTYRE	months	2
BLANTYRE	new era	2
BLANTYRE	nine in Malawi	2
BLANTYRE	northern Malawi	2
BLANTYRE	nurse	2
BLANTYRE	nurses	2
BLANTYRE	off humanitarian disaster in Malawi	2
BLANTYRE	on Madonna adoption	2
BLANTYRE	on Zimbabwe	2
BLANTYRE	on aid resumption	2
BLANTYRE	on spending	2
BLANTYRE	operation	2
BLANTYRE	order	2
BLANTYRE	outlook	2
BLANTYRE	pandemic-hit Malawi	2
BLANTYRE	party leads in presidential elections	2
BLANTYRE	peace	2
BLANTYRE	people Eds	2
BLANTYRE	people in Malawi	2
BLANTYRE	percent	4
BLANTYRE	personality	2
BLANTYRE	petrol	2
BLANTYRE	policy	2
BLANTYRE	political activists in Malawi	4
BLANTYRE	politician	2
BLANTYRE	politicians	2
BLANTYRE	poll	2
BLANTYRE	prayer	2
BLANTYRE	presidential election	2
BLANTYRE	probe	2
BLANTYRE	project in Malawi	2
BLANTYRE	quit	2
BLANTYRE	rape	2
BLANTYRE	regional strongholds	2
BLANTYRE	relief in Malawi	2
BLANTYRE	resumption	2
BLANTYRE	return home	2
BLANTYRE	riot	2
BLANTYRE	ruling party	2
BLANTYRE	see Libyan leader	4
BLANTYRE	serious shortcomings	2
BLANTYRE	shortcoming	2
BLANTYRE	son	2
BLANTYRE	spending	2
BLANTYRE	start in Malawi	2
BLANTYRE	stronghold	2
BLANTYRE	summit	2
BLANTYRE	suspected Al-Qaeda members	2
BLANTYRE	talk	2
BLANTYRE	through Mozambique	2
BLANTYRE	tobacco	2
BLANTYRE	treasury in Malawi	2
BLANTYRE	unacceptable level	2
BLANTYRE	villager	2
BLANTYRE	villagers	2
BLANTYRE	vote	2
BLANTYRE	voter list	2
BLANTYRE	well	2
BLANTYRE	wider probe	2
BLANTYRE	wind up operations	2
BLANTYRE	witchcraft in Malawi	2
BLANTYRE	withdrawal	2
BLANTYRE	woe	2
BLANTYRE	year	2
BLAS	Fortran Library routines	2
BLAS	UNITED STATES	2
BLAS	algebra libraries	2
BLAS	algorithm	2
BLAS	facility	2
BLAS	free-standing FORTRAN subprogram libraries	2
BLAS	high level algorithms	2
BLAS	libraries	6
BLAS	library	12
BLAS	linear algebra	6
BLAS	mathematical facilities	2
BLAS	numerical software	2
BLAS	open source libraries	2
BLAS	package	2
BLAS	routine	2
BLAS	software	2
BLAS	system	2
BLAS	systems	2
BLAS	well-known packages	2
BLASIUS	Notice	2
BLASIUS	Paid Notice	2
BLASIUS	system	4
BLASIUS	variable grid systems	4
BLASKETT	effect	2
BLASKETT	immediate effect	2
BLASPHEMY	MIXED PUBLIC AND PRIVATE INTERESTS	2
BLASPHEMY	PRIVATE INTERESTS	2
BLASS	NIGHT	4
BLAST	Gramene	2
BLAST	NCBI resources	2
BLAST	Sequence tools	2
BLAST	Software	2
BLAST	algorithm	4
BLAST	alignment software	2
BLAST	analysis	2
BLAST	analytic tools	2
BLAST	application	2
BLAST	basic bioinformatics tools	2
BLAST	bioinformatics	2
BLAST	bioinformatics tools	2
BLAST	comparison	2
BLAST	computation	2
BLAST	computational techniques	2
BLAST	computer program	2
BLAST	computer programs	2
BLAST	database	2
BLAST	database search techniques	2
BLAST	database searches	2
BLAST	effects table	2
BLAST	example	2
BLAST	fast algorithms	2
BLAST	heuristic sequence alignment programs	2
BLAST	large-scale computations	2
BLAST	local alignment algorithms	2
BLAST	method	12
BLAST	methods	6
BLAST	online tools	2
BLAST	online web services	2
BLAST	open source research tools	2
BLAST	portal	2
BLAST	program	4
BLAST	programme	2
BLAST	programmes	2
BLAST	programs	2
BLAST	recent alignment applications	2
BLAST	research tool	2
BLAST	resource	2
BLAST	search	2
BLAST	self-comparison programs use databases	2
BLAST	sensitive sequence analysis tools	2
BLAST	sequence alignment methods	2
BLAST	sequence analysis	2
BLAST	sequence comparison	2
BLAST	sequence search methods	2
BLAST	sequence search tool	2
BLAST	service	2
BLAST	software	4
BLAST	table	2
BLAST	technique	4
BLAST	thing	2
BLAST	tool	16
BLAST	tools	2
BLAST	used methods	2
BLAST	web portals	2
BLAST ROCKS LAHORE	FLASH	2
BLAST ROCKS LAHORE	mixed doubles FLASH	2
BLAST alignments	result	2
BLAST alignments	results	2
BLAST pack	training	2
BLAST search	analysis	4
BLAST search	bioinformatic analyses	4
BLAST search tool	ongoing sequencing project	4
BLAST search tool	project	4
BLAST searches	Additional analysis tools	2
BLAST searches	Tetraodon resources	4
BLAST searches	data	8
BLAST searches	resource	4
BLAST searches	tool	2
BLASTIER	gust of wind	2
BLASTIER	gusts of wind	2
BLASTIEST	gust of wind	2
BLASTIEST	gusts of wind	2
BLASTING	inside sports stories	2
BLASTING	story	2
BLASTP	BLAST family	4
BLASTP	family	4
BLASTP searches	CDS features	2
BLASTP searches	feature	2
BLASTS AT CLINIC	FBI	2
BLAYDON	BANK	2
BLAYDON	SOUTH BANK	2
BLAZING	DATES	2
BLAZING	OPEN DATES	2
BLAZING	VENGEANCE	2
BLAZING TRAILS	SENT	2
BLAZING TRAILS	STORY FIRST SENT	2
BLAs	regulatory submissions	2
BLAs	submission	2
BLB	Boards	4
BLB	Sanitary Boards	4
BLC	advanced feature set	2
BLC	set	2
BLCC	external venue	2
BLCC	venue	2
BLCKSHP	Beat Stage	2
BLCKSHP	Stage	2
BLCMP	database	2
BLCMP	databases	2
BLCMP	organisation	2
BLCMP	organisations	2
BLCs	based Broadband Access solutions	8
BLCs	solution	8
BLD	Anti-B agglutinins	2
BLD	CANADIAN EQUITY MOVERS	14
BLD	EQUITY PREVIEW	4
BLD	MOVERS	14
BLD	PREVIEW	4
BLD	agglutinin	2
BLD	dialect	2
BLD	industry news	18
BLD	logic RIF dialects	2
BLD	news	18
BLD	recording studio	2
BLD	recording studios	2
BLD US	story	2
BLDG	database record numbers	2
BLDG	number	2
BLDP founders fighting	coalition	2
BLDSA Champion	open water swims	2
BLDSA Champion	swim	2
BLDSC	alternative	2
BLDSC	alternatives	2
BLDSC	service	2
BLDSC	services	2
BLDSC resource	location purposes	2
BLDSC resource	purpose	2
BLE	body	2
BLE	rail unions	2
BLE	sporting bodies	2
BLE	union	2
BLEA	book title	2
BLEAK PROSPECTS	HOMELESS PORTRAIT	2
BLEAK PROSPECTS	PORTRAIT	2
BLEAK PROSPECTS SAN FRANCISCO	HOMELESS PORTRAIT	2
BLEAK PROSPECTS SAN FRANCISCO	PORTRAIT	2
BLED	Balkan changes	2
BLED	Georgia's NATO integration	2
BLED	change	2
BLED	feature	2
BLED	following features	2
BLED	integration	2
BLED	us	2
BLEDP	key stakeholders	2
BLEDP	stakeholder	2
BLEECHHHH He	assface	2
BLEEDING	CARNAGE	2
BLEEDING	FARMERS MARKET CARNAGE	2
BLEEDING	HOURS	2
BLEEDING	PAINT	4
BLEEDS	SLAYER	2
BLEEDS	VAMPIRE SLAYER	2
BLEEK	CONCERT	2
BLEEK	SUCKER-FREE CONCERT	2
BLENCOE	TOP STORIES	2
BLENCOE	UTC TOP STORIES	2
BLEND TALENT	RECIPE	4
BLEND TALENT	S WORLD CUP RECIPE	2
BLEND TALENT	WORLD CUP RECIPE	2
BLENDS	Cox Newspapers TASTINGS	2
BLENDS	TASTINGS	2
BLENDS	alternative	4
BLENDS	still offer alternatives	4
BLESMA	ex-Service organisations	2
BLESMA	organisation	6
BLESMA	organisations	4
BLESSED EASE	VINCENT	2
BLESSED MARY Pray	holy queen prayer	2
BLESSED MARY Pray	prayer	2
BLESSED PLOT	ENGLISH JOURNAL	2
BLESSED PLOT	JOURNAL	4
BLESSED PLOT	com ENGLISH JOURNAL	2
BLESSED SILENCE	AMENITY Just	2
BLESSED SILENCE	Just	2
BLESSINGS	BUDDHIST	2
BLESSINGS	THAI BUDDHIST	2
BLEU	automatic metric	2
BLEU	existing metrics	2
BLEU	metric	4
BLEVE may	specialised terms	2
BLEVE may	term	2
BLEVINS	FEATURES	2
BLEZZARD	Third coach	2
BLEZZARD	coach	2
BLF	Culture-jamming movements	2
BLF	Forums	2
BLF	UK funders	2
BLF	album	2
BLF	funder	2
BLF	group	2
BLF	groups	2
BLF	movement	2
BLF	sample albums	2
BLG	candidate	2
BLG	ice planet candidates	2
BLG	method	2
BLG CII	Read biography Speaker	2
BLG CII	Speaker	2
BLG Hypotheken	market	2
BLG Hypotheken	target specific markets	2
BLG Meet gorillas	Search Tour ref	2
BLG Meet gorillas	ref	2
BLG Speaker	event Speaker	2
BLH testing machines	Fritz Lab	2
BLH testing machines	Lab	2
BLI	race equality specialists	2
BLI	specialist	2
BLIC	Jovan	2
BLIFF	showcase	4
BLIFF	showcases	4
BLIND	WEB	8
BLIND BAT	classified special operations missions	2
BLIND BAT	mission	2
BLIND BEGGAR WHO SEES	So	4
BLINEBURY-COLUMN	Adds	2
BLING	COMMENTARY	2
BLINI	SPORTS COLUMN	2
BLINK	Tags	2
BLINK	controversial extensions	2
BLINK	even	2
BLINK	extension	2
BLINK	following Tags	2
BLINK	website	2
BLINK	websites	2
BLINK tag	means	2
BLINKING LIGHTS	REVELATIONS	2
BLIPS	abusive tax shelters	2
BLIPS	aggressive tax shelters	2
BLIPS	name	4
BLIPS	names	4
BLIPS	shelter	6
BLIPS	shelters	6
BLIPS	tax shelter	8
BLIPS	tax shelters	4
BLISS	CONTRIBUTION	2
BLISS	Company name	2
BLISS	GUEST CONTRIBUTION	2
BLISS	Morel Mystery Series	2
BLISS	NOTES	2
BLISS	Series	2
BLISS	TRAVEL NOTES	2
BLISS	communication skill	2
BLISS	communication skills	2
BLISS	task	2
BLISS	time	2
BLISS GLACIER NATIONAL PARK	THROUGH GLACIER NATIONAL PARK	2
BLIT	Methods	2
BLITAR	Indonesian volcano	2
BLITAR	false alarm	4
BLITAR	high	4
BLITAR	imminent despite false alarm	4
BLITAR	risk remains high	4
BLITAR	volcano	2
BLITECAST	system	2
BLITECAST	weather forecasting systems	2
BLITZ	Notice	2
BLITZ	Paid Notice	2
BLITs	basilisk	2
BLITs	basilisks	2
BLITs	image	2
BLITs	similar images	2
BLIZZARD Sunday	FOCUS	2
BLK	Finish	2
BLK	WAN	6
BLK	WORD	2
BLK	change	2
BLK	publication	2
BLK	publications	2
BLK	shoot	2
BLK	test shoots	2
BLK	use WORD	2
BLK JKS	act	2
BLK JKS	acts	2
BLK JKS	illustrious musicians	2
BLK JKS	musician	2
BLK-COLLEGES	Adds	2
BLK-COLLEGES-CRIME	Adds	4
BLL US	information	2
BLL US	stock information	2
BLLT	can use	2
BLLT	use	2
BLM	Canyon	2
BLM	Department of the Interior	2
BLM	Genes	4
BLM	Gun Canyon	2
BLM	ISO country codes	2
BLM	US federal agencies	2
BLM	agencies	2
BLM	agency	6
BLM	best-in-market partner agencies	2
BLM	company	2
BLM	country code	2
BLM	department	2
BLM	employment	2
BLM	entities	2
BLM	entity	2
BLM	federal agencies	4
BLM	federal agency	6
BLM	federal landowner	4
BLM	federal public land manager	2
BLM	gene	4
BLM	genes	4
BLM	global media services companies	2
BLM	homologous recombination	2
BLM	interior department	2
BLM	landowner	4
BLM	manager	2
BLM	nickname	2
BLM	on public property	2
BLM	organization	2
BLM	organizations	2
BLM	planning agencies	2
BLM	project	2
BLM	public property	2
BLM	related nicknames	2
BLM	seasonal employment	2
BLM	source	2
BLM	sources	2
BLM	state	2
BLM Quantum	agency	2
BLM Quantum	search agencies	2
BLM Socorro Bosque	section	2
BLM Socorro Bosque	sections	2
BLM lands	elevation	2
BLM lands	lower elevations	2
BLM lands	on public lands	2
BLM lands	public land	2
BLMC	companies	2
BLMC	company	2
BLMS sensor system	Barriers	2
BLO	nickname	2
BLO	related nicknames	2
BLOB	Larges Objects	2
BLOB	Objects	2
BLOB pavilion	Case Study	2
BLOB storage	feature	2
BLOB storage	interesting features	2
BLOBS Black holes	object	2
BLOBS Black holes	objects	2
BLOBs	complex types	2
BLOBs	type	2
BLOC	Coordinator	4
BLOC	Illinois State Coordinator	4
BLOCK	ASSET-BACKED SECURITIES	4
BLOCK	CITY	2
BLOCK	KAPPA	6
BLOCK	Keywords	16
BLOCK	Notice	8
BLOCK	Paid Notice	8
BLOCK	SCULPTOR	10
BLOCK	SECURITIES	4
BLOCK	STUDIO CITY	2
BLOCKADE WASHINGTON	RESPONSES	4
BLOCKAGE	Keywords	4
BLOCKQUOTE	element	6
BLOCKQUOTE	elements	6
BLOCKS	database	2
BLOCKS	databases	2
BLOCKs	thing	2
BLOCKs	things	2
BLODGET	BOOK REVIEW	2
BLOEMFOMTEIN	CRICKET	2
BLOEMFONTEIN	Bob Greene CRICKET	2
BLOEMFONTEIN	CRICKET	22
BLOEMFONTEIN	Cricket	2
BLOEMFONTEIN	Eds	4
BLOEMFONTEIN	India	2
BLOEMFONTEIN	Kenya Eds	2
BLOEMFONTEIN	Ld-Writethru World Cup	2
BLOEMFONTEIN	Paraguay	2
BLOEMFONTEIN	RUGBY	12
BLOEMFONTEIN	RugbyU	2
BLOEMFONTEIN	Slovakia	2
BLOEMFONTEIN	Wednesday	2
BLOEMFONTEIN	World Cup	12
BLOEMFONTEIN	Year	2
BLOEMFONTEIN	long	2
BLOEMFONTEIN	officials RugbyU	2
BLOEMFONTEIN	probe	2
BLOEMFONTEIN	runs Eds	2
BLOEMFONTEIN	spy probe	2
BLOG	WORD	4
BLOGGERS	MELTING POT	2
BLOIS	CYCLING	8
BLOIS	GMT CYCLING	4
BLOIS	marriage	4
BLOIS	marriages	4
BLOK	TV programs	2
BLOK	program	2
BLOMQVIST	Reference	2
BLOND	CHINATOWN	2
BLOND NEW YORK	CHINATOWN	2
BLONDETV	Adds	2
BLONDIE	honoree	2
BLONDIE	honorees	2
BLOOD	COLUMN	2
BLOOD	FILM REVIEW	4
BLOOD	Notice	2
BLOOD	OUTDOORS COLUMN	2
BLOOD	Paid Notice	2
BLOOD	SPORTS COLUMN	2
BLOOD	U E FILM REVIEW	2
BLOOD	examination	2
BLOOD	film	2
BLOOD	films	2
BLOOD	lies in works	2
BLOOD	work	2
BLOOD BROTHERS	acclaim	2
BLOOD CAMPAIGN	long term projects	2
BLOOD CAMPAIGN	project	2
BLOOD CULT	Movies	2
BLOOD MONEY	Dead-On HITMAN	2
BLOOD MONEY	HITMAN	2
BLOOD RED PLANET	Polonia brothers triumphs	2
BLOOD RED PLANET	triumph	2
BLOOD RUNS RED	COMMENTARY	4
BLOOD SIMPLE	entertaining films	2
BLOOD SIMPLE	film	2
BLOOD SPECIALIST Taipei	SARS SUSCEPTIBILITY	2
BLOOD SPECIALIST Taipei	SUSCEPTIBILITY	2
BLOODLINES	MASQUERADE	4
BLOODNOK Eccles	Bloodnok	2
BLOODTIDE	young people	2
BLOODY KISS	Title	4
BLOODY VALENTINE	favourite	2
BLOODY VALENTINE	favourites	2
BLOODchip	clinical products	2
BLOODchip	product	2
BLOOM	Deletes	2
BLOOM	FBN-FALCONS-ADV Deletes	2
BLOOM	actor	2
BLOOM	actors	2
BLOOMBERG	COMMENTARY	2
BLOOMBERG	DEMS-NYT ATTN EDITORS	2
BLOOMBERG	EDITORS	2
BLOOMBERG	Epilogue	2
BLOOMBERG	Government Oversight	2
BLOOMBERG	NEW YEAR'S DAY	2
BLOOMBERG	OPENING NEW YEAR'S DAY	2
BLOOMBERG	Oversight	2
BLOOMBERG	television network	2
BLOOMBERG	television networks	2
BLOOMBERG FORUM Albuquerque	ATTRACTIVE TO A SUITOR	2
BLOOMBERG FORUM Albuquerque	SUITOR	2
BLOOMBERG FORUM Atlanta	AFTER MEDICARE RULING	2
BLOOMBERG FORUM Atlanta	CLIENTS	2
BLOOMBERG FORUM Atlanta	CORPORATE CLIENTS	2
BLOOMBERG FORUM Atlanta	FED	2
BLOOMBERG FORUM Atlanta	GAME PLAN	2
BLOOMBERG FORUM Atlanta	LOW-COST MODEMS	2
BLOOMBERG FORUM Atlanta	MODEMS	2
BLOOMBERG FORUM Atlanta	NEW GAME PLAN	2
BLOOMBERG FORUM Atlanta	RULING	2
BLOOMBERG FORUM Atlanta	STOCKS	2
BLOOMBERG FORUM Bangkok	PREMIER	2
BLOOMBERG FORUM Bangkok	THAI PREMIER	2
BLOOMBERG FORUM Beijing	SOAR	2
BLOOMBERG FORUM Beijing	USE TO SOAR	2
BLOOMBERG FORUM Beverly Hills	LOWER OIL PRICES	2
BLOOMBERG FORUM Beverly Hills	MERGERS	2
BLOOMBERG FORUM Beverly Hills	OIL PRICES	2
BLOOMBERG FORUM Bogota	COLOMBIA SWAP	2
BLOOMBERG FORUM Bogota	DISTANCE	2
BLOOMBERG FORUM Bogota	EXPORTER	2
BLOOMBERG FORUM Bogota	ON LONG DISTANCE	2
BLOOMBERG FORUM Bogota	STAY AN EXPORTER	2
BLOOMBERG FORUM Bogota	SWAP	2
BLOOMBERG FORUM Boston	ACQUISITION	2
BLOOMBERG FORUM Boston	ATTENTION	2
BLOOMBERG FORUM Boston	BLN	2
BLOOMBERG FORUM Boston	BOLSTER INTERNATIONAL STOCKS	2
BLOOMBERG FORUM Boston	BUY MUTUAL FUNDS	2
BLOOMBERG FORUM Boston	CASE	2
BLOOMBERG FORUM Boston	DIG	2
BLOOMBERG FORUM Boston	FERBER'S CASE	2
BLOOMBERG FORUM Boston	HIRE MANAGERS	2
BLOOMBERG FORUM Boston	INVESTOR ATTENTION	2
BLOOMBERG FORUM Boston	MAKE ACQUISITION	2
BLOOMBERG FORUM Boston	MANAGERS	2
BLOOMBERG FORUM Boston	MUTUAL FUNDS	2
BLOOMBERG FORUM Boston	NEW PRODUCTS	2
BLOOMBERG FORUM Boston	PRODUCTS	2
BLOOMBERG FORUM Boston	STOCKS	2
BLOOMBERG FORUM Boston	TECHNOLOGY	2
BLOOMBERG FORUM Boynton Beach	T UNIT	2
BLOOMBERG FORUM Boynton Beach	UNIT	2
BLOOMBERG FORUM Brasilia	BOLSTERS RULING SOCIAL DEMOCRATS	2
BLOOMBERG FORUM Brasilia	SOCIAL DEMOCRATS	2
BLOOMBERG FORUM Brookfield	MEETING	2
BLOOMBERG FORUM Buenos Aires	ARGENTINA	6
BLOOMBERG FORUM Buenos Aires	CONGRESS	2
BLOOMBERG FORUM Buenos Aires	ECONOMIC TARGETS	2
BLOOMBERG FORUM Buenos Aires	FOCUS TO CONGRESS	2
BLOOMBERG FORUM Buenos Aires	GROWTH SAYS PARIBAS	2
BLOOMBERG FORUM Buenos Aires	ON REBOUNDING ARGENTINA	4
BLOOMBERG FORUM Buenos Aires	PARIBAS	2
BLOOMBERG FORUM Buenos Aires	TARGETS	2
BLOOMBERG FORUM Caracas	APRIL	2
BLOOMBERG FORUM Caracas	BANK IN APRIL	2
BLOOMBERG FORUM Caracas	BLN IN VENEZUELA	2
BLOOMBERG FORUM Caracas	CACAO INDUSTRY	2
BLOOMBERG FORUM Caracas	COMEBACK	2
BLOOMBERG FORUM Caracas	FOOD IMPORTS	2
BLOOMBERG FORUM Caracas	INDUSTRY	2
BLOOMBERG FORUM Caracas	MAY CANCEL PRODUCT LINES	2
BLOOMBERG FORUM Caracas	PRODUCT LINES	2
BLOOMBERG FORUM Caracas	STAGE STRONG COMEBACK	2
BLOOMBERG FORUM Caracas	SURGE IN VENEZUELA	2
BLOOMBERG FORUM Caracas	VENEZUELA	4
BLOOMBERG FORUM Charlotte	BUILD EQUITIES	2
BLOOMBERG FORUM Charlotte	EQUITIES	2
BLOOMBERG FORUM Chestnut Hill	HOLIDAYS	2
BLOOMBERG FORUM Chicago	5-YEAR AMA PACT	2
BLOOMBERG FORUM Chicago	ACQUISITIONS	2
BLOOMBERG FORUM Chicago	ALLIANCES	2
BLOOMBERG FORUM Chicago	AMERITECH IN CHICAGO	2
BLOOMBERG FORUM Chicago	BILLION IN ACQUISITIONS	2
BLOOMBERG FORUM Chicago	BRAZIL STOCKS	2
BLOOMBERG FORUM Chicago	BULL	2
BLOOMBERG FORUM Chicago	BUSINESS	2
BLOOMBERG FORUM Chicago	CHICAGO	2
BLOOMBERG FORUM Chicago	CONCERN	2
BLOOMBERG FORUM Chicago	DIVERSITY	2
BLOOMBERG FORUM Chicago	EMPLOYMENT	2
BLOOMBERG FORUM Chicago	EXECUTIVES SAY	2
BLOOMBERG FORUM Chicago	HARVEST'S LOW	2
BLOOMBERG FORUM Chicago	HIGHER WAGES	2
BLOOMBERG FORUM Chicago	LIFE INSURANCE BUSINESS	2
BLOOMBERG FORUM Chicago	LONG DISTANCE RUMBLE	2
BLOOMBERG FORUM Chicago	LOW	2
BLOOMBERG FORUM Chicago	MARKETS	2
BLOOMBERG FORUM Chicago	MELAMED SAYS	2
BLOOMBERG FORUM Chicago	ON UAW TALKS	2
BLOOMBERG FORUM Chicago	PACT	2
BLOOMBERG FORUM Chicago	PLAN	4
BLOOMBERG FORUM Chicago	RIGHT TO FIND EMPLOYMENT	2
BLOOMBERG FORUM Chicago	RUMBLE	2
BLOOMBERG FORUM Chicago	SALES	2
BLOOMBERG FORUM Chicago	SAY	2
BLOOMBERG FORUM Chicago	SAYS	2
BLOOMBERG FORUM Chicago	SEES EURO CONCERN	2
BLOOMBERG FORUM Chicago	SOLVING TECHNOLOGY WOES	2
BLOOMBERG FORUM Chicago	STILL A COMMODITY BULL	2
BLOOMBERG FORUM Chicago	STOCKS	2
BLOOMBERG FORUM Chicago	STRONG HOLIDAY SALES	2
BLOOMBERG FORUM Chicago	TALKS	2
BLOOMBERG FORUM Chicago	UNDER DOLE PLAN	4
BLOOMBERG FORUM Chicago	WAGES	2
BLOOMBERG FORUM Chicago	WOES	2
BLOOMBERG FORUM Cleveland	ACQUISITION	2
BLOOMBERG FORUM Cleveland	ACQUISITIONS	2
BLOOMBERG FORUM Cleveland	CONTROLS	2
BLOOMBERG FORUM Cleveland	CORPORATE FINANCE	2
BLOOMBERG FORUM Cleveland	FINANCE	2
BLOOMBERG FORUM Cleveland	INSURANCE ACQUISITION	2
BLOOMBERG FORUM Cleveland	ON ACQUISITIONS	2
BLOOMBERG FORUM Dallas	FOOD-COMPANY BUYOUTS SOON	2
BLOOMBERG FORUM Dallas	SOON	2
BLOOMBERG FORUM Dearborn	AUTHOR	2
BLOOMBERG FORUM Dearborn	SAYS AUTHOR	2
BLOOMBERG FORUM Detroit	NEW PRODUCTS BOOSTING SHARE	2
BLOOMBERG FORUM Detroit	SHARE	2
BLOOMBERG FORUM Dublin	APRIL	2
BLOOMBERG FORUM Dublin	ASIA	2
BLOOMBERG FORUM Dublin	OPEN IN ASIA	2
BLOOMBERG FORUM Englewood	PARTNER DECISIONS SOON	2
BLOOMBERG FORUM Englewood	SOON	2
BLOOMBERG FORUM Grand Cayman	FEATURE MUTUAL FUNDS	2
BLOOMBERG FORUM Grand Cayman	MUTUAL FUNDS	2
BLOOMBERG FORUM Hanoi	BILLS	2
BLOOMBERG FORUM Hanoi	T-BILLS	2
BLOOMBERG FORUM Hong Kong	AIMS AT EMERGING MARKETS	4
BLOOMBERG FORUM Hong Kong	ARMY PHONE PLANS	2
BLOOMBERG FORUM Hong Kong	CHINA TELECOM POLICY	2
BLOOMBERG FORUM Hong Kong	CHINA-TAIWAN LINK	2
BLOOMBERG FORUM Hong Kong	EMERGING MARKETS	4
BLOOMBERG FORUM Hong Kong	EXPANSION IN LATIN AMERICA	2
BLOOMBERG FORUM Hong Kong	HONG KONG INTERNET PHONE	2
BLOOMBERG FORUM Hong Kong	LATIN AMERICA	2
BLOOMBERG FORUM Hong Kong	LINK	2
BLOOMBERG FORUM Hong Kong	MAGNET	2
BLOOMBERG FORUM Hong Kong	MONEY MAGNET	2
BLOOMBERG FORUM Hong Kong	NEXT YEAR	2
BLOOMBERG FORUM Hong Kong	PHONE	2
BLOOMBERG FORUM Hong Kong	PLANS	2
BLOOMBERG FORUM Hong Kong	PLOTS GLOBAL PUSH	2
BLOOMBERG FORUM Hong Kong	POLICY	2
BLOOMBERG FORUM Hong Kong	PUSH	2
BLOOMBERG FORUM Hong Kong	YEAR	2
BLOOMBERG FORUM Ica	COMPANIES	2
BLOOMBERG FORUM Ica	PERUVIAN COMPANIES	2
BLOOMBERG FORUM Irvine	PRICE WOES	2
BLOOMBERG FORUM Irvine	WOES	2
BLOOMBERG FORUM Jakarta	INDONESIA	2
BLOOMBERG FORUM Kitchener	DOUBLE SALES	2
BLOOMBERG FORUM Kitchener	SALES	2
BLOOMBERG FORUM Lansdowne	CANCER TEST	2
BLOOMBERG FORUM Lansdowne	CEO SEES PROFITABILITY	2
BLOOMBERG FORUM Lansdowne	PROFITABILITY	2
BLOOMBERG FORUM Lansdowne	TEST	2
BLOOMBERG FORUM Lansing	ECONOMY	2
BLOOMBERG FORUM Las Vegas	CUSTOMER	2
BLOOMBERG FORUM Las Vegas	SALES	2
BLOOMBERG FORUM Las Vegas	SCHEDULE	2
BLOOMBERG FORUM Las Vegas	STRONG HOLIDAY SALES	2
BLOOMBERG FORUM Lima	ADR SALE	2
BLOOMBERG FORUM Lima	COMMODITY EXCHANGE	2
BLOOMBERG FORUM Lima	EL NINO	2
BLOOMBERG FORUM Lima	HIGHER GOLD OUTPUT	2
BLOOMBERG FORUM Lima	MLN	2
BLOOMBERG FORUM Lima	MLN BOND SALE	2
BLOOMBERG FORUM Lima	NINO	2
BLOOMBERG FORUM Lima	ON RULING	2
BLOOMBERG FORUM Lima	OPEN BRANCHES IN PERU	2
BLOOMBERG FORUM Lima	OUTPUT	2
BLOOMBERG FORUM Lima	PERU	2
BLOOMBERG FORUM Lima	PERU COMMODITY EXCHANGE	2
BLOOMBERG FORUM Lima	PRESIDENT SAYS	2
BLOOMBERG FORUM Lima	RULING	2
BLOOMBERG FORUM Lima	SALE	4
BLOOMBERG FORUM Lima	SAYS	2
BLOOMBERG FORUM Lima	VIOLENCE WANES	2
BLOOMBERG FORUM Lima	WANES	2
BLOOMBERG FORUM Lima	YEAR	2
BLOOMBERG FORUM London	COGNAC	2
BLOOMBERG FORUM London	EUROPE	2
BLOOMBERG FORUM London	INTERNET IN EUROPE	2
BLOOMBERG FORUM London	LVMH'S COGNAC	2
BLOOMBERG FORUM London	OIL	2
BLOOMBERG FORUM London	RUSSIAN OIL	2
BLOOMBERG FORUM London	WIN	2
BLOOMBERG FORUM London	YELTSIN'S WIN	2
BLOOMBERG FORUM Los Angeles	BUYING INFORMIX	2
BLOOMBERG FORUM Los Angeles	INFORMIX	2
BLOOMBERG FORUM Los Angeles	PROFIT	2
BLOOMBERG FORUM Los Angeles	STUDIO PROFIT	2
BLOOMBERG FORUM Louisville	DEMAND	4
BLOOMBERG FORUM Louisville	EURO CONVERSION DEMAND	4
BLOOMBERG FORUM Manila	APEC'S ITA STANCE	2
BLOOMBERG FORUM Manila	BOND YIELDS	2
BLOOMBERG FORUM Manila	FURTHER DROP IN BOND YIELDS	2
BLOOMBERG FORUM Manila	STANCE	2
BLOOMBERG FORUM Mexico City	LEVELS	2
BLOOMBERG FORUM Mexico City	NEW RESERVE LEVELS	2
BLOOMBERG FORUM Mexico City	ORDERS	2
BLOOMBERG FORUM Mexico City	PEMEX ORDERS	2
BLOOMBERG FORUM Mexico City	PETROCHEMICAL PLAN	2
BLOOMBERG FORUM Mexico City	PLAN	2
BLOOMBERG FORUM Mexico City	SMALL INVESTOR	2
BLOOMBERG FORUM Miami	BOVESPA	2
BLOOMBERG FORUM Miami	FUND SEES GROWTH	2
BLOOMBERG FORUM Miami	GROWTH	2
BLOOMBERG FORUM Miami	ON BOVESPA	2
BLOOMBERG FORUM Miami	SATELLITE TV	2
BLOOMBERG FORUM Miami	STARTS BRAZIL SATELLITE TV	2
BLOOMBERG FORUM Milan	MORGAN STANLEY'S COMPETITIVE ADVANTAGE REPORT	2
BLOOMBERG FORUM Milan	REPORT	2
BLOOMBERG FORUM Milpitas	QUARTER	2
BLOOMBERG FORUM Milpitas	WEAK QUARTER	2
BLOOMBERG FORUM Minneapolis	BANK	2
BLOOMBERG FORUM Mobor	ADR PLANS	2
BLOOMBERG FORUM Mobor	PLANS	2
BLOOMBERG FORUM Montreal	AUTO POLLUTION	2
BLOOMBERG FORUM Montreal	DEFICIT	2
BLOOMBERG FORUM Montreal	ELIMINATING DEFICIT	2
BLOOMBERG FORUM Montreal	POLLUTION	2
BLOOMBERG FORUM Mountain View	CONTINUED PROFIT	4
BLOOMBERG FORUM Mountain View	PROFIT	4
BLOOMBERG FORUM Mumbai	LATIN AMERICAN GAS MARKETS	2
BLOOMBERG FORUM Mumbai	MARKETS	2
BLOOMBERG FORUM Naperville	INTERNET	2
BLOOMBERG FORUM Naperville	ON INTERNET	2
BLOOMBERG FORUM Nashville	REPEAL	2
BLOOMBERG FORUM Nashville	SONG WARS	2
BLOOMBERG FORUM Nashville	WARS	2
BLOOMBERG FORUM Natick	ESTIMATES	2
BLOOMBERG FORUM New Orleans	ESTIMATES	2
BLOOMBERG FORUM New Orleans	MYTH	2
BLOOMBERG FORUM New Orleans	PARTNER	2
BLOOMBERG FORUM New Orleans	TH-QTR ESTIMATES	2
BLOOMBERG FORUM New York	100-MLN ACQUISITIONS	2
BLOOMBERG FORUM New York	5-FOLD GROWTH	2
BLOOMBERG FORUM New York	ABSOLUT WINNERS	2
BLOOMBERG FORUM New York	ACCOUNTANTS	2
BLOOMBERG FORUM New York	ACQUISITION	2
BLOOMBERG FORUM New York	ACQUISITION TARGETS	2
BLOOMBERG FORUM New York	ACQUISITIONS	12
BLOOMBERG FORUM New York	ACTS	2
BLOOMBERG FORUM New York	ADD HOTEL LUSTER	2
BLOOMBERG FORUM New York	ADRS	2
BLOOMBERG FORUM New York	ADS	2
BLOOMBERG FORUM New York	ADVISER SEES BALANCED BUDGET	2
BLOOMBERG FORUM New York	ALARM	2
BLOOMBERG FORUM New York	AMERICAN FUELING MERGER BOOM	2
BLOOMBERG FORUM New York	ANALYST SAYS	2
BLOOMBERG FORUM New York	ANNUITIES	2
BLOOMBERG FORUM New York	ARGENTINA	8
BLOOMBERG FORUM New York	ARMOUR	2
BLOOMBERG FORUM New York	ASIA	6
BLOOMBERG FORUM New York	ASIAN BLOWUP	2
BLOOMBERG FORUM New York	ASSET-BACKED DEBT	2
BLOOMBERG FORUM New York	ATLANTA	2
BLOOMBERG FORUM New York	ATMS	2
BLOOMBERG FORUM New York	AUTOS	2
BLOOMBERG FORUM New York	BABY BOOMERS' BUSINESS	2
BLOOMBERG FORUM New York	BABY BOOMERS' MAKEUP NEEDS	2
BLOOMBERG FORUM New York	BACK	2
BLOOMBERG FORUM New York	BALANCED BUDGET	2
BLOOMBERG FORUM New York	BANK	2
BLOOMBERG FORUM New York	BANK HAPOALIM	4
BLOOMBERG FORUM New York	BANK MERGER	4
BLOOMBERG FORUM New York	BANKS	4
BLOOMBERG FORUM New York	BID	2
BLOOMBERG FORUM New York	BLN	8
BLOOMBERG FORUM New York	BLN TARGET	2
BLOOMBERG FORUM New York	BLOWUP	2
BLOOMBERG FORUM New York	BLUE' TO HELP INVESTMENT COMMUNITY	2
BLOOMBERG FORUM New York	BOEING	2
BLOOMBERG FORUM New York	BOLSTER GROWTH	2
BLOOMBERG FORUM New York	BOMBING FADES	2
BLOOMBERG FORUM New York	BOND	2
BLOOMBERG FORUM New York	BOND YIELDS	2
BLOOMBERG FORUM New York	BONDS	8
BLOOMBERG FORUM New York	BONDS OVER STOCKS	2
BLOOMBERG FORUM New York	BOOM	2
BLOOMBERG FORUM New York	BOOST	2
BLOOMBERG FORUM New York	BOOST PROFIT	2
BLOOMBERG FORUM New York	BOOSTS HOUSEWARES PROFIT	2
BLOOMBERG FORUM New York	BOTTLER CHANGES	2
BLOOMBERG FORUM New York	BRANCHES	2
BLOOMBERG FORUM New York	BRANDS	2
BLOOMBERG FORUM New York	BRAZIL	4
BLOOMBERG FORUM New York	BRAZIL RALLY	2
BLOOMBERG FORUM New York	BROKERAGE PURCHASE	2
BLOOMBERG FORUM New York	BROOKS FIBER BONDS	2
BLOOMBERG FORUM New York	BUGS	2
BLOOMBERG FORUM New York	BURKE SAYS	2
BLOOMBERG FORUM New York	BUSINESS	4
BLOOMBERG FORUM New York	BUY BANKS	2
BLOOMBERG FORUM New York	BUYERS	2
BLOOMBERG FORUM New York	BUYING TECH SHARES	2
BLOOMBERG FORUM New York	CALIFORNIA	2
BLOOMBERG FORUM New York	CAPITAL FLOWS	4
BLOOMBERG FORUM New York	CAPS	2
BLOOMBERG FORUM New York	CARIBBEAN	4
BLOOMBERG FORUM New York	CASINOS	2
BLOOMBERG FORUM New York	CENTRAL AMERICA	2
BLOOMBERG FORUM New York	CENTRAL BANK SAYS	2
BLOOMBERG FORUM New York	CEO SAYS	2
BLOOMBERG FORUM New York	CHAMPIONSHIP	2
BLOOMBERG FORUM New York	CHAN SAYS	2
BLOOMBERG FORUM New York	CHANGE EXCHANGE SPENDING	2
BLOOMBERG FORUM New York	CHANGES	2
BLOOMBERG FORUM New York	CHINA	2
BLOOMBERG FORUM New York	CHIPS	2
BLOOMBERG FORUM New York	CLEANUP	6
BLOOMBERG FORUM New York	CLEARING	2
BLOOMBERG FORUM New York	CLEARINGHOUSE AIDS PENSION FUNDS	2
BLOOMBERG FORUM New York	CLIMATE	2
BLOOMBERG FORUM New York	CMBS	2
BLOOMBERG FORUM New York	COKE	2
BLOOMBERG FORUM New York	COMPANIES	2
BLOOMBERG FORUM New York	COMPANY	6
BLOOMBERG FORUM New York	CONSUMER-DRIVEN GROWTH	2
BLOOMBERG FORUM New York	CONTRACTS	4
BLOOMBERG FORUM New York	CORPORATE BONDS	2
BLOOMBERG FORUM New York	CORPORATE LENDING	2
BLOOMBERG FORUM New York	CORPORATES	2
BLOOMBERG FORUM New York	COST CUTS	4
BLOOMBERG FORUM New York	COST TOO HIGH	2
BLOOMBERG FORUM New York	COSTS	4
BLOOMBERG FORUM New York	COUNTRY	2
BLOOMBERG FORUM New York	CRIME IN NEW YORK	2
BLOOMBERG FORUM New York	CUT COSTS	4
BLOOMBERG FORUM New York	CUT IN HALF	2
BLOOMBERG FORUM New York	CUTS	4
BLOOMBERG FORUM New York	DAYS	2
BLOOMBERG FORUM New York	DEBT	6
BLOOMBERG FORUM New York	DECADE	2
BLOOMBERG FORUM New York	DIAMOND RESOURCES	2
BLOOMBERG FORUM New York	DIAMOND'S MARKETING	2
BLOOMBERG FORUM New York	DIANA'S DRESSES	2
BLOOMBERG FORUM New York	DISTANCE	2
BLOOMBERG FORUM New York	DOLLAR	2
BLOOMBERG FORUM New York	DON PHILLIPS SAYS	2
BLOOMBERG FORUM New York	DOUBLING	2
BLOOMBERG FORUM New York	DOWNTOWNS	2
BLOOMBERG FORUM New York	DRESSES	2
BLOOMBERG FORUM New York	DRESSING NYSE TRADERS	2
BLOOMBERG FORUM New York	DRUGS' SHARE	2
BLOOMBERG FORUM New York	DSP CHIPS	2
BLOOMBERG FORUM New York	EARNINGS	4
BLOOMBERG FORUM New York	EARNINGS FORECASTS	2
BLOOMBERG FORUM New York	EASING REVENUE	2
BLOOMBERG FORUM New York	ELECTRICITY	4
BLOOMBERG FORUM New York	EMERGING MARKETS EQUAL WEIGHT	2
BLOOMBERG FORUM New York	ENDORSEMENT	2
BLOOMBERG FORUM New York	ENTRY	2
BLOOMBERG FORUM New York	EQUIPMENT STOCKS	4
BLOOMBERG FORUM New York	ERICSSON	2
BLOOMBERG FORUM New York	ESTIMATES	4
BLOOMBERG FORUM New York	EVER	2
BLOOMBERG FORUM New York	EXPERT SAYS	4
BLOOMBERG FORUM New York	EXPOSURE TO AUTOS	2
BLOOMBERG FORUM New York	FADES	2
BLOOMBERG FORUM New York	FAVORS UTILITY DEBT	2
BLOOMBERG FORUM New York	FDA RULES	2
BLOOMBERG FORUM New York	FED FORECAST	2
BLOOMBERG FORUM New York	FEELS GOOD VIBRATIONS	2
BLOOMBERG FORUM New York	FIRM	2
BLOOMBERG FORUM New York	FIRM'S TOP JOB	2
BLOOMBERG FORUM New York	FIRMS	2
BLOOMBERG FORUM New York	FIVE-YEAR TREASURIES	2
BLOOMBERG FORUM New York	FLORIDA	2
BLOOMBERG FORUM New York	FOCUS	2
BLOOMBERG FORUM New York	FOOD STOCKS	2
BLOOMBERG FORUM New York	FORECAST	2
BLOOMBERG FORUM New York	FORECASTS	2
BLOOMBERG FORUM New York	FUND	2
BLOOMBERG FORUM New York	FUND SALES	2
BLOOMBERG FORUM New York	FUNDING	2
BLOOMBERG FORUM New York	FURNISHINGS	2
BLOOMBERG FORUM New York	FUTURES	2
BLOOMBERG FORUM New York	GAINS	12
BLOOMBERG FORUM New York	GERMAN STOCKS	4
BLOOMBERG FORUM New York	GLASS TECHNOLOGIES	2
BLOOMBERG FORUM New York	GLOBAL MARKETS	2
BLOOMBERG FORUM New York	GM UNIT	2
BLOOMBERG FORUM New York	GO HIGHER TECH	2
BLOOMBERG FORUM New York	GOOD FINANCING CLIMATE	2
BLOOMBERG FORUM New York	GOVERNOR	2
BLOOMBERG FORUM New York	GREAT WESTERN BID	2
BLOOMBERG FORUM New York	GROWING	2
BLOOMBERG FORUM New York	GROWING CLIENT-SERVER MARKET	2
BLOOMBERG FORUM New York	GROWTH	8
BLOOMBERG FORUM New York	GROWTH IN ANNUITIES	2
BLOOMBERG FORUM New York	GROWTH STRATEGY	2
BLOOMBERG FORUM New York	HAITI	2
BLOOMBERG FORUM New York	HALF	2
BLOOMBERG FORUM New York	HAS SILVER LINING	2
BLOOMBERG FORUM New York	HAWAIIAN GOVERNOR	2
BLOOMBERG FORUM New York	HEADS TO CALIFORNIA	2
BLOOMBERG FORUM New York	HIGH	2
BLOOMBERG FORUM New York	HIGHER PULP PRICES	2
BLOOMBERG FORUM New York	HONG KONG	2
BLOOMBERG FORUM New York	HOTEL MERGERS	2
BLOOMBERG FORUM New York	HOTELS	2
BLOOMBERG FORUM New York	HOTELS IN FLORIDA	2
BLOOMBERG FORUM New York	HUD	2
BLOOMBERG FORUM New York	ILLINOIS LONG DISTANCE	2
BLOOMBERG FORUM New York	INCREASING ASIAN INVESTORS	2
BLOOMBERG FORUM New York	INDEPENDENT	2
BLOOMBERG FORUM New York	INDEPENDENTS HELP FOCUS	2
BLOOMBERG FORUM New York	INDONESIAN RATING FIRM	2
BLOOMBERG FORUM New York	INFLATION IN BRAZIL	2
BLOOMBERG FORUM New York	INFORMATION	2
BLOOMBERG FORUM New York	INITIATIVES	2
BLOOMBERG FORUM New York	INNER CITY LOANS DOUBLING	2
BLOOMBERG FORUM New York	INSTITUTIONAL REFORM	4
BLOOMBERG FORUM New York	INSURANCE	2
BLOOMBERG FORUM New York	INTC	2
BLOOMBERG FORUM New York	INTERNET NETWORK	2
BLOOMBERG FORUM New York	INVERMEXICO	2
BLOOMBERG FORUM New York	INVESTMENT COMMUNITY	2
BLOOMBERG FORUM New York	INVESTORS	2
BLOOMBERG FORUM New York	IPO	2
BLOOMBERG FORUM New York	IS LURKING	4
BLOOMBERG FORUM New York	JOB	2
BLOOMBERG FORUM New York	JOB GAINS	2
BLOOMBERG FORUM New York	JOB TRAINING PACT	2
BLOOMBERG FORUM New York	JOBS INFLATION THREAT	2
BLOOMBERG FORUM New York	JOHNSON	4
BLOOMBERG FORUM New York	JUMP	2
BLOOMBERG FORUM New York	KELLER SAYS	2
BLOOMBERG FORUM New York	KELLNER SAYS	2
BLOOMBERG FORUM New York	KENTUCKY NEXT YEAR	6
BLOOMBERG FORUM New York	LATAM	2
BLOOMBERG FORUM New York	LATIN AMERICA	2
BLOOMBERG FORUM New York	LATIN DEBT	2
BLOOMBERG FORUM New York	LAWSUIT OVER FUTURES	2
BLOOMBERG FORUM New York	LEBENTHAL SAYS	2
BLOOMBERG FORUM New York	LEHMAN'S PROFIT	2
BLOOMBERG FORUM New York	LENDING	2
BLOOMBERG FORUM New York	LICENSE	6
BLOOMBERG FORUM New York	LIFE	2
BLOOMBERG FORUM New York	LIKELY TO REBOUND	2
BLOOMBERG FORUM New York	LINING	2
BLOOMBERG FORUM New York	LISTING	2
BLOOMBERG FORUM New York	LITTLE CHANGE IN CHINA	2
BLOOMBERG FORUM New York	LOCAL	2
BLOOMBERG FORUM New York	LONG-DISTANCE ENTRY	2
BLOOMBERG FORUM New York	LOOKING NORTH	4
BLOOMBERG FORUM New York	LOOMING	2
BLOOMBERG FORUM New York	LOWER COSTS IN BRAZIL	2
BLOOMBERG FORUM New York	LURKING	4
BLOOMBERG FORUM New York	LUSTER	2
BLOOMBERG FORUM New York	MARKET	4
BLOOMBERG FORUM New York	MARKET SHARE	2
BLOOMBERG FORUM New York	MARKET WILL WIN	2
BLOOMBERG FORUM New York	MARKETING	2
BLOOMBERG FORUM New York	MARKETS	6
BLOOMBERG FORUM New York	MARKETS TO SURGE	2
BLOOMBERG FORUM New York	MASSACHUSETTS	2
BLOOMBERG FORUM New York	MERGER	4
BLOOMBERG FORUM New York	MERGERS	6
BLOOMBERG FORUM New York	MIDDLE AMERICA	2
BLOOMBERG FORUM New York	MIDWESTERN ROOTS	2
BLOOMBERG FORUM New York	MINES POLICIES	2
BLOOMBERG FORUM New York	MONTGOMERY STARTS CLEARING	2
BLOOMBERG FORUM New York	MORGAN STANLEY	2
BLOOMBERG FORUM New York	MOUSSA SAYS	2
BLOOMBERG FORUM New York	MUNI INSURANCE GROWING	2
BLOOMBERG FORUM New York	NATIONAL MORTGAGE BANK	2
BLOOMBERG FORUM New York	NCAA CHAMPIONSHIP	2
BLOOMBERG FORUM New York	ND-QTR EARNINGS	4
BLOOMBERG FORUM New York	NEEDS	2
BLOOMBERG FORUM New York	NETWORK	2
BLOOMBERG FORUM New York	NEW APPLE INITIATIVES	2
BLOOMBERG FORUM New York	NEW DRILLING CONTRACTS	2
BLOOMBERG FORUM New York	NEW ENGLAND'S JUNK-BOND FUND	2
BLOOMBERG FORUM New York	NEW JAPAN CHIP PACT	4
BLOOMBERG FORUM New York	NEW JERSEY LICENSE	4
BLOOMBERG FORUM New York	NEW PRODUCTS	2
BLOOMBERG FORUM New York	NEW RUSSIAN OPPORTUNITIES	2
BLOOMBERG FORUM New York	NEW TOPICS	2
BLOOMBERG FORUM New York	NEW YORK	2
BLOOMBERG FORUM New York	NEXT DECADE	2
BLOOMBERG FORUM New York	NEXT OPERATING COMPANY	2
BLOOMBERG FORUM New York	NEXT YEAR	2
BLOOMBERG FORUM New York	NORTH	4
BLOOMBERG FORUM New York	NOT ARGENTINA	6
BLOOMBERG FORUM New York	NYSE LISTING	2
BLOOMBERG FORUM New York	NYU'S ROY SMITH SAYS	2
BLOOMBERG FORUM New York	OFF TOMMY ARMOUR	2
BLOOMBERG FORUM New York	OFFICES	2
BLOOMBERG FORUM New York	OFFSHORE BANKING LICENSE	2
BLOOMBERG FORUM New York	OIL RALLY	2
BLOOMBERG FORUM New York	OIL-BACKED BOND	2
BLOOMBERG FORUM New York	OLYMPIC SNOWBOARD TEAM	2
BLOOMBERG FORUM New York	ON BOEING	2
BLOOMBERG FORUM New York	ON BRANDS	2
BLOOMBERG FORUM New York	ON CASINOS	2
BLOOMBERG FORUM New York	ON DECLINE IN COKE	2
BLOOMBERG FORUM New York	ON ENTITLEMENT REFORM	2
BLOOMBERG FORUM New York	ON GOLD INDUSTRY SHAKE-OUT	2
BLOOMBERG FORUM New York	ON HOLIDAY SALES OUTLOOK	2
BLOOMBERG FORUM New York	ON HOME FURNISHINGS	2
BLOOMBERG FORUM New York	ON LATIN AMERICA	2
BLOOMBERG FORUM New York	ON MARKET SHARE	2
BLOOMBERG FORUM New York	ON MASSACHUSETTS	2
BLOOMBERG FORUM New York	ON MORTGAGES AND CMBS	2
BLOOMBERG FORUM New York	ON PANIC-SELLING	4
BLOOMBERG FORUM New York	ON STAYING AT HUD	2
BLOOMBERG FORUM New York	ON TFA PRICING	2
BLOOMBERG FORUM New York	ON TRACK	2
BLOOMBERG FORUM New York	OPPORTUNITIES	2
BLOOMBERG FORUM New York	OPPORTUNITIES IN DOWNTOWNS	2
BLOOMBERG FORUM New York	OUTLOOK	2
BLOOMBERG FORUM New York	PACK	4
BLOOMBERG FORUM New York	PACT	6
BLOOMBERG FORUM New York	PC PACK	2
BLOOMBERG FORUM New York	PCS	2
BLOOMBERG FORUM New York	PENSION FUNDS	2
BLOOMBERG FORUM New York	PERCENT	2
BLOOMBERG FORUM New York	PETROLEUM FIRMS	2
BLOOMBERG FORUM New York	PHILIPS VENTURE	2
BLOOMBERG FORUM New York	PIPPIG IN ATLANTA	2
BLOOMBERG FORUM New York	POLICIES	2
BLOOMBERG FORUM New York	POLITICAL ADS	2
BLOOMBERG FORUM New York	POLL	2
BLOOMBERG FORUM New York	POWER TRANSMISSION TRADING	4
BLOOMBERG FORUM New York	PRICE INCREASES	2
BLOOMBERG FORUM New York	PRICES	2
BLOOMBERG FORUM New York	PRICING	2
BLOOMBERG FORUM New York	PRIMESTAR RESTRUCTURING TALKS	2
BLOOMBERG FORUM New York	PRIVATE-PUBLIC ACCORD IN HAITI	2
BLOOMBERG FORUM New York	PRODUCTS	4
BLOOMBERG FORUM New York	PROFIT	6
BLOOMBERG FORUM New York	PROJECTS REVENUE JUMP	2
BLOOMBERG FORUM New York	PROMOTION EVER	2
BLOOMBERG FORUM New York	PROOF HUMOR WORKS	2
BLOOMBERG FORUM New York	PROPERTY	4
BLOOMBERG FORUM New York	PURCHASE	2
BLOOMBERG FORUM New York	RALLY	4
BLOOMBERG FORUM New York	RAPID SATELLITE GAINS	2
BLOOMBERG FORUM New York	RATE-REDUCTION BONDS	2
BLOOMBERG FORUM New York	RATES RISE	2
BLOOMBERG FORUM New York	RD-QTR ESTIMATES	2
BLOOMBERG FORUM New York	REBOUND	2
BLOOMBERG FORUM New York	RECENT WEEKS	2
BLOOMBERG FORUM New York	REFORM	6
BLOOMBERG FORUM New York	REGIONALS	2
BLOOMBERG FORUM New York	REMAIN INDEPENDENT	2
BLOOMBERG FORUM New York	RESOURCES	2
BLOOMBERG FORUM New York	RETAILER'S TURNAROUND	2
BLOOMBERG FORUM New York	REVENUE	2
BLOOMBERG FORUM New York	RISE	4
BLOOMBERG FORUM New York	RISE SOON	2
BLOOMBERG FORUM New York	RISING GOP STAR	2
BLOOMBERG FORUM New York	ROCK ACTS	2
BLOOMBERG FORUM New York	ROOTS	2
BLOOMBERG FORUM New York	RULES	2
BLOOMBERG FORUM New York	RUSSIAN ADRS	2
BLOOMBERG FORUM New York	RUSSIAN STOCK GAINS	2
BLOOMBERG FORUM New York	SALE	2
BLOOMBERG FORUM New York	SALES	4
BLOOMBERG FORUM New York	SALES GAIN	2
BLOOMBERG FORUM New York	SALES GROWTH	2
BLOOMBERG FORUM New York	SALES RISE	2
BLOOMBERG FORUM New York	SATELLITE BONDS	2
BLOOMBERG FORUM New York	SAYS	30
BLOOMBERG FORUM New York	SAYS KEYSHAWN JOHNSON	4
BLOOMBERG FORUM New York	SEES CHANGES LOOMING	2
BLOOMBERG FORUM New York	SEES CREDITANSTALT SALE	2
BLOOMBERG FORUM New York	SEES RISING WAGE INFLATION	2
BLOOMBERG FORUM New York	SELL BANK HAPOALIM	4
BLOOMBERG FORUM New York	SELLING	4
BLOOMBERG FORUM New York	SHAKE-OUT	2
BLOOMBERG FORUM New York	SHARE	2
BLOOMBERG FORUM New York	SHARES	2
BLOOMBERG FORUM New York	SLOWER GROWTH IN SALES	2
BLOOMBERG FORUM New York	SOON	2
BLOOMBERG FORUM New York	SPENDING	2
BLOOMBERG FORUM New York	SPORTS TEAMS	4
BLOOMBERG FORUM New York	SPURRING EARNINGS GAINS	4
BLOOMBERG FORUM New York	STAKES IN LATAM	2
BLOOMBERG FORUM New York	STANLEY	2
BLOOMBERG FORUM New York	STAR	2
BLOOMBERG FORUM New York	START UNDERWRITING STOCKS	2
BLOOMBERG FORUM New York	STARWOOD	2
BLOOMBERG FORUM New York	STATE TAX CUT	2
BLOOMBERG FORUM New York	STOCK INDEX	2
BLOOMBERG FORUM New York	STOCK ISSUES	2
BLOOMBERG FORUM New York	STOCKS	18
BLOOMBERG FORUM New York	STORM	2
BLOOMBERG FORUM New York	STRATEGY	2
BLOOMBERG FORUM New York	STREET ESTIMATES	2
BLOOMBERG FORUM New York	STRONG	2
BLOOMBERG FORUM New York	STRONG YEAR	2
BLOOMBERG FORUM New York	SURGE	2
BLOOMBERG FORUM New York	SURGING OFFICE PROPERTY	4
BLOOMBERG FORUM New York	T ENDORSEMENT	2
BLOOMBERG FORUM New York	TALKS	2
BLOOMBERG FORUM New York	TARGET	2
BLOOMBERG FORUM New York	TARGETS	2
BLOOMBERG FORUM New York	TAX CUT	2
BLOOMBERG FORUM New York	TEAM	2
BLOOMBERG FORUM New York	TEAMS	4
BLOOMBERG FORUM New York	TECH	2
BLOOMBERG FORUM New York	TECHNOLOGIES	2
BLOOMBERG FORUM New York	TECHNOLOGY STOCK INDEX	2
BLOOMBERG FORUM New York	THAILAND MARKETS	2
BLOOMBERG FORUM New York	THREAT	2
BLOOMBERG FORUM New York	TOPICS	2
BLOOMBERG FORUM New York	TRACK	2
BLOOMBERG FORUM New York	TRADERS	2
BLOOMBERG FORUM New York	TRADING	6
BLOOMBERG FORUM New York	TRADING DAY	2
BLOOMBERG FORUM New York	TREASURIES	2
BLOOMBERG FORUM New York	TURNAROUND	2
BLOOMBERG FORUM New York	TURNAROUND EXPERT SAYS	2
BLOOMBERG FORUM New York	UNDER STARWOOD	2
BLOOMBERG FORUM New York	UNIT	2
BLOOMBERG FORUM New York	UP ANNUITIES BUSINESS	2
BLOOMBERG FORUM New York	UP MARKETING TO ACCOUNTANTS	2
BLOOMBERG FORUM New York	UPGRADES	2
BLOOMBERG FORUM New York	VENTURE	4
BLOOMBERG FORUM New York	VIBRATIONS	2
BLOOMBERG FORUM New York	WAGE INFLATION	2
BLOOMBERG FORUM New York	WATSON SAYS	2
BLOOMBERG FORUM New York	WEAKER DOLLAR	2
BLOOMBERG FORUM New York	WEEKS	2
BLOOMBERG FORUM New York	WEIGHT	2
BLOOMBERG FORUM New York	WILL JUMP-START PCS	2
BLOOMBERG FORUM New York	WILL SELL COMPANY	4
BLOOMBERG FORUM New York	WIN	2
BLOOMBERG FORUM New York	WINNERS	2
BLOOMBERG FORUM New York	WORKS	2
BLOOMBERG FORUM New York	YEAR	14
BLOOMBERG FORUM New York	YEARS	10
BLOOMBERG FORUM New York	ZAGAT'S NYC POLL	2
BLOOMBERG FORUM New York	ZIMBABWE GOLD MINE VENTURE	2
BLOOMBERG FORUM Northbrook	ACQUISITIONS	2
BLOOMBERG FORUM Northbrook	POISED TO MAKE ACQUISITIONS	2
BLOOMBERG FORUM Ottawa	CANADA CONTRACT	2
BLOOMBERG FORUM Ottawa	CONTRACT	4
BLOOMBERG FORUM Ottawa	GROWTH	4
BLOOMBERG FORUM Ottawa	MLN CONTRACT	2
BLOOMBERG FORUM Ottawa	NEW SOFTWARE	2
BLOOMBERG FORUM Ottawa	ON TRANSFER PRICING RULES	2
BLOOMBERG FORUM Ottawa	RULES	2
BLOOMBERG FORUM Ottawa	SEES ASIAN GROWTH	2
BLOOMBERG FORUM Ottawa	SOFTWARE	2
BLOOMBERG FORUM Ottawa	SOFTWARE FUELING GROWTH	2
BLOOMBERG FORUM Paris	COSTS	2
BLOOMBERG FORUM Paris	EUROPEAN STOCKS	2
BLOOMBERG FORUM Paris	ON RESTRUCTURING COSTS	2
BLOOMBERG FORUM Paris	STOCKS	2
BLOOMBERG FORUM Pittsburgh	HALF	2
BLOOMBERG FORUM Pittsburgh	ST HALF	2
BLOOMBERG FORUM Princeton	BEAT ESTIMATES	2
BLOOMBERG FORUM Princeton	BOND SALE	2
BLOOMBERG FORUM Princeton	ESTIMATES	2
BLOOMBERG FORUM Princeton	RATE RISE	2
BLOOMBERG FORUM Princeton	RISE	2
BLOOMBERG FORUM Princeton	SALE	2
BLOOMBERG FORUM Quito	ECUADOR	2
BLOOMBERG FORUM Quito	ON ECUADOR	2
BLOOMBERG FORUM Rosemont	MINEFIELDS	2
BLOOMBERG FORUM Rosemont	SKIRT TECH MINEFIELDS	2
BLOOMBERG FORUM Salt Lake City	COLORADO	2
BLOOMBERG FORUM San Diego	CHILD CREDIT	2
BLOOMBERG FORUM San Diego	CREDIT	2
BLOOMBERG FORUM San Diego	IF RALLY SPUTTERS	2
BLOOMBERG FORUM San Diego	REFORM CAMPAIGN TV	2
BLOOMBERG FORUM San Diego	SPUTTERS	2
BLOOMBERG FORUM San Diego	TV	2
BLOOMBERG FORUM San Francisco	BIOTECH STOCKS	2
BLOOMBERG FORUM San Francisco	CLOSING NEXT MONTH	2
BLOOMBERG FORUM San Francisco	MONTH	2
BLOOMBERG FORUM San Francisco	STOCKS	2
BLOOMBERG FORUM San Mateo	PURCHASES	2
BLOOMBERG FORUM Santiago	AFTER TURBULENCE	2
BLOOMBERG FORUM Santiago	INFLATION	2
BLOOMBERG FORUM Santiago	TURBULENCE	2
BLOOMBERG FORUM Seattle	PLANE	2
BLOOMBERG FORUM Secaucus	DOUBLE	2
BLOOMBERG FORUM Secaucus	MARKET TO DOUBLE	2
BLOOMBERG FORUM Singapore	ASIA MARKETS	2
BLOOMBERG FORUM Singapore	BANKS	2
BLOOMBERG FORUM Singapore	BRAND RANGE	2
BLOOMBERG FORUM Singapore	FUND	2
BLOOMBERG FORUM Singapore	GLOBAL EQUITY STOCK FUND	2
BLOOMBERG FORUM Singapore	INDEX	2
BLOOMBERG FORUM Singapore	IRRELEVANCY	2
BLOOMBERG FORUM Singapore	MARKETS	2
BLOOMBERG FORUM Singapore	NEW INDEX	2
BLOOMBERG FORUM Singapore	ON RUSSIA VOTE	2
BLOOMBERG FORUM Singapore	POISED TO RISE	2
BLOOMBERG FORUM Singapore	RANGE	2
BLOOMBERG FORUM Singapore	RISE	2
BLOOMBERG FORUM Singapore	VOTE	2
BLOOMBERG FORUM Stanford	GROWING	2
BLOOMBERG FORUM Stanford	SEES SALES GAINS GROWING	2
BLOOMBERG FORUM Stockholm	PROFIT	2
BLOOMBERG FORUM Tewksbury	APPLE-RELATED CHARGES	2
BLOOMBERG FORUM Tewksbury	CHARGES	2
BLOOMBERG FORUM Tokyo	ASIA	2
BLOOMBERG FORUM Tokyo	BANK LOSSES	2
BLOOMBERG FORUM Tokyo	BUSINESS	4
BLOOMBERG FORUM Tokyo	DEMAND	2
BLOOMBERG FORUM Tokyo	DEMIO	2
BLOOMBERG FORUM Tokyo	DEREGULATION HURTS STOCKS	2
BLOOMBERG FORUM Tokyo	DISCLOSE BANK LOSSES	2
BLOOMBERG FORUM Tokyo	EARNINGS	2
BLOOMBERG FORUM Tokyo	HARD ROCK CAFE BUSINESS	2
BLOOMBERG FORUM Tokyo	JAL	2
BLOOMBERG FORUM Tokyo	JAPAN	2
BLOOMBERG FORUM Tokyo	JAPAN RATE RISE	2
BLOOMBERG FORUM Tokyo	JUNE	2
BLOOMBERG FORUM Tokyo	LOWER PRICES	2
BLOOMBERG FORUM Tokyo	MAY FALL SHORT	2
BLOOMBERG FORUM Tokyo	MAY SEE SHAKE-OUT	2
BLOOMBERG FORUM Tokyo	ON EARNINGS	2
BLOOMBERG FORUM Tokyo	ON JAL	2
BLOOMBERG FORUM Tokyo	ON JAPAN STOCK OUTLOOK	2
BLOOMBERG FORUM Tokyo	ON MONETARY UNION WOES	2
BLOOMBERG FORUM Tokyo	ON TOKYO REAL ESTATE	2
BLOOMBERG FORUM Tokyo	OUTLOOK	2
BLOOMBERG FORUM Tokyo	PITCH DEMIO	2
BLOOMBERG FORUM Tokyo	PLUS	2
BLOOMBERG FORUM Tokyo	PRICES	2
BLOOMBERG FORUM Tokyo	REAL ESTATE	2
BLOOMBERG FORUM Tokyo	RECYCLING BUSINESS	2
BLOOMBERG FORUM Tokyo	RISE	2
BLOOMBERG FORUM Tokyo	SERVICE IN JAPAN	2
BLOOMBERG FORUM Tokyo	SHAKE-OUT	2
BLOOMBERG FORUM Tokyo	SHORT	2
BLOOMBERG FORUM Tokyo	STOCKS	2
BLOOMBERG FORUM Tokyo	STRONG JAPANESE DEMAND	2
BLOOMBERG FORUM Tokyo	WOES	2
BLOOMBERG FORUM Toronto	CHALLENGES	2
BLOOMBERG FORUM Toronto	COMPETITION	2
BLOOMBERG FORUM Toronto	DEALS	2
BLOOMBERG FORUM Toronto	GROWING	2
BLOOMBERG FORUM Toronto	GROWTH	2
BLOOMBERG FORUM Toronto	HORIZON	2
BLOOMBERG FORUM Toronto	IDEAS	2
BLOOMBERG FORUM Toronto	INK BEER DEALS	2
BLOOMBERG FORUM Toronto	INVESTORS	2
BLOOMBERG FORUM Toronto	MARKET NICHES	2
BLOOMBERG FORUM Toronto	NEW CEO FACES CHALLENGES	2
BLOOMBERG FORUM Toronto	NEW IDEAS	2
BLOOMBERG FORUM Toronto	NICHES	2
BLOOMBERG FORUM Toronto	ON HORIZON	2
BLOOMBERG FORUM Toronto	RATE INCREASES	2
BLOOMBERG FORUM Toronto	RATES	2
BLOOMBERG FORUM Toronto	SEES STABLE RATES	2
BLOOMBERG FORUM Toronto	SIZE	2
BLOOMBERG FORUM Toronto	TOUGHER COMPETITION	2
BLOOMBERG FORUM Toronto	UNIT KEEPS GROWING	2
BLOOMBERG FORUM Tulsa	COMPANIES	4
BLOOMBERG FORUM Tulsa	NICHE COMPANIES	4
BLOOMBERG FORUM Vancouver	AMP CHIEF SAYS	2
BLOOMBERG FORUM Vancouver	KEEP UP REFORM	6
BLOOMBERG FORUM Vancouver	REFORM	6
BLOOMBERG FORUM Vancouver	SAYS	2
BLOOMBERG FORUM Vancouver	SOON	2
BLOOMBERG FORUM Vhington	ASSET SALES SLOWDOWN	2
BLOOMBERG FORUM Vhington	SLOWDOWN	2
BLOOMBERG FORUM Washington	2-5 YEARS	2
BLOOMBERG FORUM Washington	ACCORD	2
BLOOMBERG FORUM Washington	ACQUISITION	2
BLOOMBERG FORUM Washington	AIRLINE SAFETY RECORDS	2
BLOOMBERG FORUM Washington	ASSET SALES SLOWDOWN	2
BLOOMBERG FORUM Washington	BANKER SAYS	2
BLOOMBERG FORUM Washington	BILL	4
BLOOMBERG FORUM Washington	BOLIVAR	2
BLOOMBERG FORUM Washington	BOOST IN REVENUE	2
BLOOMBERG FORUM Washington	BREAKS	2
BLOOMBERG FORUM Washington	BROWN PROFIT DECLINE	2
BLOOMBERG FORUM Washington	CALIFORNIA	2
BLOOMBERG FORUM Washington	CAMPAIGN REFORM	2
BLOOMBERG FORUM Washington	CIGARETTE TAX	2
BLOOMBERG FORUM Washington	CONGRESS	4
BLOOMBERG FORUM Washington	CORPORATE PARTNERSHIPS	2
BLOOMBERG FORUM Washington	COST' BONDS A GOOD BUY	2
BLOOMBERG FORUM Washington	CRUCIAL TO MARKETS	2
BLOOMBERG FORUM Washington	CURRENT BUYING STRATEGY	2
BLOOMBERG FORUM Washington	DEAL	2
BLOOMBERG FORUM Washington	DEBATE	2
BLOOMBERG FORUM Washington	DEREGULATION	2
BLOOMBERG FORUM Washington	DOUBLES LOBBY FORCE	2
BLOOMBERG FORUM Washington	EARNINGS	2
BLOOMBERG FORUM Washington	ELECTRONIC COMMERCE	2
BLOOMBERG FORUM Washington	EMERGING MARKETS	2
BLOOMBERG FORUM Washington	ENVIABLE SPOT	2
BLOOMBERG FORUM Washington	EXCHANGE	2
BLOOMBERG FORUM Washington	FIT	2
BLOOMBERG FORUM Washington	FORCE	2
BLOOMBERG FORUM Washington	FORECASTER SAYS	2
BLOOMBERG FORUM Washington	GOOD BUY	2
BLOOMBERG FORUM Washington	GROWTH	2
BLOOMBERG FORUM Washington	HIGHER TOBACCO PENALTIES	2
BLOOMBERG FORUM Washington	HMO BILL	2
BLOOMBERG FORUM Washington	INFLATION THREAT	2
BLOOMBERG FORUM Washington	KEY TO PLASTIC MONEY	2
BLOOMBERG FORUM Washington	LAW	2
BLOOMBERG FORUM Washington	LOOKS TO SHOPPING MALLS	2
BLOOMBERG FORUM Washington	MARCH	2
BLOOMBERG FORUM Washington	MARKETS	2
BLOOMBERG FORUM Washington	MEET	2
BLOOMBERG FORUM Washington	MEGA-MERGER	2
BLOOMBERG FORUM Washington	MERGER	2
BLOOMBERG FORUM Washington	MERGER FIT	2
BLOOMBERG FORUM Washington	MONTHS	4
BLOOMBERG FORUM Washington	NEW DEALS IN EMERGING MARKETS	2
BLOOMBERG FORUM Washington	NEW EXCHANGE	2
BLOOMBERG FORUM Washington	NEXT YEAR	2
BLOOMBERG FORUM Washington	ON CLINTON CLIMATE TREATY	2
BLOOMBERG FORUM Washington	ON ELECTRICITY DEREGULATION	2
BLOOMBERG FORUM Washington	ON SCHEDULE	2
BLOOMBERG FORUM Washington	ON TOBACCO TALKS	2
BLOOMBERG FORUM Washington	OVERHAUL BECOMING LAW	2
BLOOMBERG FORUM Washington	PARTNERSHIPS	2
BLOOMBERG FORUM Washington	PENALTIES	2
BLOOMBERG FORUM Washington	PHONE RULES	2
BLOOMBERG FORUM Washington	PLASTIC MONEY	2
BLOOMBERG FORUM Washington	PROFIT DECLINE	2
BLOOMBERG FORUM Washington	PROFITS	2
BLOOMBERG FORUM Washington	PROFITS TO RISE	2
BLOOMBERG FORUM Washington	PUSHES MEDICAL SAVINGS ACCOUNTS	2
BLOOMBERG FORUM Washington	REBOUNDING IN YEAR	2
BLOOMBERG FORUM Washington	REFORM	2
BLOOMBERG FORUM Washington	REFORMS	2
BLOOMBERG FORUM Washington	REGULATORY BREAKS	2
BLOOMBERG FORUM Washington	REVENUE	4
BLOOMBERG FORUM Washington	RIGHT TRACK	2
BLOOMBERG FORUM Washington	RISE	2
BLOOMBERG FORUM Washington	RISE IN CONGRESS	2
BLOOMBERG FORUM Washington	ROAMING' CHARGE ADDS REVENUE	2
BLOOMBERG FORUM Washington	RULES	2
BLOOMBERG FORUM Washington	SAFETY RECORDS	2
BLOOMBERG FORUM Washington	SAVINGS ACCOUNTS	2
BLOOMBERG FORUM Washington	SAYS	10
BLOOMBERG FORUM Washington	SCHEDULE	2
BLOOMBERG FORUM Washington	SCRAPPING PAYROLL TAXES	2
BLOOMBERG FORUM Washington	SEES PRODUCT LIABILITY ACCORD	2
BLOOMBERG FORUM Washington	SHOPPING MALLS	2
BLOOMBERG FORUM Washington	SLOWDOWN	2
BLOOMBERG FORUM Washington	SOUTH KOREA REFORMS	2
BLOOMBERG FORUM Washington	SPOT	2
BLOOMBERG FORUM Washington	STRATEGY	2
BLOOMBERG FORUM Washington	SWONK SAYS	2
BLOOMBERG FORUM Washington	TALKS	2
BLOOMBERG FORUM Washington	TAUREL SAYS	2
BLOOMBERG FORUM Washington	TAX CUT BILL	2
BLOOMBERG FORUM Washington	TAX CUTS	2
BLOOMBERG FORUM Washington	TAX DEBATE	2
BLOOMBERG FORUM Washington	TAXES	2
BLOOMBERG FORUM Washington	THREAT	2
BLOOMBERG FORUM Washington	TOBACCO DEAL	2
BLOOMBERG FORUM Washington	TOUGH TO MEET	2
BLOOMBERG FORUM Washington	TRACK	2
BLOOMBERG FORUM Washington	TRADE ACCORDS	2
BLOOMBERG FORUM Washington	TREATY	2
BLOOMBERG FORUM Washington	TROTMAN SAYS	2
BLOOMBERG FORUM Washington	WORK TO CALIFORNIA	2
BLOOMBERG FORUM Washington	YEAR	4
BLOOMBERG FORUM Washington	YEARS	2
BLOOMBERG FORUM Waterloo	INVESTORS	4
BLOOMBERG FORUM Williamsburg	COMPETITION CURBS INFLATION	2
BLOOMBERG FORUM Williamsburg	INFLATION	2
BLOOMBERG FORUM Williamsburg	PASS	2
BLOOMBERG FORUM Williamsburg	TAX CUTS TO PASS	2
BLOOMBERG FORUM Willoughby	ACQUISITIONS	2
BLOOMBERG FORUM Wyomissing	CONSUMERS	2
BLOOMBERG FORUM Wyomissing	TRACK CONSUMERS	2
BLOOMBERG FORUM Zurich	GROWTH	2
BLOOMBERG FORUM Zurich	ORGANIC GROWTH	2
BLOOMBERG PANEL New York	CRASH	2
BLOOMBERG PANEL New York	EARNINGS	2
BLOOMBERG PANEL New York	IS WORSENING	2
BLOOMBERG PANEL New York	MAY NOT	2
BLOOMBERG PANEL New York	NOT	2
BLOOMBERG PANEL New York	SHORTS' GOLDMAN COMMODITY STANCE	2
BLOOMBERG PANEL New York	STANCE	2
BLOOMBERG PANEL New York	WORSENING	2
BLOOMBERG PANEL Washington	YEAR	2
BLOOMBERG PROFILE Armonk	DEFT BOND MARKET TIMER	2
BLOOMBERG PROFILE Armonk	SALESMANSHIP	4
BLOOMBERG PROFILE Armonk	TIMER	2
BLOOMBERG PROFILE Atlanta	GUY	2
BLOOMBERG PROFILE Atlanta	INDUSTRY'S TOUGH GUY	2
BLOOMBERG PROFILE Austin	MANAGER	2
BLOOMBERG PROFILE Austin	STATEHOUSE	4
BLOOMBERG PROFILE Austin	TEXAS BOND MANAGER	2
BLOOMBERG PROFILE Bangkok	ECONOMY	2
BLOOMBERG PROFILE Bangkok	RUBBLE	4
BLOOMBERG PROFILE Bangkok	THAILAND'S ECONOMY	2
BLOOMBERG PROFILE Basel	MERGER	2
BLOOMBERG PROFILE Basel	REINS AT ROCHE	2
BLOOMBERG PROFILE Basel	ROCHE	2
BLOOMBERG PROFILE Basel	SMOOTH A MERGER	2
BLOOMBERG PROFILE Basel	SPEED	2
BLOOMBERG PROFILE Basel	SURPRISING SPEED	2
BLOOMBERG PROFILE Bern	MOVER	2
BLOOMBERG PROFILE Bern	UNLIKELY MARKET-MOVER	2
BLOOMBERG PROFILE Beverly Hills	FAILURE	2
BLOOMBERG PROFILE Beverly Hills	MOGUL	4
BLOOMBERG PROFILE Beverly Hills	QUIET HOLLYWOOD MOGUL	4
BLOOMBERG PROFILE Beverly Hills	RARE FAILURE	2
BLOOMBERG PROFILE Brussels	BELGIAN BANK STORM	2
BLOOMBERG PROFILE Brussels	STORM	2
BLOOMBERG PROFILE Budapest	ECONOMIC REFORM	2
BLOOMBERG PROFILE Budapest	HUNGARY'S ECONOMIC REFORM	2
BLOOMBERG PROFILE Buenos Aires	FORCE	2
BLOOMBERG PROFILE Buenos Aires	MEDIA FORCE	2
BLOOMBERG PROFILE Chicago	AMERITECH	4
BLOOMBERG PROFILE Chicago	DIRECTION	2
BLOOMBERG PROFILE Chicago	NEW DIRECTION	2
BLOOMBERG PROFILE Chicago	STAGE	2
BLOOMBERG PROFILE Chicago	STRANGE TRIP	2
BLOOMBERG PROFILE Chicago	TAKES CENTER STAGE	2
BLOOMBERG PROFILE Chicago	TRIP	2
BLOOMBERG PROFILE Columbus	INVESTORS TO WAIT	2
BLOOMBERG PROFILE Columbus	WAIT	2
BLOOMBERG PROFILE Cupertino	ON SOFTWARE WHIZ TEVANIAN	6
BLOOMBERG PROFILE Cupertino	TEVANIAN	6
BLOOMBERG PROFILE Dublin	PRESIDENT	2
BLOOMBERG PROFILE Dublin	TH PRESIDENT	2
BLOOMBERG PROFILE Dublin	VALUE	2
BLOOMBERG PROFILE Dulles	CAREER ONLINE	2
BLOOMBERG PROFILE Dulles	ONLINE	4
BLOOMBERG PROFILE Dulles	PUTTING CAREER ONLINE	2
BLOOMBERG PROFILE Eindhoven	KEEP THINGS SIMPLE	2
BLOOMBERG PROFILE Eindhoven	SIMPLE	2
BLOOMBERG PROFILE El Segundo	ABLE HEIR APPARENT	2
BLOOMBERG PROFILE El Segundo	HEIR APPARENT	2
BLOOMBERG PROFILE Englewood	REV STOCK	4
BLOOMBERG PROFILE Englewood	STOCK	4
BLOOMBERG PROFILE Fort Lauderdale	BLOCKBUSTER	4
BLOOMBERG PROFILE Frankfurt	PROBE	2
BLOOMBERG PROFILE Frankfurt	TAX PROBE	2
BLOOMBERG PROFILE Georgetown	REVOLUTION	2
BLOOMBERG PROFILE Hartford	CENTURY-OLD LANDMARKS	2
BLOOMBERG PROFILE Hartford	LANDMARKS	2
BLOOMBERG PROFILE Herzogenaurach	NIKE	2
BLOOMBERG PROFILE Herzogenaurach	ON NIKE	2
BLOOMBERG PROFILE Hong Kong	BROKE	2
BLOOMBERG PROFILE Hong Kong	CHINA	2
BLOOMBERG PROFILE Hong Kong	IS DICKSON POON	2
BLOOMBERG PROFILE Hong Kong	POON	2
BLOOMBERG PROFILE Hong Kong	TAIPAN	2
BLOOMBERG PROFILE Hong Kong	TAIPAN'S TAIPAN	2
BLOOMBERG PROFILE Houston	COURSE	4
BLOOMBERG PROFILE Houston	OWN COURSE	4
BLOOMBERG PROFILE Jackson	MOORE	2
BLOOMBERG PROFILE Jackson	S MIKE MOORE	2
BLOOMBERG PROFILE Jacksonville	ON RJR	4
BLOOMBERG PROFILE Jacksonville	PATIENCE	2
BLOOMBERG PROFILE Jacksonville	RJR	4
BLOOMBERG PROFILE Jerusalem	AX	2
BLOOMBERG PROFILE Jerusalem	DISSIDENT TO MINISTER	2
BLOOMBERG PROFILE Jerusalem	MINISTER	2
BLOOMBERG PROFILE Johannesburg	BEERS	4
BLOOMBERG PROFILE Johannesburg	DE BEERS	4
BLOOMBERG PROFILE Johannesburg	JOB	2
BLOOMBERG PROFILE Johannesburg	UP TO TOP JOB	2
BLOOMBERG PROFILE Kuala Lumpur	CHOKE	2
BLOOMBERG PROFILE Kuala Lumpur	MARKETS CHOKE	2
BLOOMBERG PROFILE London	BANKS	2
BLOOMBERG PROFILE London	BID	2
BLOOMBERG PROFILE London	BOE	2
BLOOMBERG PROFILE London	BRAINPOWER	2
BLOOMBERG PROFILE London	BZW RUMP	2
BLOOMBERG PROFILE London	CEO'S SALE SLAYS SACRED COW	2
BLOOMBERG PROFILE London	COKE	4
BLOOMBERG PROFILE London	CORRUPTION	2
BLOOMBERG PROFILE London	COURSE AT BOE	2
BLOOMBERG PROFILE London	EARTH	2
BLOOMBERG PROFILE London	EMPIRE	4
BLOOMBERG PROFILE London	EMPLOY MARKETING SAVVY	2
BLOOMBERG PROFILE London	EUROTHERM'S HULTMAN	2
BLOOMBERG PROFILE London	EYES EUROPEAN BANKS	2
BLOOMBERG PROFILE London	FALLS TO EARTH	2
BLOOMBERG PROFILE London	FOREIGN SOIL	2
BLOOMBERG PROFILE London	GAME	2
BLOOMBERG PROFILE London	GIANT	2
BLOOMBERG PROFILE London	HULTMAN	2
BLOOMBERG PROFILE London	INFO	2
BLOOMBERG PROFILE London	MAKES GRAND TOUR	2
BLOOMBERG PROFILE London	MANTLE	2
BLOOMBERG PROFILE London	MOYNE'S SWEDISH INVESTMENT SOURS	2
BLOOMBERG PROFILE London	MURDOCH EMPIRE	4
BLOOMBERG PROFILE London	NO-FRILLS PATH TO SUCCESS	2
BLOOMBERG PROFILE London	NOBEL PRIZE	2
BLOOMBERG PROFILE London	ON COKE	4
BLOOMBERG PROFILE London	ON FOREIGN SOIL	2
BLOOMBERG PROFILE London	ON REFORMS	2
BLOOMBERG PROFILE London	ON THIRD WORLD CORRUPTION	2
BLOOMBERG PROFILE London	ON-LINE INFO	2
BLOOMBERG PROFILE London	PAPER	2
BLOOMBERG PROFILE London	PURPLE PROSE	2
BLOOMBERG PROFILE London	QUIET TEACHER SHARES NOBEL PRIZE	2
BLOOMBERG PROFILE London	REFORMS	2
BLOOMBERG PROFILE London	RIGHT	2
BLOOMBERG PROFILE London	RUMP	2
BLOOMBERG PROFILE London	SACRED COW	2
BLOOMBERG PROFILE London	SAVVY	2
BLOOMBERG PROFILE London	SOURS	2
BLOOMBERG PROFILE London	SUCCESS	2
BLOOMBERG PROFILE London	TAYLOR'S BRAINPOWER	2
BLOOMBERG PROFILE London	TEETH	2
BLOOMBERG PROFILE London	TOUR	2
BLOOMBERG PROFILE London	UP CSFB MANTLE	2
BLOOMBERG PROFILE London	WHO WRITES PURPLE PROSE	2
BLOOMBERG PROFILE London	WORLD	2
BLOOMBERG PROFILE London	YORKSHIRE BID	2
BLOOMBERG PROFILE Los Angeles	FIGHT	2
BLOOMBERG PROFILE Los Angeles	MAKING MONEY	4
BLOOMBERG PROFILE Los Angeles	MONEY	4
BLOOMBERG PROFILE Los Angeles	UP GOOD FIGHT	2
BLOOMBERG PROFILE Madrid	ARMANI	2
BLOOMBERG PROFILE Madrid	BE SPANISH ARMANI	2
BLOOMBERG PROFILE Madrid	PROFIT	4
BLOOMBERG PROFILE Memphis	GRAIN MARKETS	2
BLOOMBERG PROFILE Memphis	MARKETS	2
BLOOMBERG PROFILE Milan	300-MLN ADIEU	2
BLOOMBERG PROFILE Milan	ADIEU	2
BLOOMBERG PROFILE Milan	SHOTS	2
BLOOMBERG PROFILE Minneapolis	WORSE	2
BLOOMBERG PROFILE Minneapolis	ZEAL	2
BLOOMBERG PROFILE Moscow	RUSSIA	2
BLOOMBERG PROFILE Moscow	WAVES IN RUSSIA	2
BLOOMBERG PROFILE Nashville	ETHICS JOB	2
BLOOMBERG PROFILE Nashville	JOB	6
BLOOMBERG PROFILE Nashville	MEDPARTNERS	2
BLOOMBERG PROFILE Nashville	ON MEDPARTNERS	2
BLOOMBERG PROFILE Nashville	SCOTT'S AGGRESSION COSTS JOB	4
BLOOMBERG PROFILE New York	ACQUISITIONS	2
BLOOMBERG PROFILE New York	APPROACH	4
BLOOMBERG PROFILE New York	BANKER IN DEMAND	4
BLOOMBERG PROFILE New York	BANKING	4
BLOOMBERG PROFILE New York	BLACK TAKES CONTRARIAN APPROACH	4
BLOOMBERG PROFILE New York	BOOM	4
BLOOMBERG PROFILE New York	BRANDS	4
BLOOMBERG PROFILE New York	CALL	2
BLOOMBERG PROFILE New York	CAREER	2
BLOOMBERG PROFILE New York	CHAIRMAN	2
BLOOMBERG PROFILE New York	CLIENTS TO SBC	4
BLOOMBERG PROFILE New York	CRITICS	4
BLOOMBERG PROFILE New York	DEMAND	4
BLOOMBERG PROFILE New York	DIFFERENCE	2
BLOOMBERG PROFILE New York	DOG' WACHTELL	4
BLOOMBERG PROFILE New York	FIRM IN BANKING	4
BLOOMBERG PROFILE New York	FIRST UNION	2
BLOOMBERG PROFILE New York	GOLDEN SEEKING TOBACCO PEACE	2
BLOOMBERG PROFILE New York	HIGH	6
BLOOMBERG PROFILE New York	HORSES	2
BLOOMBERG PROFILE New York	INSURANCE	2
BLOOMBERG PROFILE New York	INVESTORS	2
BLOOMBERG PROFILE New York	IS FLYING HIGH	4
BLOOMBERG PROFILE New York	KOREA	4
BLOOMBERG PROFILE New York	LIFE	4
BLOOMBERG PROFILE New York	MAKERS	4
BLOOMBERG PROFILE New York	MERGER	2
BLOOMBERG PROFILE New York	MONEY	4
BLOOMBERG PROFILE New York	NEW STREET POWERHOUSE	2
BLOOMBERG PROFILE New York	NOT MONEY	4
BLOOMBERG PROFILE New York	ON GLOBAL BRANDS	4
BLOOMBERG PROFILE New York	ON INSURANCE	2
BLOOMBERG PROFILE New York	OUTLANDISH LIFE	4
BLOOMBERG PROFILE New York	PEACE	4
BLOOMBERG PROFILE New York	POWERHOUSE	2
BLOOMBERG PROFILE New York	PRICE WATERHOUSE MERGER	2
BLOOMBERG PROFILE New York	RAIL TRAFFIC	4
BLOOMBERG PROFILE New York	REIT BOOM	4
BLOOMBERG PROFILE New York	RICH	2
BLOOMBERG PROFILE New York	RIGHT CALL	2
BLOOMBERG PROFILE New York	RIVALS TO FIRST UNION	2
BLOOMBERG PROFILE New York	SBC	4
BLOOMBERG PROFILE New York	SELLS HIGH	2
BLOOMBERG PROFILE New York	SWAYS INTEL INVESTORS	2
BLOOMBERG PROFILE New York	TOBACCO MAKERS	4
BLOOMBERG PROFILE New York	TOBACCO PEACE	2
BLOOMBERG PROFILE New York	TOP	4
BLOOMBERG PROFILE New York	TORRENZANO'S CAREER	2
BLOOMBERG PROFILE New York	TRAFFIC	4
BLOOMBERG PROFILE New York	UNIVERSAL	2
BLOOMBERG PROFILE New York	UPBEAT CHAIRMAN	2
BLOOMBERG PROFILE New York	VAULTS TO TOP	4
BLOOMBERG PROFILE New York	VISION IN ACQUISITIONS	2
BLOOMBERG PROFILE New York	WACHTELL	4
BLOOMBERG PROFILE Ottawa	NEWBRIDGE'S SIGHTS	2
BLOOMBERG PROFILE Ottawa	SIGHTS	2
BLOOMBERG PROFILE Paris	AEROSPACE MERGER	2
BLOOMBERG PROFILE Paris	AIRBUS	2
BLOOMBERG PROFILE Paris	ASIA	2
BLOOMBERG PROFILE Paris	FIGHT	2
BLOOMBERG PROFILE Paris	INDUSTRIALIST	2
BLOOMBERG PROFILE Paris	LAFARGE TO ASIA	2
BLOOMBERG PROFILE Paris	MERGER	2
BLOOMBERG PROFILE Paris	ON TRACK	2
BLOOMBERG PROFILE Paris	REWARDS	2
BLOOMBERG PROFILE Paris	TRACK	2
BLOOMBERG PROFILE Philadelphia	DAY	2
BLOOMBERG PROFILE Philadelphia	POINT	4
BLOOMBERG PROFILE Philadelphia	REFINING POINT	4
BLOOMBERG PROFILE Phoenix	ON TIME	4
BLOOMBERG PROFILE Phoenix	TIME	4
BLOOMBERG PROFILE Prague	CHALLENGE	2
BLOOMBERG PROFILE Prague	CZECH FINANCE MINISTER FACES CHALLENGE	2
BLOOMBERG PROFILE Providence	COMPASSION	4
BLOOMBERG PROFILE Providence	ON COMPASSION	4
BLOOMBERG PROFILE Rio de Janeiro	CRAZE	2
BLOOMBERG PROFILE Rio de Janeiro	LATIN TELECOM CRAZE	2
BLOOMBERG PROFILE Saddle Brook	MLN PAYDAY	2
BLOOMBERG PROFILE Saddle Brook	PAYDAY	2
BLOOMBERG PROFILE San Francisco	AUSTRALIA	2
BLOOMBERG PROFILE San Francisco	CHANGES	2
BLOOMBERG PROFILE San Francisco	DRUG RIVAL	2
BLOOMBERG PROFILE San Francisco	FINANCIAL MARKETS	2
BLOOMBERG PROFILE San Francisco	FRIEDMAN LIKE AUSTRALIA	2
BLOOMBERG PROFILE San Francisco	INTERNET CHANGES	2
BLOOMBERG PROFILE San Francisco	LIKES TO WIN	2
BLOOMBERG PROFILE San Francisco	RIVAL	2
BLOOMBERG PROFILE San Francisco	WIN	2
BLOOMBERG PROFILE Santa Clara	JOB	4
BLOOMBERG PROFILE Seattle	DREAM	4
BLOOMBERG PROFILE Seoul	AUTOS	2
BLOOMBERG PROFILE Seoul	MIDAS TOUCH	4
BLOOMBERG PROFILE Seoul	ON AUTOS	2
BLOOMBERG PROFILE Seoul	TOUCH	4
BLOOMBERG PROFILE Singapore	ASIA	2
BLOOMBERG PROFILE Singapore	DONE IN ASIA	2
BLOOMBERG PROFILE Singapore	GROUP	2
BLOOMBERG PROFILE Singapore	HE MEANS	2
BLOOMBERG PROFILE Singapore	MEANS	2
BLOOMBERG PROFILE Singapore	NEW SINGAPORE GROUP	2
BLOOMBERG PROFILE Stamford	CORPORATE WARRIOR	2
BLOOMBERG PROFILE Stamford	WARRIOR	2
BLOOMBERG PROFILE Stockholm	CUTS	2
BLOOMBERG PROFILE Stockholm	FOCUS	2
BLOOMBERG PROFILE Stockholm	MIEN	2
BLOOMBERG PROFILE Stockholm	SIGHTS	2
BLOOMBERG PROFILE Stockholm	SIGNALS GLOBAL FOCUS	2
BLOOMBERG PROFILE Stockholm	TEETH BEHIND MIEN	2
BLOOMBERG PROFILE Tyler	BUG	4
BLOOMBERG PROFILE Warsaw	POLITICS	2
BLOOMBERG PROFILE Warsaw	RETURN TO POLITICS	2
BLOOMBERG PROFILE Washington	CAREY	2
BLOOMBERG PROFILE Washington	CHAMBER OF COMMERCE	4
BLOOMBERG PROFILE Washington	FAST TRACK'S POPULIST FOE	4
BLOOMBERG PROFILE Washington	FIGHT	2
BLOOMBERG PROFILE Washington	FOE	4
BLOOMBERG PROFILE Washington	FRIENDS	2
BLOOMBERG PROFILE Washington	G'S OLESTRA	4
BLOOMBERG PROFILE Washington	LINDSEY EYES TOBACCO	2
BLOOMBERG PROFILE Washington	OLESTRA	4
BLOOMBERG PROFILE Washington	ON TOBACCO	4
BLOOMBERG PROFILE Washington	ON TOBACCO FRIENDS	2
BLOOMBERG PROFILE Washington	PACT	2
BLOOMBERG PROFILE Washington	PROTECTOR	2
BLOOMBERG PROFILE Washington	SCRAPPY FIGHT	2
BLOOMBERG PROFILE Washington	SETTLEMENT	2
BLOOMBERG PROFILE Washington	SHAKE UP CHAMBER OF COMMERCE	4
BLOOMBERG PROFILE Washington	TALKS	4
BLOOMBERG PROFILE Washington	TEAMSTER CAREY	2
BLOOMBERG PROFILE Washington	TEST	4
BLOOMBERG PROFILE Washington	TOBACCO	8
BLOOMBERG PROFILE Washington	TOBACCO FIRMS	2
BLOOMBERG PROFILE Washington	TOBACCO PACT	2
BLOOMBERG PROFILE Washington	TOBACCO SETTLEMENT	2
BLOOMBERG PROFILE Washington	TOBACCO TALKS	4
BLOOMBERG PROFILE Washington	TOBACCO TEST	4
BLOOMBERG PROFILE Waterford	MILLSTONE	4
BLOOMBERG PROFILE West Palm Beach	MESSAGE	4
BLOOMBERG PROFILE Winterthur	SPOTLIGHT	2
BLOOMBERG PROFILE Zurich	BARNEVIK SHADOW	2
BLOOMBERG PROFILE Zurich	CS HOLDING	2
BLOOMBERG PROFILE Zurich	FIRST	2
BLOOMBERG PROFILE Zurich	FORTUNE	2
BLOOMBERG PROFILE Zurich	FOUNDATION	2
BLOOMBERG PROFILE Zurich	HEIGHTS	2
BLOOMBERG PROFILE Zurich	HOLDING	2
BLOOMBERG PROFILE Zurich	HOLOCAUST FOUNDATION	2
BLOOMBERG PROFILE Zurich	MERGE	2
BLOOMBERG PROFILE Zurich	NEW HEIGHTS	2
BLOOMBERG PROFILE Zurich	PUTTING INVESTORS FIRST	2
BLOOMBERG PROFILE Zurich	REACH	2
BLOOMBERG PROFILE Zurich	RIVALS	2
BLOOMBERG PROFILE Zurich	SBC MERGE	2
BLOOMBERG PROFILE Zurich	SHADOW	2
BLOOMBERG PROFILE Zurich	THIRD TURNAROUND TRY	2
BLOOMBERG PROFILE Zurich	TOP RIVALS	2
BLOOMBERG PROFILE Zurich	TRY	2
BLOOMBERG SURVEY Amsterdam	INFLATION TAME	2
BLOOMBERG SURVEY Amsterdam	TAME	2
BLOOMBERG SURVEY Beijing	GROWTH IN SECOND QUARTER	2
BLOOMBERG SURVEY Beijing	SECOND QUARTER	2
BLOOMBERG SURVEY Brasilia	CUTTING TARGET INTEREST RATES	2
BLOOMBERG SURVEY Brasilia	EXPECTED TO CUT INTEREST RATES	2
BLOOMBERG SURVEY Brasilia	INTEREST RATES	4
BLOOMBERG SURVEY Chicago	CORN CROP ESTIMATES	2
BLOOMBERG SURVEY Chicago	COSTS	12
BLOOMBERG SURVEY Chicago	CROP ESTIMATE	2
BLOOMBERG SURVEY Chicago	CROP ESTIMATES	2
BLOOMBERG SURVEY Chicago	CROP REPORT	4
BLOOMBERG SURVEY Chicago	EXPECTED TO RISE	2
BLOOMBERG SURVEY Chicago	FALL	2
BLOOMBERG SURVEY Chicago	FEED COSTS FALL	2
BLOOMBERG SURVEY Chicago	LIKELY ROSE LAST MONTH	4
BLOOMBERG SURVEY Chicago	LOWER COSTS	6
BLOOMBERG SURVEY Chicago	MONTH	4
BLOOMBERG SURVEY Chicago	ON HIGH GRAIN COSTS	2
BLOOMBERG SURVEY Chicago	ON LOWER COSTS	2
BLOOMBERG SURVEY Chicago	ON LOWER FEED COSTS	2
BLOOMBERG SURVEY Chicago	ON YEAR	4
BLOOMBERG SURVEY Chicago	RAISE WINTER WHEAT CROP ESTIMATE	2
BLOOMBERG SURVEY Chicago	REPORT	4
BLOOMBERG SURVEY Chicago	RISE	2
BLOOMBERG SURVEY Chicago	SLOWING	2
BLOOMBERG SURVEY Chicago	YEAR	4
BLOOMBERG SURVEY London	ASSETS	2
BLOOMBERG SURVEY London	DOLLAR ASSETS	2
BLOOMBERG SURVEY London	DOLLARS AT YEAR-END	2
BLOOMBERG SURVEY London	MARK	2
BLOOMBERG SURVEY London	MAY BE WANING	2
BLOOMBERG SURVEY London	WANING	2
BLOOMBERG SURVEY London	YEAR-END	2
BLOOMBERG SURVEY Manila	MARCH	2
BLOOMBERG SURVEY Manila	QUARTER	2
BLOOMBERG SURVEY Manila	ST QUARTER	2
BLOOMBERG SURVEY New York	ACRES	2
BLOOMBERG SURVEY New York	ACRES FALL	2
BLOOMBERG SURVEY New York	BALES	4
BLOOMBERG SURVEY New York	BOXES	2
BLOOMBERG SURVEY New York	FALL	2
BLOOMBERG SURVEY New York	FALL IN SECOND HALF	2
BLOOMBERG SURVEY New York	FLORIDA ORANGE OUTLOOK	2
BLOOMBERG SURVEY New York	MLN BALES	4
BLOOMBERG SURVEY New York	OUTLOOK	2
BLOOMBERG SURVEY New York	RISE IN SECOND HALF	2
BLOOMBERG SURVEY New York	SECOND HALF	6
BLOOMBERG SURVEY New York	STEADY IN SECOND HALF	2
BLOOMBERG SURVEY Ottawa	AUGUST MANUFACTURING SHIPMENTS ROSE	2
BLOOMBERG SURVEY Ottawa	AUGUST MOTOR VEHICLE SALES RISE	2
BLOOMBERG SURVEY Ottawa	BLN	12
BLOOMBERG SURVEY Ottawa	COMPOSITE INDEX RISES	2
BLOOMBERG SURVEY Ottawa	DROP	2
BLOOMBERG SURVEY Ottawa	FELL	2
BLOOMBERG SURVEY Ottawa	HELP-WANTED INDEX TO RISE	2
BLOOMBERG SURVEY Ottawa	INDUSTRIAL PRICES STABLE	2
BLOOMBERG SURVEY Ottawa	JOBLESS RATE TO DROP	2
BLOOMBERG SURVEY Ottawa	MLN	2
BLOOMBERG SURVEY Ottawa	MONTH	2
BLOOMBERG SURVEY Ottawa	ON MONTH	2
BLOOMBERG SURVEY Ottawa	PERCENT	8
BLOOMBERG SURVEY Ottawa	PERMITS' VALUE RISES	2
BLOOMBERG SURVEY Ottawa	QTR	8
BLOOMBERG SURVEY Ottawa	QUARTER	2
BLOOMBERG SURVEY Ottawa	RAW MATERIAL PRICES FELL	2
BLOOMBERG SURVEY Ottawa	RD-QUARTER CAPACITY USE RISES	2
BLOOMBERG SURVEY Ottawa	RISE	4
BLOOMBERG SURVEY Ottawa	RISES	6
BLOOMBERG SURVEY Ottawa	RISING	4
BLOOMBERG SURVEY Ottawa	ROSE	2
BLOOMBERG SURVEY Ottawa	SECURITIES	2
BLOOMBERG SURVEY Ottawa	STABLE	2
BLOOMBERG SURVEY Ottawa	TH QTR	8
BLOOMBERG SURVEY Ottawa	TH QUARTER	2
BLOOMBERG SURVEY Singapore	ON YR	2
BLOOMBERG SURVEY Singapore	YR	2
BLOOMBERG SURVEY Sydney	POSSIBLE	2
BLOOMBERG SURVEY Sydney	RATE CUT POSSIBLE	2
BLOOMBERG SURVEY Sydney	STEADY	2
BLOOMBERG SURVEY Tokyo	APRIL-JUNE QUARTER	2
BLOOMBERG SURVEY Tokyo	AUGUST	2
BLOOMBERG SURVEY Tokyo	BALLOONS	2
BLOOMBERG SURVEY Tokyo	DOUBLES	2
BLOOMBERG SURVEY Tokyo	ECONOMY GOING SIDEWAYS	2
BLOOMBERG SURVEY Tokyo	END	2
BLOOMBERG SURVEY Tokyo	JAPAN'S MAY CURRENT ACCOUNT SURPLUS BALLOONS	2
BLOOMBERG SURVEY Tokyo	JULY	2
BLOOMBERG SURVEY Tokyo	JULY-SEPT QTR	2
BLOOMBERG SURVEY Tokyo	JUNE	2
BLOOMBERG SURVEY Tokyo	MAY	2
BLOOMBERG SURVEY Tokyo	MONTH'S END	2
BLOOMBERG SURVEY Tokyo	ON YEAR	6
BLOOMBERG SURVEY Tokyo	PERCENT	4
BLOOMBERG SURVEY Tokyo	PERCENT IN AUGUST	2
BLOOMBERG SURVEY Tokyo	QTR	2
BLOOMBERG SURVEY Tokyo	QUARTER	2
BLOOMBERG SURVEY Tokyo	RISE	2
BLOOMBERG SURVEY Tokyo	SHOW ECONOMY STALLING	2
BLOOMBERG SURVEY Tokyo	SIDEWAYS	2
BLOOMBERG SURVEY Tokyo	STALLING	2
BLOOMBERG SURVEY Tokyo	TAX RISE	2
BLOOMBERG SURVEY Tokyo	YEAR	6
BLOOMBERG SURVEY Toronto	MONTH	2
BLOOMBERG SURVEY Toronto	ON MONTH	2
BLOOMBERG TELEVISION	vehicle	2
BLOOMER	SMITH SUBS	2
BLOOMER	SUBS	2
BLOOMERS	BEACH	2
BLOOMERS	JURASSIC BEACH	2
BLOOMFIELD	ARCHERY	2
BLOOMFIELD	FIGURE SKATING	6
BLOOMFIELD HILLS	GOLF	10
BLOOMFIELD HILLS	ICE HOCKEY	4
BLOOMING ONIONS	MENU	4
BLOOMING ONIONS	STATE FAIR MENU	4
BLOOMINGDALE 'S charge cards aside	LEAD	2
BLOOMINGTON	ATHLETICS	2
BLOOMINGTON	GMT Thursday	2
BLOOMINGTON	Thursday	2
BLOOMINGTON	feature	2
BLOOMINGTON	following features	2
BLOPEX	eigensolvers	2
BLOPEX	external eigensolvers	2
BLOQUE Bloque	band	2
BLOSUM	BLAST-format scoring matrix	2
BLOSUM	Substitution matrices	2
BLOSUM	matrix	6
BLOSUM	substitution matrix	2
BLOUNT	Press Release	2
BLOW	AKA	2
BLOW	AL LEVINE VOLLEYBALL	2
BLOW	R S VOLLEYBALL	4
BLOW	VOLLEYBALL	6
BLOW OUTS KEEP	Layups	2
BLOWFLIES	AUSTRALIAN CRUCIBLE	2
BLOWFLIES	CRUCIBLE	6
BLOWFLIES	S AUSTRALIAN CRUCIBLE	4
BLOWING SMOKE GIBSONBURG	COMMENTARY	2
BLOWN-IN INSULATION	GO	2
BLOWN-IN INSULATION	WAY TO GO	2
BLOWOUT	SPORTS COLUMN	2
BLP seminars	event	2
BLP seminars	events	2
BLPCZ	result	2
BLPES	Resource type	2
BLPES	organisation	2
BLPES	type	2
BLQ	label	2
BLQ	labels	2
BLR	BIZ	6
BLR	Bronze	2
BLR	Europe	8
BLR	RUS Bronze	2
BLR	current market rate	2
BLR	kg	2
BLR	market rate	2
BLR Bronze	BUL Silver	2
BLR Bronze	RUS Silver	2
BLR Bronze	Silver	4
BLR Diving	Bronze	2
BLR Diving	ITA Bronze	2
BLR Fencing	Bronze	2
BLR Fencing	GUL Bronze	2
BLR Height	Hometown	2
BLR Height	URS Hometown	2
BLR Jordan Jovtchev	athletes here	2
BLR Jordan Jovtchev	here	2
BLR Men	Bronze	2
BLR Men	DEN Bronze	2
BLR Sailing	Bronze	2
BLR Sailing	HUN Bronze	2
BLR Silver	Gold	4
BLR Vsevolods Zelonijs	BRA Bronze	2
BLR Vsevolods Zelonijs	Bronze	2
BLR Women	Bronze	2
BLR Women	CHN Bronze	2
BLS	Ambulance service	2
BLS	America Online	6
BLS	EQUITY PREVIEW	4
BLS	Online	6
BLS	PREVIEW	4
BLS	US West	26
BLS	West	26
BLS	based schemes	2
BLS	level	2
BLS	member	2
BLS	members	2
BLS	operator	2
BLS	operators	2
BLS	private railways	2
BLS	railway	2
BLS	scheme	2
BLS	service	2
BLS AG	company	2
BLS AG	independent companies	2
BLS AG	operator	2
BLS AG	operators	2
BLS Cargo	companies	2
BLS Cargo	company	2
BLS US	US West	2
BLS US	West	2
BLS US	following tickers	4
BLS US	information	6
BLS US	stock information	6
BLS US	ticker	4
BLSA JOHANNESBURG	investor	4
BLSA JOHANNESBURG	investors	4
BLSANY	SOCCER	4
BLSANY	feature	4
BLSANY	following sports feature	4
BLT	Deep Fills	2
BLT	Extensions	2
BLT	Fills	2
BLT	Friday	2
BLT	Specialist recruitment consultancies	2
BLT	Tk	2
BLT	budget	2
BLT	budgets	2
BLT	cafe offers sandwiches	2
BLT	classic varieties	2
BLT	combination	4
BLT	company	2
BLT	consultancy	2
BLT	dish	2
BLT	dishes	2
BLT	extension	2
BLT	hot sandwiches	2
BLT	meal	2
BLT	organisation	2
BLT	organisations	2
BLT	print company	2
BLT	producer	2
BLT	producers	2
BLT	sandwich	8
BLT	sandwiches	4
BLT	sandwiches feature combinations	4
BLT	share extensions	2
BLT	specialties	2
BLT	specialty	2
BLT	standard meals	2
BLT	tradition	2
BLT	traditions	2
BLT	variety	2
BLT Cobb	salad	2
BLT Cobb	serving four salads	2
BLT DVD Productions	companies	2
BLT DVD Productions	company	2
BLT Poultry	time	2
BLT Restaurants	center	2
BLT Root Vegetables	time	2
BLT Swine	time	2
BLT chain	handles restaurants	2
BLT chain	restaurant	2
BLT sandwich	ingredient	2
BLT sandwich	ingredients	2
BLT soup	soups	4
BLT sub	Featured specials	4
BLT sub	special	4
BLTs	layer in sandwiches	4
BLTs	meat	2
BLTs	sandwich	4
BLTs	traditional meats	2
BLU	American bombs	2
BLU	bomb	2
BLU	bomblet	2
BLU	cluster bomblets	2
BLU	countries	2
BLU	country	2
BLU	device	2
BLU	explosive weapons	2
BLU	rackmount device	2
BLU	weapon	2
BLU-107 Durandal	ordnance	2
BLU-107 Durandal	runway	2
BLU-107 Durandal	runways	2
BLU-109 bomb	American bombs	2
BLUE	Adds	4
BLUE	BRIEF	2
BLUE	CHINATOWN	4
BLUE	CLEAN	8
BLUE	COLOURS	6
BLUE	COMMENTARY	16
BLUE	GREEN	2
BLUE	Info	4
BLUE	NICE AND CLEAN	8
BLUE	NIGHT	4
BLUE	Photo Service COMMENTARY	2
BLUE	REPORT	8
BLUE	S K COMMENTARY	2
BLUE	S SPORTS COMMENTARY	2
BLUE	SPORTS COMMENTARY	2
BLUE	Scream	2
BLUE	TECH REPORT	8
BLUE	WASHINGTON'S OSCAR NIGHT	4
BLUE	WORD	4
BLUE	act	2
BLUE	acts	2
BLUE	butterflies	2
BLUE	colour	2
BLUE	com COMMENTARY	2
BLUE	conjunction	2
BLUE	effect	2
BLUE	effects	2
BLUE	ground-breaking mini-series	2
BLUE	group	4
BLUE	groups	4
BLUE	meaning	2
BLUE	production	2
BLUE	series	2
BLUE	standard colours	2
BLUE	theatre productions	2
BLUE AND BROKE Good news	COMMENTARY	2
BLUE AND GOLD	SPORTS COLUMN	2
BLUE BELL DIALECTIC CRAWFORD	PUTIN	2
BLUE BERRY BOWLS	dessert	2
BLUE BERRY BOWLS	themed desserts	2
BLUE BIRD RAISE	JUNK BONDS	4
BLUE BIRD RAISE	NEW YORK TIMES NEWS SERVICE JUNK BONDS	2
BLUE BIRD RAISE	R F JUNK BONDS	2
BLUE BOOK	UFO reports	2
BLUE BOOK	report	2
BLUE FAMILY Fifty years	COMMENTARY	2
BLUE HALLS	item	2
BLUE HALLS	odd items	2
BLUE HERON	species	2
BLUE HILL	Stephen Taylor	2
BLUE HILL	Taylor	2
BLUE ICE	Morel Mystery Series	2
BLUE ICE	Series	2
BLUE LAGOON	HOT ICELAND	4
BLUE LAGOON	ICELAND	4
BLUE MOON As wildfires	FOCUS	2
BLUE MOSQUE	world	2
BLUE NUTHATCH	bird wave species	2
BLUE NUTHATCH	species	2
BLUE PARAMETER	background	2
BLUE PARAMETER	on a blue background	2
BLUE SEA	COMMENTARY	2
BLUE TAG SALE WASHINGTON	COMMENTARY	2
BLUE-CAMP LAWMAKER Taipei	PASS ENGLISH TEST	2
BLUE-CAMP LAWMAKER Taipei	TEST	2
BLUE-CAPPED TANAGER	new species	2
BLUE-CAPPED TANAGER	species	2
BLUEBERRIES	Trehane	2
BLUEBERRIES	Vacciniums Jennifer Trehane	2
BLUEBERRY	Key words	2
BLUEFISH	CHANGE-UP	2
BLUEFISH	PERFECT CHANGE-UP	2
BLUEGILL	OUTDOORS	2
BLUEPRINT	PARAPHERNALIA	2
BLUEPRINT	REDONDAN PARAPHERNALIA	2
BLUES	E MUSIC REVIEW	2
BLUES	MUSIC REVIEW	2
BLUES	REVIEW	4
BLUES	Stoughton	4
BLUES	TIME	2
BLUES	WAN	4
BLUES	instrumental	2
BLUES	instrumentals	2
BLUES	us	2
BLUETOOTH	ANSWERS	2
BLUETOOTH	FLOOR	4
BLUETOOTH	FONE	2
BLUETOOTH	ON A FONE	2
BLUETOOTH	SHOW FLOOR	4
BLUEcloud Discovery	component	2
BLUEcloud Discovery	components	2
BLUEcloud Marketplace	component	2
BLUEcloud Marketplace	components	2
BLUEcloud Staff	component	2
BLUEcloud Staff	components	2
BLUF domain	bacteria	2
BLUF domain	bacterium	2
BLUFF	Keywords	58
BLUFFS	Eds	2
BLUFFS	away	2
BLUFFS	way' away	2
BLUM	LEAD	2
BLUNDELL	CONTACTS	4
BLUNDELL	MEDIA CONTACTS	4
BLUNDER	ATRIUM'S DUAL IDENTITY	2
BLUNDER	IDENTITY	2
BLUNDEVILLE	marriage	2
BLUNDEVILLE	marriages	2
BLUNK	Contributors	2
BLUNT	Keywords	30
BLUNT	favourable reviews	2
BLUNT	review	2
BLV	Blvgari Contemporary Collection	4
BLV	Collection	4
BLV	manufacturer	4
BLV	manufacturers	4
BLVD	band	2
BLVD	local bands	2
BLVD Place	Houston	2
BLVD Place	shopping center	2
BLVD Place	upscale shopping centers	2
BLXware	assets	2
BLY US Equity	information	4
BLY US Equity	stock information	4
BLYP	Functionals	2
BLYP	Standard Functionals	2
BLYTH	BONDS	4
BLYTH	CORPORATE BONDS	4
BLYTON	Author	4
BLZ	ISO country codes	2
BLZ	country code	2
BLack	base colours	4
BLack	colour	4
BLair	labour party	2
BLair	party	2
BLitt	Cassiodorus	2
BLitt	Minute	2
BLitt	Special Minute	2
BLonline	checking BLonline	2
BLue	colour	2
BLue	colours	2
