VN	George VN Trappers	6
VN	ISO country codes	2
VN	KINHDO	2
VN	New York	2
VN	Nurses	4
VN	SRA	2
VN	Team UK	4
VN	Trappers	10
VN	UK	4
VN	Useful reading	2
VN	York	2
VN	contact	4
VN	country code	2
VN	nitride	2
VN	read	2
VN	transition metal nitrides	2
VN Senior Diagnostics	DP Medical TUTORS	2
VN Senior Diagnostics	TUTORS	2
VN trainees	andworking in practice	2
VN trainees	practice	2
VNA	Vespas	2
VNA	international news agencies	2
VNA	news agency	2
VNA	service	2
VNA	services	2
VNA Care Network	brand-name clients	4
VNA Care Network	client	4
VNA patients	differentiator	2
VNA patients	organization's differentiators	2
VNA-FMR	Frequency-domain techniques	2
VNA-FMR	technique	2
VNAF	service	2
VNAF	services	2
VNAs	equipment	2
VNAs	measurement equipment	2
VNB	Vespas	2
VNC	While remote control programs	2
VNC	alternative	2
VNC	alternatives	2
VNC	application	2
VNC	based screen mirroring applications	2
VNC	computer	2
VNC	computers	2
VNC	feature	6
VNC	features	2
VNC	new features	4
VNC	on software	2
VNC	privileged user sessions	2
VNC	program	4
VNC	programs	2
VNC	protocol	4
VNC	protocols	2
VNC	remote access solutions	2
VNC	remote control software	2
VNC	remote desktop system	2
VNC	script	2
VNC	scripts	2
VNC	service	2
VNC	services	2
VNC	session	2
VNC	software	6
VNC	solution	2
VNC	standard software	2
VNC	system	4
VNC	tool	2
VNC	tools	2
VNC	traditional remoting protocols	2
VNC	use systems	2
VNC Micro Edition	Ingram	2
VNC Viewer Plus	Clients	4
VNC server	lightweight window manager	2
VNC server	window manager	2
VNCCPBN Index GP	public	28
VNCCPRN Index GP	See	2
VNCCPRN Index GP	private	28
VNCCTOT Index GP	Construction spending	8
VNCCTOT Index GP	See	272
VNCHMF designation	PAGASA name	12
VNCHMF designation	name	12
VNCHMF desination	PAGASA name	2
VNCHMF desination	name	2
VNCPI Index GP	See	2
VNCR	foreign radio stations	2
VNCR	radio station	2
VNCServer	Desktop	2
VNCServer	Remote Desktop	2
VND	Ayun Pa town	2
VND	report	2
VND	town	2
VNE	blue chip	2
VNE	blue chips	2
VNG	Development partners	2
VNG	callsigns	2
VNG	eastern German utilities	4
VNG	utility	4
VNGI	following tickers	2
VNGI	ticker	2
VNI	input methods	2
VNI	method	2
VNIC	interface	2
VNIC	pseudo-interfaces	2
VNIIEF	research center	2
VNIT Nagpur	Venue	2
VNM	ISO country codes	2
VNM	country code	2
VNMSM	See	10
VNN	disease	4
VNN	new diseases	4
VNO-NCW	employers' organizations	2
VNO-NCW	organization	2
VNO-NCW North	association	2
VNO-NCW North	employers' associations	2
VNO-NCW West	association	2
VNO-NCW West	employers' associations	2
VNP	polynomial	2
VNP	polynomials	2
VNPT	ADSL subscribers	2
VNPT	Vietnamese broadband providers	2
VNPT	provider	2
VNPT	subscriber	2
VNQDD	nationalist	2
VNQDD	nationalists	2
VNQDD members	activist	2
VNQDD members	anti-French activists	2
VNQDD members	opponent	2
VNQDD members	political opponents	2
VNRS Index GP	See	10
VNS	based recognition system	2
VNS	effective seizure control treatments	2
VNS	heuristic	2
VNS	system	2
VNS	treatment	2
VNT	industry news	4
VNT	news	4
VNU	AMSTERDAM	2
VNU	B publishers	2
VNU	LEAD	2
VNU	buyer	6
VNU	companies	2
VNU	company	2
VNU	offering	2
VNU	offerings	2
VNU	potential buyers	6
VNU	publisher	14
VNU 's consumer magazine arm	consumer magazine publisher	2
VNU 's consumer magazine arm	publisher	2
VNU Business Media	companies	2
VNU Business Media	company	2
VNU Business Publications	giant	2
VNU Business Publications	media giants	2
VNU CEO	Net	2
VNU Exhibitions Europe	Office	2
VNU Exhibitions Europe	Organisers Office	2
VNU's consumer magazine arm	consumer magazine publisher	2
VNU's consumer magazine arm	publisher	2
VNUnet	word processor	2
VNV	Flemish Movement parties	2
VNV	party	2
VNV Nation	Necto	2
VNV Nation	Saturday	2
VNV Nation	Sunday	4
VNV Nation	act	2
VNV Nation	artist	10
VNV Nation	artists	6
VNV Nation	band	4
VNV Nation	bands	4
VNV Nation	current electronic scene	2
VNV Nation	genre	2
VNV Nation	high profile artists	2
VNV Nation	modern artists	2
VNV Nation	notable acts	2
VNV Nation	scene	2
