DF	Croatia GK	2
DF	FDCC	2
DF	FDCS	4
DF	FDIS	6
DF	FORMAT DRIVE NAME	2
DF	Fuel	2
DF	GK	20
DF	Japan GK	2
DF	Japanese stars GK	2
DF	Lineups Paraguay GK	2
DF	Liquid-fueled missiles	4
DF	Mexico	6
DF	NAME	2
DF	Paterson	2
DF	Pawtucket	2
DF	Providence	2
DF	Rangers	2
DF	change	2
DF	changes	2
DF	contrast	2
DF	diesel locomotive	2
DF	following points	2
DF	genetic mutation	2
DF	genetic mutations	2
DF	high contrast	2
DF	intercontinental ballistic missile	2
DF	is ballistic missile systems	2
DF	island	2
DF	islands	2
DF	lineups Japan GK	2
DF	manufacture diesel locomotives	2
DF	military name	2
DF	missile	6
DF	missile systems	2
DF	mobile intercontinental ballistic missiles	2
DF	name	4
DF	nuclear missiles	2
DF	point	2
DF	right	2
DF	stylish hotels in Mexico	2
DF	system	4
DF	under names	2
DF Atley	EastEnds	2
DF Beacon	facility	2
DF Beacon	modern facilities	2
DF Bissett	Blues	2
DF Bissett	Paterson True Blues	2
DF Bradley	Rovers	4
DF Concerts	Promoters	2
DF Concerts	Storm	2
DF Concerts	UK music industry	2
DF Concerts	music industry	2
DF Harry Stewart	Pawtucket	2
DF Harwood	Olympics	4
DF Harwood	Rovers	2
DF Hayes	Reference	2
DF Holden	Kearny	2
DF Holden	Rovers	2
DF Hullman	Trenton	2
DF Jack North	Providence	2
DF Lonsdale	Rovers	2
DF Master Tee	Co-Producers	4
DF Master Tee	Producers	4
DF Moore	Almas	2
DF Moore	work	2
DF Murray	Blues	2
DF Murray	Paterson True Blues	2
DF Music Merchandise	DF	2
DF Pollister	ONT	2
DF Smith	Pawtucket	4
DF Stewart	Olympics	2
DF Williamson	Olympics	2
DF defender	Key	132
DF-2000 get negative marks	Hydrocarbon solvents	2
DF-31 intercontinental ballistic missile	breakthrough	4
DF-31 intercontinental ballistic missile	notched breakthroughs	2
DF-31 intercontinental ballistic missile	notching up breakthroughs	2
DFA	Example	2
DFA	Government agencies	2
DFA	actuarial software	2
DFA	agencies	2
DFA	agency	4
DFA	band	2
DFA	bands	2
DFA	colleague	2
DFA	colleagues	2
DFA	computer program	2
DFA	computer programs	2
DFA	cooperative	2
DFA	dairy cooperative	2
DFA	government agencies	2
DFA	government agency	2
DFA	relevant Philippine Government agencies	2
DFA	relevant agencies	2
DFA	rock group	4
DFA	rock groups	4
DFA	software	2
DFA MANILA	Philippines	2
DFA MANILA	Saudi killings	2
DFA MANILA	US	2
DFA MANILA	USD death benefit	2
DFA MANILA	benefit	2
DFA MANILA	courier	2
DFA MANILA	covert operations in Philippines	2
DFA MANILA	illegal drug couriers	2
DFA MANILA	killing	2
DFA MANILA	reelection success	2
DFA MANILA	safe	2
DFA MANILA	success	2
DFA MANILA	vessel remain safe	2
DFA Records	independent dance labels	2
DFA Records	label	2
DFA appeals	countries	2
DFA appeals	country	2
DFA personnel	motorist	2
DFA personnel	motorists	2
DFA release	music	2
DFA release	new unreleaased music	2
DFARS	See	2
DFAT	group	2
DFAT	groups	2
DFAT	list	2
DFAT	lists	2
DFAT Chief CANBERRA	after Indian attacks	2
DFAT Chief CANBERRA	attack	2
DFB	on milk production profiles	2
DFB	profile	2
DFB Cup	competition	2
DFB Cup	competitions	2
DFB FRANKFURT	match	2
DFB FRANKFURT	matches	2
DFB Pokal	European Cup finals	2
DFB Pokal	European football leagues	2
DFB Pokal	final	2
DFB Pokal	league	2
DFB Pokal first round	Kickers Offenbach	2
DFB Pokal first round	Offenbach	2
DFB-Pokal	live football matches	2
DFB-Pokal	match	2
DFBETA	measure	2
DFBETA	quantitative measures	2
DFBarracks	question	4
DFBarracks	questions	4
DFC	Division	2
DFC	Graves Commission say	6
DFC	II	10
DFC	West-II	10
DFC	Western Division	2
DFC	children's magazines	2
DFC	cipher	2
DFC	distinguished gentlemen as members	2
DFC	dozen block ciphers	2
DFC	magazine	2
DFC	member	2
DFC	memorabile	2
DFC	memorabilia	2
DFC	say	6
DFC Prague	noted sides	2
DFC Prague	side	2
DFC Subdivision	location	2
DFC Subdivision	locations	2
DFC activation pattern	DFC studies	2
DFC activation pattern	study	2
DFCC Bank	Based Electricity Generation Client	2
DFCC Bank	Client	2
DFCS	Companies	2
DFCS	government agencies	2
DFCS	government agency	2
DFCU	commercial bank	2
DFCU	commercial banks	2
DFCU	investor	2
DFCU	investors	2
DFCU Bank	financial institution	2
DFCU Bank	financial institutions	2
DFD	contrast techniques	2
DFD	graphic issues	2
DFD	issue	2
DFD	mode	2
DFD	sample modes	2
DFD	technique	2
DFDL	based formats	2
DFDL	format	2
DFDL	tool	2
DFDL	tools	2
DFDL etc research	tool	4
DFDL etc research	tools	4
DFDS	companies	2
DFDS	company	2
DFDS	operator	4
DFDS	organization	2
DFDS	organizations	2
DFDS	transport company	4
DFDS Container Line	activity	2
DFDS Container Line	logistics activities	2
DFDS Freight train	Passenger trains	2
DFDS Seaways	company	2
DFDS Seaways	data dependent companies	2
DFDS Seaways	name	2
DFDS Seaways	names	2
DFDS Seaways	organisation	2
DFDs	CASE techniques	6
DFDs	data modelling techniques	2
DFDs	dozen techniques	2
DFDs	technique	10
DFE	Higher Education	2
DFE	bodies outlining	2
DFE	organisations in Higher Education	2
DFE	outline	2
DFE theme song	newer ones	2
DFE theme song	one	2
DFE-650TXD	info	2
DFE-650TXD	product info	2
DFEE	Black Parents	2
DFEE	Parents	2
DFEE	Re	2
DFEE	body	2
DFEE	organisation	2
DFEE	organisations	2
DFEE	source	6
DFEE	sources	6
DFEE	statistics	2
DFEE	statutory bodies	2
DFEE Publications Centre	Contact	4
DFEH	party	2
DFEH	prevailing party	2
DFES	FE	2
DFES	account	2
DFES	accounts	2
DFES	advised key content producers	2
DFES	bodies	4
DFES	body	6
DFES	department	2
DFES	departments	2
DFES	establishment	2
DFES	establishments	2
DFES	government department	6
DFES	government departments	6
DFES	organisation	4
DFES	organisations	4
DFES	place	2
DFES	places	2
DFES	producer	2
DFES	professional bodies	2
DFES	region	2
DFES	regions	2
DFES	sector	2
DFES	statutory sectors	2
DFES Press Release	Learning	2
DFES Press Release	Transform Learning	2
DFES publication	Grouping	2
DFES publication	Pupil Grouping	2
DFES updates	Assessment materials	2
DFES updates	material	2
DFF	Damen Shipyards	2
DFF	Shipyards	2
DFFIT	measure	2
DFFIT	quantitative measures	2
DFFP	professional qualifications	2
DFFP	qualification	2
DFG	Agency	2
DFG	Germany	2
DFG	John Watts SPONSOR	2
DFG	SPONSOR	2
DFG	fishery leaders	2
DFG	leader	2
DFG	state Resources Agency	2
DFG project	research project	2
DFG project	research projects	2
DFG-F??rderranking	ranking	2
DFG-F??rderranking	relevant rankings	2
DFH	Additional formats	2
DFH	format	2
DFI	ATI partners	2
DFI	Nobody	2
DFI	PCI-Express supporting motherboards	2
DFI	Taiwan's major electronics companies	2
DFI	company	4
DFI	manufacturer	2
DFI	motherboard	4
DFI	motherboard manufacturers	2
DFI	motherboards	2
DFI	partner	2
DFI	reputed international companies	2
DFI LanParty	SLi chipsets	2
DFI LanParty	chipset	2
DFI records	Source	12
DFI records	Sources	4
DFID	DFID's Agriculture Review	2
DFID	Development	2
DFID	Development agencies	4
DFID	Development partners	2
DFID	Donors	10
DFID	EU	2
DFID	EU Member State government representatives	2
DFID	European Community programmes	2
DFID	Funders	2
DFID	Funding	2
DFID	Government	4
DFID	Government departments	2
DFID	Government funding	2
DFID	IIED Source	2
DFID	INGOs	2
DFID	India	2
DFID	Inter-World Radio	2
DFID	Jim Watson Funders	2
DFID	Keynote Speaker	2
DFID	Lateral agencies	2
DFID	NGOs	2
DFID	Partnership agreements	2
DFID	Poverty	10
DFID	Radio	2
DFID	Review	2
DFID	Source	2
DFID	State in Development	2
DFID	UK Government	4
DFID	UK donors	2
DFID	UK funders	6
DFID	VetAid	2
DFID	actor	4
DFID	actors	4
DFID	agencies	16
DFID	agency	46
DFID	agricultural development	2
DFID	background information	2
DFID	bilateral bodies in India	2
DFID	bilateral donor	2
DFID	bilateral donor agencies	2
DFID	bilateral donors	6
DFID	bilateral funder	2
DFID	bodies	2
DFID	body	6
DFID	commercial organizations	2
DFID	community	4
DFID	contribution	2
DFID	development	2
DFID	development agencies	4
DFID	development organisations	2
DFID	development partner	2
DFID	development partners	2
DFID	donor	68
DFID	donor community	4
DFID	donor organisations	2
DFID	donor organizations	2
DFID	donors	36
DFID	engagement	2
DFID	evaluation	2
DFID	event	2
DFID	external agencies	2
DFID	field	2
DFID	foreign donor	2
DFID	foreign donors	2
DFID	foreign funding agencies	2
DFID	frompoverty	4
DFID	funder	12
DFID	funding	2
DFID	funding agency	2
DFID	funding bodies	2
DFID	funding body	2
DFID	government agencies	2
DFID	government agency	4
DFID	government department	8
DFID	government departments	8
DFID	influential donors	2
DFID	institutional donors	10
DFID	institutional funder	2
DFID	institutional mechanisms	2
DFID	interest	2
DFID	international agencies	8
DFID	international development agencies	2
DFID	international donor agencies	2
DFID	international partner organizations	2
DFID	international stakeholders	2
DFID	issue	2
DFID	issues	2
DFID	key donors	2
DFID	key interest	2
DFID	line ministries	2
DFID	mechanism	2
DFID	meeting	2
DFID	meeting outside agencies	2
DFID	members' contributions	2
DFID	ministry	2
DFID	month	4
DFID	months	4
DFID	multi-agency event	2
DFID	multi-donor organizations	2
DFID	national government agencies	2
DFID	officials said donors	2
DFID	on public sector reforms	2
DFID	organisation	8
DFID	organisations	4
DFID	organization	10
DFID	organizations	2
DFID	outside bodies	4
DFID	policy	2
DFID	private sources	2
DFID	programme	2
DFID	reform	2
DFID	representative	2
DFID	research funders	2
DFID	sector	2
DFID	sectors	2
DFID	source	24
DFID	sources	22
DFID	stakeholder	2
DFID	statutory donors	2
DFID	through agencies	2
DFID Aquaculture Research Programme	Further information	2
DFID Aquaculture Research Programme	information	2
DFID Asia	process	2
DFID Asia	processes	2
DFID Background	Funding body	2
DFID Background	genus Prosopis Funding body	2
DFID Background Manure	Funding body	2
DFID Background Manure	Kenya highlands Funding body	2
DFID Background Urban areas	Funding body	2
DFID Background Urban areas	production systems Funding body	2
DFID Challenge Funds	approach parallel funding sources	2
DFID Challenge Funds	funding source	2
DFID China	contributor	2
DFID Country Offices	external stakeholders	2
DFID Country Offices	stakeholder	2
DFID DFID	Inter-World Radio	2
DFID DFID	Radio	2
DFID Dry deciduous forest	forest formation	2
DFID Dry deciduous forest	formation	2
DFID Ed Hughes	Keynote	2
DFID Healthlink	organisation	2
DFID Healthlink	organisations	2
DFID Interim Strategy	Afghanistan	2
DFID Interim Strategy	on Afghanistan	2
DFID Issues Paper	Land Policy Source	2
DFID Issues Paper	Source	2
DFID Lead Institution	Funder	2
DFID Lead Institution	Project Funder	2
DFID Malaria Knowledge	control	2
DFID Malaria Knowledge	on malaria control	2
DFID NGO Representative	Policy Maker	2
DFID advisors	registered users	2
DFID advisors	user	2
DFID in Rwanda	Rwanda	2
DFID must	organisation	2
DFID must	organisations	2
DFID officials	figure	2
DFID officials	prominent figures	2
DFID programmes	programmes	2
DFID supports Christian	account	2
DFID supports research	promoting effective states	2
DFID supports research	state	2
DFID's Centres	developing country	2
DFID's Centres	engineers in developing countries	2
DFID??	Vietnam	2
DFJ Esprit	Venture Capitalists	2
DFJ Esprit	investor	2
DFJ Esprit	investors	2
DFJ Frontier	investor	2
DFJ Frontier	investors	2
DFJ Frontier	media	2
DFJ Frontier	on digital media	2
DFJ Gotham	investor	2
DFJ Gotham	investors	2
DFJ Italia Chief Financial Officer	private investor	8
DFJ Italia Chief Financial Officer	private investors	8
DFKI	Committee	2
DFKI	International Programme Committee	2
DFL	appliance	2
DFL	appliances	2
DFL	future	4
DFL	league	2
DFL	local leagues	2
DFL	star	2
DFL	stars	2
DFL TV AD	DISTORTION MINNEAPOLIS	2
DFL TV AD	MINNEAPOLIS	2
DFL Televisi	air	2
DFL candidates	party leader	2
DFL candidates	party leaders	2
DFL team	rider	2
DFL team	riders	2
DFL-Virginia	Democrats	2
DFLP	Israeli peace campaigners	2
DFLP	PLO	4
DFLP	PLO factions	4
DFLP	PLO's factions	2
DFLP	Palestinian secular opposition	2
DFLP	Red Action supports guerilla movements	2
DFLP	chose	2
DFLP	effort	4
DFLP	faction	10
DFLP	fedayeen groups	2
DFLP	group	12
DFLP	groups	2
DFLP	guerilla movement	2
DFLP	hardline groups	2
DFLP	left-wing Palestininan movements	2
DFLP	leftist factions	4
DFLP	movement	2
DFLP	non-Arafat groups	2
DFLP	opposition	2
DFLP	opposition movements chose	2
DFLP	organization	2
DFLP	organizations	2
DFLP	parties	4
DFLP	party	4
DFLP	peace campaigner	2
DFLP	sub-groups	4
DFLP AMMAN	Gaza	2
DFLP AMMAN	Israel	2
DFLP AMMAN	meeting in Gaza	2
DFLP DAMASCUS	Jerusalem	2
DFLP DAMASCUS	on Jerusalem	2
DFLP DAMASCUS	powder keg	2
DFLP GAZA	national unity	2
DFLP GAZA	talk	2
DFLP GAZA	talks	2
DFLP GAZA	unity	2
DFLP Want	Newspaper	4
DFLP factions	group	2
DFLP factions	political groups	2
DFLP leaders	people	2
DFLP official GAZA	cabinet	2
DFLP official GAZA	new coalition cabinet	2
DFLP statement AMMAN	Israel	2
DFLers	candidate	2
DFLers	legislative candidates	2
DFLers	way	2
DFM	File managers	2
DFM	PCB production processes	6
DFM	QE	2
DFM	design tools	2
DFM	effective storage management functions	4
DFM	function	4
DFM	listing	2
DFM	magazine	2
DFM	magazines	2
DFM	new listings	2
DFM	process	6
DFM	tool	2
DFM compilation	NPI activities	2
DFM compilation	activity	2
DFM tools	Cadence	2
DFMEA	evaluation methods	2
DFMEA	method	2
DFMEA	tool	2
DFMEA	tools	2
DFN	Leadless plastic packages	2
DFN	Phrase elements	2
DFN	Structured text Phrase elements	2
DFN	element	10
DFN	elements	6
DFN	network	4
DFN	package	2
DFN	underlying high-speed networks	4
DFN Gallery	GARTEL	2
DFO	Shopping Precinct	2
DFO	Skygate Shopping Precinct	2
DFO	Source	2
DFO	chelators	2
DFO	department	2
DFO	departments	2
DFO	governmental offices	2
DFO	interest group	2
DFO	interest groups	2
DFO	iron chelators	2
DFO	office	2
DFOs	field level functionaries	2
DFOs	functionary	2
DFP	nerve agent	2
DFP	nerve agents	2
DFR	Cosworth engines	2
DFR	engine	2
DFR CN	Falconbridge	2
DFR CN	financial information	2
DFRWS	computer conferences	2
DFRWS	conference	4
DFRWS	security conferences	2
DFS	Air Navigation Service Providers	2
DFS	CANADIAN EQUITY MOVERS	2
DFS	CANADIAN EQUITY PREVIEW	2
DFS	Europe	2
DFS	Higher Income fund	2
DFS	Key words	2
DFS	MOVERS	2
DFS	PREVIEW	2
DFS	Salt	2
DFS	Service Providers	4
DFS	algorithm	2
DFS	based algorithm	2
DFS	board	2
DFS	brand	2
DFS	brands	2
DFS	companies	4
DFS	company	4
DFS	design	2
DFS	factory's name	2
DFS	file system	2
DFS	fund	2
DFS	glider	2
DFS	main Service Providers in Europe	2
DFS	name	6
DFS	name stores	2
DFS	names	4
DFS	plc boards	2
DFS	purchase	2
DFS	recent purchases	2
DFS	relief agencies	2
DFS	relief agency	2
DFS	retail outlet	2
DFS	retail outlets	2
DFS	store	2
DFS	successful designs	2
DFS	system	2
DFS	tab	2
DFS	tabs	2
DFS Adverts	production	2
DFS Adverts	productions	2
DFS Dorland	client	2
DFS Dorland	clients	2
DFS Galleria	shop	2
DFS Galleria	shopping	2
DFS Group	label	4
DFS Group	labels	4
DFS Habicht	Schulstaffel Thalerhof	2
DFS Habicht	Thalerhof	2
DFS Habicht	design	2
DFS Habicht	successful designs	2
DFS Kranich	design	2
DFS Kranich	successful designs	2
DFS Levski	city	2
DFS Rh??nadler	design	2
DFS Rh??nadler	successful designs	2
DFS Rh??nsperber	design	2
DFS Rh??nsperber	successful designs	2
DFS Stelios	Britain's greatest business minds	2
DFS Stelios	business mind	2
DFS US	companies in story	2
DFS US	story	2
DFS Weihe	contemporary	2
DFS Weihe	design	2
DFS Weihe	foreign contemporaries	2
DFS Weihe	successful designs	2
DFS duty-free airport	LVMH's retail operations	4
DFS duty-free airport	operation	4
DFS namespaces	complex concepts	2
DFS namespaces	concept	2
DFSP	34-positive tumors	2
DFSP	nonneural tumors	2
DFSP	tumor	4
DFT	DSP tools	2
DFT	Keywords	2
DFT	Theory levels	2
DFT	area	2
DFT	areas	2
DFT	block	2
DFT	companies	2
DFT	company	2
DFT	conventional density functional theory	2
DFT	correction	2
DFT	design functional blocks	2
DFT	discrete transform	2
DFT	domain	4
DFT	finite domain	4
DFT	first principle	2
DFT	first principles	2
DFT	image transformations	2
DFT	level	2
DFT	method	2
DFT	optimization	2
DFT	post-DFT corrections	2
DFT	synthesis optimizations	2
DFT	technique	2
DFT	theory	2
DFT	tool	2
DFT	topics	2
DFT	transform	2
DFT	transformation	2
DFT	used techniques	2
DFT calculations	Keywords	6
DFTK	Kognitio's data migration products	2
DFTK	product	2
DFTS	defence systems	2
DFTS	system	2
DFU	grouping	2
DFU	leftist groupings	2
DFV	Cosworth engines	2
DFV	engine	4
DFV	engines	2
DFW	Location	18
DFW	airport	8
DFW	airports	2
DFW	cities	4
DFW	city	4
DFW	component initials	2
DFW	government agency	2
DFW	initial	2
DFW Airport	city	8
DFW Airport	following cities	8
DFW Airport	region	2
DFW Metro	Slight Risk area	2
DFW Metro	area	2
DFW Metroplex	Texas	2
DFW metroplex	area	2
DFW metroplex	surrounding metropolitan areas	2
DFWorld	question	4
DFWorld	questions	4
DFX	era	2
DFX	import	2
DFX	program can import	2
DFY	company's racing engines	2
DFY	engine	2
DFerek hatfield	year	2
DFilter	caller	2
DFilter	peak callers	2
