DO Ho Mun	master	2
DO Ho Mun	masters	2
DO JUDGE CHRISTIAN	head	4
DO JUDGE CHRISTIAN	heading	4
DO LOOP	Forth branching words	4
DO LOOP	words	4
DO MACHINES	presentation	2
DO MACHINES	slide presentation	2
DO NO HARM	ADVICE TO HACKERS	2
DO NO HARM	HACKERS	2
DO NOT	DESIGN	2
DO NOT	LANDSCAPE DESIGN	2
DO NOT APPROACH	two fugitives warning	8
DO NOT APPROACH	warning	8
DO NOT call	case	2
DO NOT call	just in case	2
DO NOT compare	Customer Review	2
DO NOT compare	Review	2
DO NOT need	film	2
DO NOT need	films	2
DO NOT press	screen	2
DO NOTHING	plaintexts	2
DO RAGS	COMMENTARY	2
DO SON	hour	2
DO STORE SALES	ECONOMY	2
DO Something	young people	2
DO WE WANT	first heading	2
DO WE WANT	head	2
DO gas extraction	output	2
DO gas extraction	quarrying output	2
DO list	friend	2
DO personnel	personnel	2
DO shoot	City Eye	2
DO shoot	Eye	2
DO'S AND DON'TS Kitty Soldano	OPTIONAL SIDEBAR	10
DO'S AND DON'TS Kitty Soldano	SIDEBAR	10
DO'S AND DON'TS Practical advice	GIFTS	2
DO'S AND DON'TS Practical advice	HOLIDAY BUSINESS GIFTS	2
DO-160 series	document	2
DO-160 series	related documents	2
DO-178 series	document	2
DO-178 series	related documents	2
DO-178B ARINC	qualifiable version	2
DO-178B ARINC	version	2
DO-178B Level	safety standards	2
DO-178B certification	application	2
DO-178B certification	automotive applications	2
DO-214AA	multiple variants	2
DO-214AA	variant	2
DO-254 series	document	2
DO-254 series	related documents	2
DO-IT Program	institution	2
DO-IT Program	institutions	2
DO-IT Scholars Program	DO-IT runs many programs	2
DO-IT Scholars Program	program	2
DO-MARTHAS AND BEYOND MARTHA	Stone's mind	2
DO-MARTHAS AND BEYOND MARTHA	mind	2
DO-REAL	player	2
DO-REAL	players	2
DOA	Dreamcast	2
DOA	Monday	4
DOA	Next Monday	4
DOA	Silent Hill Dreamcast	2
DOA	act	2
DOA	acts	2
DOA	band	2
DOA	bands	2
DOA	character	4
DOA	colored concoctions	2
DOA	concoction	2
DOA	favorite character	4
DOA	forum	2
DOA	forums	2
DOA	game	2
DOA	games	2
DOA	gang	2
DOA	gangs	2
DOA	group	2
DOA	groups	2
DOA	herbal sodas	2
DOA	influence	2
DOA	influences	2
DOA	soda	2
DOA	system	2
DOA	systems	2
DOA	threat	2
DOA	threats	2
DOA	victim	2
DOA	victims	2
DOA debut	rating	4
DOA debut	ratings	4
DOAS	Open path systems	6
DOAS	additional system	2
DOAS	analyser	2
DOAS	gas analyser	2
DOAS	instrument	2
DOAS	measuring instruments	2
DOAS	passive DOAS systems	2
DOAS	system	10
DOATEC Tritower	conquest	2
DOATEC Tritower	next conquest	2
DOAs	parameter	2
DOAs	parameters	2
DOB	BIRTH	2
DOB	Details	2
DOB	Honours	2
DOB	Keywords	4
DOB	LSD mimics	2
DOB	Player Details	2
DOB	agonist drugs	2
DOB	character	4
DOB	characters	4
DOB	check details	2
DOB	detail	6
DOB	drug	4
DOB	early life	2
DOB	exogenous hallucinogens	2
DOB	hallucinogen	2
DOB	illegal drug	2
DOB	life	2
DOB	meaningful name	2
DOB	mimic	2
DOB	name	2
DOB	new illegal drugs	2
DOB	payment details	4
DOB	problem drugs	2
DOB	record	2
DOB	records	2
DOB	regulatory requirement	2
DOB	regulatory requirements	2
DOB	stage	2
DOB can	LSD	2
DOBANOVCI	YUGOSLAVIA	2
DOBANOVCI	expanded form	20
DOBANOVCI	form	20
DOBBIACO	SKIING	2
DOBBS	Adds	2
DOBBS	WAN	6
DOBBS FERRY	BASEBALL	2
DOBOL	TASK	2
DOBRUS	Toronto	2
DOBSON	Cabinet ministers	2
DOBWALLS ADVENTURE PARK	Contact	2
DOC	CANADIAN EQUITY PREVIEW	2
DOC	DOC zones	2
DOC	Deletes	4
DOC	Document formats	2
DOC	Documents	4
DOC	Industry file formats	2
DOC	PREVIEW	2
DOC	Recent BBS software	2
DOC	Sardinia	2
DOC	Sicily	2
DOC	Source code	2
DOC	Team	2
DOC	Tuscany	2
DOC	White	2
DOC	accepted formats	60
DOC	agency	2
DOC	area	4
DOC	attachment	2
DOC	authority	2
DOC	blend	2
DOC	business	2
DOC	chocolaty flavor in blends	2
DOC	command line operations	2
DOC	comparable document exchange formats	2
DOC	document	4
DOC	documents	4
DOC	dynamic page	4
DOC	export formats support	2
DOC	famous wine areas	4
DOC	feature	2
DOC	file formats	4
DOC	format	80
DOC	formats	4
DOC	high quality white wine	4
DOC	ingredient	2
DOC	inorganic pollutants	2
DOC	law enforcement agency	2
DOC	letter	2
DOC	letters	2
DOC	multiple doc formats	4
DOC	multiple output formats	2
DOC	operation	2
DOC	outdoor safety	2
DOC	page	4
DOC	pollutant	2
DOC	readable format	2
DOC	region	4
DOC	regions	4
DOC	respectable wines	2
DOC	rural fire authority	2
DOC	safety	2
DOC	show	2
DOC	shows	2
DOC	software	2
DOC	support	2
DOC	top quality ingredients	2
DOC	white wine	4
DOC	wine	6
DOC	wines	4
DOC	wines in Sardinia	2
DOC	zone	2
DOC Falerio dei	blend	2
DOC Falerio dei	wine blends	2
DOC QUIT	VIETNAM	2
DOC Session Scope	Papers	2
DOC Taichung	ASSISTED REPRODUCTION METHODS	2
DOC Taichung	METHODS	2
DOC files	code	2
DOC files	malicious code	2
DOC wine producing	Piedmont	2
DOC wine producing	southeastern Piedmont	2
DOCA	Abbreviations	2
DOCA	Aortic rings Abbreviations	2
DOCBOOK	MLs	2
DOCG	DOP	4
DOCG	area	4
DOCG	famous wine areas	4
DOCILITY	JULY	2
DOCK	Venue	4
DOCK CORPORATION	provider	2
DOCKS	JUNE	2
DOCM	document	2
DOCM	documents	2
DOCNYC	US	2
DOCS	body	2
DOCS	enhancement	2
DOCS	system	2
DOCS	systems	2
DOCS	third party enhancements	2
DOCS	welfare bodies	2
DOCS chain	group	6
DOCS chain	join groups	6
DOCSIS	advanced services	2
DOCSIS	deployment	2
DOCSIS	feature	2
DOCSIS	future technologies	2
DOCSIS	implementation	2
DOCSIS	implementations	2
DOCSIS	next generation features	2
DOCSIS	platform	2
DOCSIS	protocol	2
DOCSIS	protocols	2
DOCSIS	service	4
DOCSIS	services	2
DOCSIS	technologies	2
DOCSIS	technology	4
DOCSIS upgrades	adjustment	2
DOCSIS upgrades	make adjustments	2
DOCTOR	ADDICT	2
DOCTOR	ART-NYT DRUG PITCHMEN	2
DOCTOR	Adds	2
DOCTOR	DANIEL JOHN MELIA	2
DOCTOR	EDITORS	2
DOCTOR	English language	2
DOCTOR	INFECTION-NYT ATTN EDITORS	2
DOCTOR	MELIA	2
DOCTOR	MICHAEL PALMER	4
DOCTOR	PALMER	4
DOCTOR	PITCHMEN	2
DOCTOR	language	4
DOCTOR	languages	2
DOCTOR JEKYLL	Aka	2
DOCTOR MABUSE	Aka	2
DOCTOR Taipei	60-YEAR-OLD	2
DOCTOR Taipei	CAN HELP TEENAGERS	2
DOCTOR Taipei	CHRONIC HEPATITIS B	2
DOCTOR Taipei	DISEASE	2
DOCTOR Taipei	DO NOT MIX	2
DOCTOR Taipei	HEPATITIS B	2
DOCTOR Taipei	HEREDITY	2
DOCTOR Taipei	INVASIVE DISEASE	2
DOCTOR Taipei	MINOR SURGERY	2
DOCTOR Taipei	MIX	2
DOCTOR Taipei	MONITOR	2
DOCTOR Taipei	OLD	2
DOCTOR Taipei	RELATED TO HEREDITY	2
DOCTOR Taipei	SURGERY	2
DOCTOR Taipei	TEENAGERS	2
DOCTOR Taipei	WONDERFUL HEALTH MONITOR	2
DOCTOR Taipei	WORLD	2
DOCTOR ZHIVAGO	film	2
DOCTOR ZHIVAGO	films	2
DOCTOR ZHIVAGO	movie	2
DOCTOR ZHIVAGO	movies	2
DOCTOR'S JUDGMENT	MEDICINE	4
DOCTOR-PATIENT RELATIONSHIP	KEYWORDS	2
DOCTORS	Adds	2
DOCTORS	BUDGET LINE	2
DOCTORS	CANONICAL THEMES http	4
DOCTORS	COMMENTARY	4
DOCTORS	ESSAY	4
DOCTORS	F MEDICAL MARKET	2
DOCTORS	FACILITIES	2
DOCTORS	GAWANDE-COLUMN-NYT COMMENTARY	2
DOCTORS	LINE	2
DOCTORS	MARKET	6
DOCTORS	MEDICAL MARKET	2
DOCTORS	News Service MEDICAL MARKET	2
DOCTORS	RELATED FACILITIES	2
DOCTORS	RETURNS	6
DOCTORS	http	4
DOCTORS	section	2
DOCTORS	sub sections	2
DOCTORS CAN OFFER	HEALTH	2
DOCTORS CAN OFFER	PERSONAL HEALTH	2
DOCTORS Merck	COMMENTARY	2
DOCTORS Taipei	DISCOMFORT	2
DOCTORS Taipei	EYE DISCOMFORT	2
DOCTORS Taipei	HEALTH	2
DOCTORS Taipei	WELL	2
DOCTORS Taoyuan County	HEALTH HAZARD	2
DOCTORS Taoyuan County	NEW HOUSES A HEALTH HAZARD	2
DOCTORS in Manchester	LEAD	2
DOCTRINE	ANTITRUST DILEMMA	4
DOCTRINE	DILEMMA	4
DOCTRINE	DTIC Keywords	4
DOCTRINE	Keywords	6
DOCTRINE	Peifer DTIC Keywords	2
DOCTRINE	VIGILANT WARRIOR	2
DOCTRINE	WARRIOR	2
DOCTRINE	heading	4
DOCTRINE	just two headings	4
DOCUMENT	INFORMATION	2
DOCUMENT	PUBLIC INFORMATION	2
DOCUMENT EXCHANGE NUMBER	BUSINESS TELEPHONE NUMBER	2
DOCUMENT EXCHANGE NUMBER	TELEPHONE NUMBER	2
DOCUMENTA EVER KASSEL	AGENDA	2
DOCUMENTAIRE	IMAGE	2
DOCUMENTAIRE	LA CAMPAGNE IMAGE	2
DOCUMENTARIES	ABC Bicycle Racing	2
DOCUMENTARIES	Basketball	2
DOCUMENTARIES	ESPN Golf	2
DOCUMENTARIES	Golf	2
DOCUMENTARIES	Racing	2
DOCUMENTARIES	TBS Basketball	2
DOCUMENTARY	ABC Bicycle Racing	2
DOCUMENTARY	Basketball	2
DOCUMENTARY	ESPN ESPN2 Basketball	2
DOCUMENTARY	Figure Skating	2
DOCUMENTARY	RUSSIA	6
DOCUMENTARY	Racing	2
DOCUMENTARY	SALVO IN RUSSIA	6
DOCUMENTARY	WGN Figure Skating	2
DOCUMENTARY MAKING	NEWS	4
DOCUMENTATION	MATERIALS	2
DOCUMENTATION	PRODUCTS	2
DOCUMENTATION	WEBSTAR PRODUCTS	2
DOCUMENTS	ACTIVITIES	2
DOCUMENTS	ARCHIVES Borthwick Institute	2
DOCUMENTS	ART-NYT EXHIBITION REVIEW	2
DOCUMENTS	ATTACHMENT	4
DOCUMENTS	ATTACHMENTS Text	2
DOCUMENTS	CONSUMERS' DAILY ACTIVITIES	2
DOCUMENTS	HOLOCAUST	2
DOCUMENTS	IMAGE	2
DOCUMENTS	Institute	2
DOCUMENTS	LA CAMPAGNE IMAGE	2
DOCUMENTS	REVIEW	2
DOCUMENTS	Text	2
DOCUMENTS	based financing	2
DOCUMENTS	finance	2
DOCUTAH Film Festival	attraction	2
DOCUTAH Film Festival	cultural attractions	2
DOCX	attachment	2
DOCX	document	2
DOCX	documents	2
DOCX	file types	2
DOCX	following formats	2
DOCX	format	2
DOCX	type	2
DOCfile	proposal	2
DOCfile	proposals	2
DOCs	resource	2
DOCs	resources	2
DOD	Entomology	2
DOD	Government agencies	2
DOD	TFOCA	2
DOD	US Government agencies	2
DOD	USG agencies	2
DOD	agencies	48
DOD	agency	50
DOD	authority	2
DOD	civilian federal agencies	2
DOD	establishment	2
DOD	federal agencies	6
DOD	federal agency	8
DOD	federal funding sources	2
DOD	funding source	2
DOD	global organizations	2
DOD	government agencies	4
DOD	government agency	4
DOD	military establishment	2
DOD	organization	2
DOD	player	2
DOD	players	2
DOD	regulatory authorities	2
DOD Agencies	federal agencies	2
DOD Agencies	federal agency	2
DOD FX	effect	2
DOD FX	effects	2
DOD Map Pack	Daily Downloads	2
DOD Map Pack	Downloads	2
DOD Science	Thing	2
DOD civilian	personnel	2
DOD components	federal agencies	2
DOD components	federal agency	2
DOD contractor personnel	personnel	2
DOD field activities	office	2
DOD field activities	offices	2
DODAF	framework	2
DODDER	uncertain walk	2
DODDER	walk	2
DODDIER	sulky	2
DODDIEST	sulky	2
DODECANESE	CYCLADES	4
DODECANESE	Skiros CYCLADES	2
DODECANESE	Skyros CYCLADES	2
DODGE	Notice	8
DODGE	Paid Notice	8
DODGE	Robert	2
DODGE	author	2
DODGE	same author	2
DODGE MAXXCAB	ADVENTURES IN SPACE	2
DODGE MAXXCAB	SPACE	2
DODGEMS	Subject	2
DODGEMS	Topic	2
DODGEMS	jumptheunderground Topic	2
DODGERS LOOK	COLUMN	4
DODGEVILLE	feature	2
DODGEVILLE	following features	2
DODI	BIG BANG	30
DODOMA	Swiss clinic	2
DODOMA	clinic	2
DODOcase	start-up ventures	2
DODOcase	venture	2
DOE	10-Year Contracts	4
DOE	ACTION	24
DOE	Action	14
DOE	Contracts	4
DOE	Departments will	2
DOE	Federal agencies	2
DOE	Government agencies	2
DOE	Grid initiatives	2
DOE	MinAtom	2
DOE	RAPE	8
DOE	US Government agencies	2
DOE	US federal servers	2
DOE	agencies	4
DOE	agency	6
DOE	area	2
DOE	central government	4
DOE	civilian federal agencies	2
DOE	countries	2
DOE	country	2
DOE	faucet	2
DOE	faucets	2
DOE	federal agencies	4
DOE	federal agency	6
DOE	funding bodies	2
DOE	funding body	2
DOE	government source	2
DOE	government sources	2
DOE	initiative	2
DOE	institution	2
DOE	institutions	2
DOE	international safety agencies	2
DOE	organization	4
DOE	organizations	2
DOE	own niche export control regulations	2
DOE	particular system	2
DOE	partner organizations	2
DOE	post	2
DOE	posts	2
DOE	programs in agencies	2
DOE	regulation	2
DOE	safety agency	2
DOE	section	2
DOE	sections	2
DOE	server	4
DOE	system	2
DOE	useful data servers	2
DOE	will	2
DOE Budget Request	on Acronym website	8
DOE Budget Request	website	8
DOE Council	committee	2
DOE Council	committees	2
DOE Department of Energy	group	2
DOE Department of Energy	interagency group	2
DOE Environment	contact	2
DOE Environment	further information contact	2
DOE Go	inventory	8
DOE Go	oil product inventories	8
DOE Industry Profiles	document	2
DOE Industry Profiles	guidance documents	2
DOE Joint Genome	annotation centers	2
DOE Joint Genome	center	2
DOE Laboratories	universities	2
DOE Laboratories	university	2
DOE Programs	DOE contractors	2
DOE Programs	contractor	2
DOE Road Safety	event	2
DOE Submeasure	funding bodies	2
DOE Submeasure	funding body	2
DOE national laboratory	site	2
DOE programme	funded projects	2
DOE programme	project	2
DOE reorganization	Senate bill	4
DOE's Office	agencies	2
DOE's Office	agency	2
DOE's agreement	detail	2
DOE's agreement	details	2
DOEN Foundation	impact investing	2
DOEN Foundation	invest	2
DOES NOTHING MATTER	COMMENTARY	2
DOET	homologue	4
DOET	shorter chain homologues	2
DOET	shorter homologues	2
DOF	Bank Loans	4
DOF	Float	4
DOF	In-House Bank Loans	4
DOF	Int'l Bond Float	4
DOF	possible	2
DOFASCO	CANADIAN EQUITY PREVIEW	6
DOFASCO	PREVIEW	6
DOFASCO	companies	2
DOFASCO	company	2
DOFAW	Contacts	2
DOG	Adds	2
DOG	BOOKS COMMENTARY	2
DOG	CHINESE STATUS SYMBOL SHANGHAI	2
DOG	COMMENTARY	8
DOG	CRAZE-NYT ATTN EDITORS	2
DOG	Collaboration	6
DOG	E BOOKS COMMENTARY	2
DOG	EDITORS	2
DOG	POLITICAL SATIRE IN YEARS	4
DOG	REAL PICNIC ROSTER	4
DOG	ROSTER	4
DOG	SAID	2
DOG	SHANGHAI	2
DOG	STATUES	2
DOG	Signs	2
DOG	THING	2
DOG	U K COMMENTARY	2
DOG	YEARS	4
DOG	brand	2
DOG	exhibition	2
DOG	following steps	2
DOG	multiple brands	2
DOG	show	2
DOG	shows	2
DOG	something	2
DOG	step	2
DOG	thing	2
DOG FOOD	ANIMAL PROTEIN	2
DOG FOOD	PROTEIN	2
DOG FOOD OAT PORRIDGE	witch hunt	2
DOG SHOW English Springer Spaniel	Ch	2
DOG SHOW Springer Spaniel	An English springer spaniel	2
DOG SHOW Springer Spaniel	springer spaniel	2
DOG'S LIFE	witch hunt	2
DOG-BODYARMOR	Adds	2
DOG-CAMP	Adds	4
DOGC	white wine	2
DOGC	white wines	2
DOGE	code	2
DOGE	database	2
DOGE	multidisciplinary databases	2
DOGFOOD	Adds	2
DOGG	CDS	2
DOGG	CDs	4
DOGG	CRITIC'S CHOICE RAP CDs	4
DOGG	NEW CDS	2
DOGG	star	2
DOGG	stars	2
DOGGETT	Adds	2
DOGIT communities	mission reserves	2
DOGIT communities	reserve	2
DOGNY	project	2
DOGNY	projects	2
DOGORIJO	ina	2
DOGS	Adds	2
DOGS	CHRISTMAS	2
DOGS	COMMENTARY	8
DOGS	Deletes	4
DOGS	Forecasters	2
DOGS	I love animals	2
DOGS	IDL prompt	2
DOGS	INTRUDERS	2
DOGS	MOVIES	2
DOGS	RAIN FORECASTS Forecasters	2
DOGS	S SPORTS COMMENTARY	2
DOGS	SHEEP DOGS	2
DOGS	SPORTS COMMENTARY	2
DOGS	STUDY	2
DOGS	Title	2
DOGS	XXX COMMENTARY	2
DOGS	animal	2
DOGS	pet	2
DOGS	pets	2
DOGS	prompt	2
DOGS	topics	4
DOGS Dr	species	2
DOGS FEEL GOOD	COMMENTARY	2
DOGS FEEL GOOD	SPORTS COMMENTARY	2
DOGS-DRESS	Adds	4
DOGS-NODRESS	Adds	4
DOGUBEYAZIT	Friday	4
DOGUBEYAZIT	Saturday	4
DOGUBEYAZIT	Top European news stories Friday	4
DOGUBEYAZIT	Top European news stories Saturday	4
DOGs	mess	2
DOH	Links	2
DOH	Related External Links	2
DOH	government agencies	8
DOH	government agency	12
DOH	government department	4
DOH	government departments	4
DOH	reason	2
DOH	reasons	2
DOH	related government agencies	2
DOH	source	2
DOH	sources	2
DOH Geneva	DEVELOPING FLU VACCINE	2
DOH Geneva	FLU VACCINE	2
DOH HEAD Taipei	BID	2
DOH HEAD Taipei	CANCER RISKS	2
DOH HEAD Taipei	GROUNDWATER INCREASES CANCER RISKS	2
DOH HEAD Taipei	TAIWAN'S WHO BID	2
DOH HEAD Taipei	WORLD	2
DOH HEAD Taipei	YEAR	2
DOH Kinmen	MONITORING	2
DOH Kinmen	SELF-HEALTH MONITORING	2
DOH MINISTER Taipei	COOPERATION	2
DOH MINISTER Taipei	HEALTH CARE COOPERATION	2
DOH OFFICIAL Geneva	D EFFORTS	2
DOH OFFICIAL Geneva	EFFORTS	2
DOH OFFICIAL Taipei	BEEF IMPORT BAN	2
DOH OFFICIAL Taipei	BID	2
DOH OFFICIAL Taipei	EU-SPONSORED SARS RESEARCH PROGRAMS	2
DOH OFFICIAL Taipei	IMPORT BAN	2
DOH OFFICIAL Taipei	ON WHO MEMBERSHIP BID	2
DOH OFFICIAL Taipei	RESEARCH PROGRAMS	2
DOH REPORT Taipei	CIGARETTES TO MINORS	2
DOH REPORT Taipei	DO REGULAR EXERCISE	2
DOH REPORT Taipei	EXERCISE	2
DOH REPORT Taipei	MINORS	2
DOH SURVEY Taipei	BLUES	2
DOH SURVEY Taipei	FOREIGN SPOUSES	2
DOH SURVEY Taipei	NEW GARBAGE CLASSIFICATION POLICY	2
DOH SURVEY Taipei	POLICY	2
DOH SURVEY Taipei	SPOUSES	2
DOH Taipei	AFLATOXINS	2
DOH Taipei	AIDS IN TAIWAN	2
DOH Taipei	ALLY'S HEALTH CARE	2
DOH Taipei	ARRIVE IN TAIWAN	2
DOH Taipei	ASIA	2
DOH Taipei	AVIAN FLU-FIGHTING DRILL	2
DOH Taipei	Asia	4
DOH Taipei	BEEF IMPORT BAN	2
DOH Taipei	BIRD FLU	2
DOH Taipei	BRAZILIAN ORIGIN SAFE	2
DOH Taipei	Barthel testing	2
DOH Taipei	Beijing	4
DOH Taipei	CANADIAN BEEF IMPORTS	2
DOH Taipei	CENTER	2
DOH Taipei	CHRONIC DISEASES DROP	2
DOH Taipei	CLINICAL TEST CENTER	2
DOH Taipei	CONTROL	2
DOH Taipei	CRABS	2
DOH Taipei	Canadian meat products in Taiwan	4
DOH Taipei	China	6
DOH Taipei	Chinese medical credentials	4
DOH Taipei	Chinese tourists due	2
DOH Taipei	DAYS	2
DOH Taipei	DECADE	2
DOH Taipei	DECADES	2
DOH Taipei	DECEMBER	2
DOH Taipei	DISORDER	2
DOH Taipei	DRILL	2
DOH Taipei	DROP	2
DOH Taipei	DRUG ADDICTS IN TAIWAN	2
DOH Taipei	DRUG INJURY RELIEF	2
DOH Taipei	DYE	2
DOH Taipei	EASING	2
DOH Taipei	ENTEROVIRUS OUTBREAK EASING	2
DOH Taipei	EPIDEMIC	2
DOH Taipei	EXCESSIVE AFLATOXINS	2
DOH Taipei	EXCHANGES	2
DOH Taipei	FACE STEEP FINES	2
DOH Taipei	FALSE CLAIMS	2
DOH Taipei	FINES	4
DOH Taipei	FIRST TIME IN DECADE	2
DOH Taipei	FLU	4
DOH Taipei	FLU VACCINE	2
DOH Taipei	FMD EPIDEMIC	2
DOH Taipei	FORMULA	2
DOH Taipei	FRUIT	2
DOH Taipei	GARBAGE	2
DOH Taipei	GMP SYSTEM	2
DOH Taipei	HAIRY CRABS	2
DOH Taipei	HEALTH CARE	2
DOH Taipei	HEALTH EXCHANGES	2
DOH Taipei	IMPORT BAN	2
DOH Taipei	IMPORTS	6
DOH Taipei	INFANT FORMULA	2
DOH Taipei	JOIN SUICIDE PREVENTION EFFORTS	2
DOH Taipei	JULY	2
DOH Taipei	JURISDICTION OVER TAIWAN	2
DOH Taipei	June	2
DOH Taipei	KILLER	2
DOH Taipei	LAW	2
DOH Taipei	MARKET	4
DOH Taipei	MAY FACE FINES	2
DOH Taipei	MINUTES IN TAIWAN	2
DOH Taipei	NATIONS	2
DOH Taipei	NEXT TWO WEEKS	2
DOH Taipei	NEXT YEAR	2
DOH Taipei	NHI reform bill	4
DOH Taipei	ON CANADIAN BEEF IMPORTS	2
DOH Taipei	ON FLU VACCINE	2
DOH Taipei	ON RISE	2
DOH Taipei	OPPORTUNITY IN ASIA	2
DOH Taipei	Oct	4
DOH Taipei	Office	2
DOH Taipei	PAP SMEAR TESTS	2
DOH Taipei	PEAK SEASON	2
DOH Taipei	PEANUT BUTTER	2
DOH Taipei	PEOPLE	2
DOH Taipei	PEOPLE'S HEALTH RIGHTS	2
DOH Taipei	PLACE	2
DOH Taipei	POPULATION IN STORAGE	2
DOH Taipei	PORK IMPORTS	2
DOH Taipei	PREVENTION EFFORTS	2
DOH Taipei	PRODUCE TAMIFLU	2
DOH Taipei	PROGRAM BEARS FRUIT	2
DOH Taipei	PROMINENT PLACE	2
DOH Taipei	PROMOTING MEDICAL TOURISM	2
DOH Taipei	Presidential Office	2
DOH Taipei	QUAKE	2
DOH Taipei	RARE DISORDER	2
DOH Taipei	RELIEF	2
DOH Taipei	RIGHTS	2
DOH Taipei	RISE	6
DOH Taipei	SAFE	8
DOH Taipei	SARS	2
DOH Taipei	SARS SUPPLIES SUFFICIENT	2
DOH Taipei	SMEAR TESTS	2
DOH Taipei	SOFT DRINKS SAFE	4
DOH Taipei	SPINACH	2
DOH Taipei	STORAGE	2
DOH Taipei	SUFFICIENT	2
DOH Taipei	SYSTEM	2
DOH Taipei	TAIWAN	14
DOH Taipei	TAIWAN MARKET	4
DOH Taipei	TAIWAN'S TOP KILLER	2
DOH Taipei	TAMIFLU	2
DOH Taipei	THROUGH TRANSFUSION	2
DOH Taipei	TOURISM	2
DOH Taipei	TRANSFUSION	2
DOH Taipei	Tainan	2
DOH Taipei	Taiwan	10
DOH Taipei	Thursday	4
DOH Taipei	UNDER CONTROL	2
DOH Taipei	VIAGRA	2
DOH Taipei	WEEKS	2
DOH Taipei	Western exams	4
DOH Taipei	YEAR	2
DOH Taipei	YOUNGSTERS	2
DOH Taipei	alert level	4
DOH Taipei	assessment	4
DOH Taipei	beef imports	4
DOH Taipei	betel nut	2
DOH Taipei	bill	4
DOH Taipei	case in Beijing	4
DOH Taipei	check	4
DOH Taipei	child	4
DOH Taipei	choking in children	4
DOH Taipei	crab	4
DOH Taipei	credential	4
DOH Taipei	criterion	2
DOH Taipei	decade	4
DOH Taipei	disadvantaged girls	2
DOH Taipei	due	2
DOH Taipei	exam	4
DOH Taipei	face fines	2
DOH Taipei	false claim	2
DOH Taipei	false claims	2
DOH Taipei	family	2
DOH Taipei	fine	2
DOH Taipei	flu	2
DOH Taipei	flu vaccine	4
DOH Taipei	food product	2
DOH Taipei	food production	4
DOH Taipei	formula	2
DOH Taipei	free flu vaccines	4
DOH Taipei	girl	2
DOH Taipei	global visibility	4
DOH Taipei	hairy crabs	4
DOH Taipei	health insurance premiums	2
DOH Taipei	human	2
DOH Taipei	humans	2
DOH Taipei	illegal	2
DOH Taipei	immunization program	2
DOH Taipei	import	8
DOH Taipei	in-house assessments	4
DOH Taipei	increase	6
DOH Taipei	infant formula	2
DOH Taipei	infant product	2
DOH Taipei	insurance premium	2
DOH Taipei	insured	2
DOH Taipei	level	6
DOH Taipei	machine	2
DOH Taipei	male babies illegal	2
DOH Taipei	market	2
DOH Taipei	medical research	2
DOH Taipei	meet inspection criteria	2
DOH Taipei	meeting	2
DOH Taipei	mid-June	2
DOH Taipei	month	2
DOH Taipei	national average	2
DOH Taipei	needle-vending machines	2
DOH Taipei	next cross-strait meeting	2
DOH Taipei	next decade	4
DOH Taipei	next week	4
DOH Taipei	on betel nuts	2
DOH Taipei	on food products	2
DOH Taipei	past	6
DOH Taipei	penalties	2
DOH Taipei	penalty	2
DOH Taipei	permissible levels	2
DOH Taipei	place	2
DOH Taipei	pork imports	4
DOH Taipei	premium increase	6
DOH Taipei	product	2
DOH Taipei	program	2
DOH Taipei	provided beginning Oct	4
DOH Taipei	public places	2
DOH Taipei	rigorous checks	4
DOH Taipei	seasonal flu	2
DOH Taipei	second in Asia	4
DOH Taipei	suicide	2
DOH Taipei	surveillance	2
DOH Taipei	tainted food	2
DOH Taipei	task force	4
DOH Taipei	test	2
DOH Taipei	translational medical research	2
DOH Taipei	under surveillance	2
DOH Taipei	vaccine	4
DOH Taipei	vaccines	2
DOH Taipei	visibility	4
DOH Taipei	week	4
DOH Taipei	year	2
DOH Washington	RUSH	2
DOH head Taipei	cheat	4
DOH minister Taipei	China	4
DOH poll Taipei	smoke	2
DOH poll Taipei	smoking	2
DOH said	displayed SARS symptoms	6
DOH said	symptom	6
DOH's Tainan Hospital	Tainan area	2
DOH's Tainan Hospital	area	2
DOHA	000-dollar bonus	2
DOHA	28-30 dollars a barrel	2
DOHA	48-hour ultimatum	2
DOHA	ATHLETICS	24
DOHA	Abdullah	2
DOHA	Afghanistan opium	2
DOHA	Al-Qaeda operative in Iraq	4
DOHA	Americans in Iraq	2
DOHA	Arab states	2
DOHA	Arab summit	2
DOHA	Arafat's HQ	2
DOHA	Asiad	8
DOHA	Asian Games	2
DOHA	Asian Games swimming	4
DOHA	Asian football	2
DOHA	Australia-Domestic Final GOLF	4
DOHA	Backgrounder	4
DOHA	Baghdad	14
DOHA	Baghdad attack	2
DOHA	Baghdad blast	4
DOHA	Bali	4
DOHA	Bank	4
DOHA	Baqura massacre	2
DOHA	Basra	10
DOHA	Beijing Olympics	2
DOHA	British hostages	2
DOHA	COMMENTARY	4
DOHA	CYCLING	10
DOHA	Chalabi	4
DOHA	Chechen leader	2
DOHA	China	4
DOHA	DR Congo conflict	2
DOHA	Darfur	2
DOHA	Darfur accord Tuesday	4
DOHA	Deadline	2
DOHA	Doha	6
DOHA	Doha Asiad	4
DOHA	Doha theatre blast	2
DOHA	EADS stake	2
DOHA	EDITORS	16
DOHA	Eds	6
DOHA	Erica Bulman TENNIS	2
DOHA	Eritea	2
DOHA	Europe's gas needs	2
DOHA	FEATURES	4
DOHA	FINANCE	2
DOHA	Fallujah	2
DOHA	Final Football	2
DOHA	Football	14
DOHA	Format in Washington	2
DOHA	Franks visits Baghdad	2
DOHA	GCC	2
DOHA	GCC security accord	2
DOHA	GCC-EU accord	2
DOHA	GOLF	38
DOHA	Games	6
DOHA	Gaza	2
DOHA	Gaza air strike	2
DOHA	Gaza war	4
DOHA	Guard	2
DOHA	Gulf	4
DOHA	Gulf charter	2
DOHA	HQ	2
DOHA	Haifa attack	2
DOHA	Hilla	4
DOHA	IRAQ	2
DOHA	Iran	2
DOHA	Iraq	92
DOHA	Iraq intervention	2
DOHA	Iraq militants	2
DOHA	Iraqi cities	2
DOHA	Iraqi city	2
DOHA	Iraqi defense minister	2
DOHA	Iraqi diplomat	2
DOHA	Iraqi minister	2
DOHA	Iraqi national guardsmen	2
DOHA	Iraqi officer	2
DOHA	Iraqi opposition	2
DOHA	Iraqi police station	2
DOHA	Iraqi warplanes	2
DOHA	Islamic Summit	2
DOHA	Islamic financial system	2
DOHA	Islamic group	2
DOHA	Israel	8
DOHA	Israel's occupation	2
DOHA	Issue	2
DOHA	Italian hostage in Iraq	2
DOHA	Jang	2
DOHA	January	2
DOHA	Jenin refugee camp	2
DOHA	Jewish emigrants	2
DOHA	Jordanian drivers hostage	2
DOHA	July	2
DOHA	June	6
DOHA	Khartoum	2
DOHA	Kuwait	2
DOHA	Laden interview	2
DOHA	Lebanon crisis talks	2
DOHA	London Stock Exchange	2
DOHA	MENA Bank	2
DOHA	Macedonian	4
DOHA	Macedonians	4
DOHA	Madrid bombings	2
DOHA	March	2
DOHA	Meeting	4
DOHA	Middle East in June	4
DOHA	Mideast settlement	2
DOHA	Mideast talks	2
DOHA	Ministerial Meeting	4
DOHA	Mosul	22
DOHA	Mosul Tuesday	2
DOHA	Municipal Elections	2
DOHA	Net	2
DOHA	New Deadline	2
DOHA	OIC summit	2
DOHA	OPEC oil output cut	2
DOHA	OPEN	4
DOHA	Olympic example	2
DOHA	Olympics	4
DOHA	Open Results Eds	4
DOHA	Overnight clashes in Ramadi	2
DOHA	Pakistan	2
DOHA	Pakistani hostages in Iraq	4
DOHA	Palestinian dispute	2
DOHA	Palestinian factions	2
DOHA	Palestinian ministries	2
DOHA	Polish woman hostage	4
DOHA	QATAR OPEN	4
DOHA	Qatar	2
DOHA	Qatar Open results	2
DOHA	Qatar in July	2
DOHA	Qatar murder case	2
DOHA	Qatar's Municipal Elections	2
DOHA	Qatar-Israel cooperation	2
DOHA	Qatari	2
DOHA	Qataris	2
DOHA	Ramadi	2
DOHA	Republican Guard	2
DOHA	Russian agents	2
DOHA	SOCCER	6
DOHA	Saddam exile	4
DOHA	Saudi	2
DOHA	Sistani's honor	2
DOHA	South Korea Football	4
DOHA	Sovereign Issue	2
DOHA	Summit	2
DOHA	Sunday	2
DOHA	Syria	2
DOHA	Syria despite tension	2
DOHA	TENNIS	32
DOHA	Tennis	2
DOHA	Tikrit	4
DOHA	Tripoli embassy	6
DOHA	Tuesday	8
DOHA	Turkish hostages	4
DOHA	UN	4
DOHA	UN resolution	2
DOHA	UN workers	2
DOHA	US allies	2
DOHA	US diplomat	2
DOHA	US economy	2
DOHA	US missile	2
DOHA	Vietnam Football	2
DOHA	WTO	4
DOHA	Washington	2
DOHA	Wednesday	2
DOHA	West Bank	2
DOHA	World Court arbitration	2
DOHA	accord	6
DOHA	after Doha attack	4
DOHA	after Gulf Arab summit	2
DOHA	after Qatar mediation	2
DOHA	agenda	2
DOHA	agent	2
DOHA	agreement	2
DOHA	air strike	2
DOHA	alleged spy	2
DOHA	ally	2
DOHA	arbitration	2
DOHA	attack	18
DOHA	attack Darfur	2
DOHA	back Mideast media freedom	2
DOHA	barrel	2
DOHA	based drivers	2
DOHA	based drivers in Iraq	2
DOHA	blast	6
DOHA	bomb	2
DOHA	bombardment	8
DOHA	bombing	4
DOHA	bonus	2
DOHA	border shooting	2
DOHA	car bomb	2
DOHA	car bombing	4
DOHA	ceiling	4
DOHA	charter	2
DOHA	city	4
DOHA	claim Kabul car bombing	4
DOHA	coalition	2
DOHA	coalition forces	6
DOHA	competitive Arab economy	2
DOHA	conflict	4
DOHA	cooperation	2
DOHA	crash	4
DOHA	crisis	6
DOHA	cruise missile	2
DOHA	cruise missiles	2
DOHA	cut	2
DOHA	deal ending crisis	6
DOHA	death	4
DOHA	defense minister	2
DOHA	demand	4
DOHA	demo	2
DOHA	destination	4
DOHA	destruction	2
DOHA	development	2
DOHA	diplomat	4
DOHA	diplomatic tie	2
DOHA	diplomatic ties	2
DOHA	dispute	2
DOHA	dollar	2
DOHA	dollar peg	2
DOHA	dollars	2
DOHA	dope testing	2
DOHA	driver	2
DOHA	driving up oil prices	2
DOHA	early June	2
DOHA	early March	2
DOHA	economy	4
DOHA	embassy	6
DOHA	emigrant	2
DOHA	end free trade obstacles	2
DOHA	example	2
DOHA	exile	4
DOHA	exile in Iran	2
DOHA	experts' time in Iraq	2
DOHA	explosion	2
DOHA	export	2
DOHA	faction	2
DOHA	failure	2
DOHA	fight	2
DOHA	fighter	2
DOHA	fighting force	2
DOHA	financial system	2
DOHA	football	2
DOHA	footballer	2
DOHA	force	6
DOHA	forces arrest fighters	2
DOHA	forces in Mosul	2
DOHA	foreign school in Doha	4
DOHA	fourth time in Mosul	2
DOHA	freedom	2
DOHA	good	2
DOHA	group	4
DOHA	guardsman	6
DOHA	helicopter crash	4
DOHA	hinder coalition	2
DOHA	hold	2
DOHA	hold Italian hostage	2
DOHA	home	2
DOHA	honor	2
DOHA	hostage	18
DOHA	hotel	2
DOHA	hours	6
DOHA	humanitarian roles	2
DOHA	impasse in Fallujah	2
DOHA	increase production	4
DOHA	initiative	2
DOHA	initiatives	2
DOHA	interest	8
DOHA	intervention	4
DOHA	interview	2
DOHA	island	2
DOHA	islands	2
DOHA	job	2
DOHA	jobs	2
DOHA	join Asian Games	2
DOHA	joining GCC	2
DOHA	journalist	4
DOHA	kill hostages	2
DOHA	killing	2
DOHA	launch Asian Games	2
DOHA	launch single currency	4
DOHA	leader	4
DOHA	life	8
DOHA	likely Sunday	2
DOHA	limited destruction	2
DOHA	long-term bases in Iraq	2
DOHA	longer effective fighting force	2
DOHA	looting	2
DOHA	loud explosions	2
DOHA	lucky place	2
DOHA	map	8
DOHA	massacre	2
DOHA	mediation	2
DOHA	mediators' demands	2
DOHA	meet	4
DOHA	meet in Doha	2
DOHA	meeting	6
DOHA	militant	2
DOHA	military actions in Iraq	2
DOHA	military capability	2
DOHA	minister	2
DOHA	ministry	2
DOHA	missile	2
DOHA	missing journalists	4
DOHA	mission in Iraq	2
DOHA	month	2
DOHA	months	2
DOHA	move	2
DOHA	murder case	2
DOHA	national guard	2
DOHA	national guards	2
DOHA	national guardsmen	4
DOHA	nationality	2
DOHA	near Mosul	2
DOHA	need	2
DOHA	negotiation	2
DOHA	negotiations	2
DOHA	new demand	2
DOHA	new trade round Eds	2
DOHA	next week	2
DOHA	northern Iraqi city Mosul	2
DOHA	obstacle	2
DOHA	occupation	2
DOHA	off Qatari footballers	2
DOHA	offer	2
DOHA	officer	2
DOHA	oil exports	2
DOHA	oil price	2
DOHA	on Baghdad hotel	2
DOHA	on Basra	2
DOHA	on Iraq	10
DOHA	on Mideast conflict	2
DOHA	on Mosul	2
DOHA	on OPEC agenda	2
DOHA	on US interests	2
DOHA	on Wednesday	2
DOHA	on currency move	2
DOHA	on hold	2
DOHA	on map	8
DOHA	on power transfer	2
DOHA	on pro-Palestinian demo	2
DOHA	on security	2
DOHA	on world map	2
DOHA	opium	2
DOHA	opposition	2
DOHA	out Doha attack	4
DOHA	out Israeli attack	2
DOHA	own development	2
DOHA	partner in Israel	4
DOHA	peace	2
DOHA	peace process	2
DOHA	peg	2
DOHA	place	2
DOHA	plot	2
DOHA	police station	2
DOHA	prime minister	2
DOHA	production ceiling	4
DOHA	proposal	4
DOHA	pullout	2
DOHA	question	2
DOHA	questioning	2
DOHA	quit Iraq	2
DOHA	quota	6
DOHA	quotas	6
DOHA	raid over Mosul	2
DOHA	refugee camp	2
DOHA	rejects British proposals	4
DOHA	release Somali hostage	2
DOHA	research institute	2
DOHA	resistance	2
DOHA	resolution	2
DOHA	result	2
DOHA	return home	2
DOHA	role	2
DOHA	ruler	2
DOHA	rulers	2
DOHA	same ceiling	2
DOHA	second group	2
DOHA	security	2
DOHA	settlement	2
DOHA	share research institute	2
DOHA	shooting	2
DOHA	shot dead in Iraq	4
DOHA	show killing	2
DOHA	shut in Baghdad	2
DOHA	sign agreement	2
DOHA	single currency	4
DOHA	situation	2
DOHA	slavery	2
DOHA	south Baghdad	2
DOHA	southeast Iraq	2
DOHA	southern Iraq	2
DOHA	spy	4
DOHA	spying	2
DOHA	stake	2
DOHA	stake in London Stock Exchange	2
DOHA	state	4
DOHA	still win Asiad	2
DOHA	stop peace process	2
DOHA	strike US interests	6
DOHA	summit	8
DOHA	supply problem	4
DOHA	surgery	4
DOHA	surrender	4
DOHA	swimming	4
DOHA	taken hostage in Iraq	4
DOHA	talk	4
DOHA	tcm	2
DOHA	telephone	2
DOHA	tension	2
DOHA	terror attacks	2
DOHA	test	2
DOHA	third state	2
DOHA	total failure	2
DOHA	toward Baghdad	2
DOHA	transfer	2
DOHA	truce	2
DOHA	truce offer	2
DOHA	ultimatum	2
DOHA	under bombardment	6
DOHA	under fresh bombardment	2
DOHA	urgent OIC intervention	2
DOHA	us	2
DOHA	venue TBA Football	2
DOHA	version	2
DOHA	wanted Iraqi leaders	2
DOHA	war	4
DOHA	warplane	2
DOHA	week	2
DOHA	winning gold in Asiad	2
DOHA	woman	4
DOHA	women	4
DOHA	worker	2
DOHA	world economy	4
DOHA	world map	2
DOHA	world's best	2
DOHA	worry Syria	2
DOHA	year	4
DOHA	years	4
DOHA Declaration	field	2
DOHA Declaration	related fields	2
DOHA results DOHA	Tennis	2
DOHC	Engine	2
DOHC	Engine type	2
DOHC	Honda tech pages	2
DOHC	Mechanism	2
DOHC	Powertrain	4
DOHC	Rod	2
DOHC	System	2
DOHC	V-Rod	2
DOHC	Valve Mechanism	2
DOHC	Valvetrain	6
DOHC	engine	2
DOHC	engines	2
DOHC	feature	2
DOHC	innovative features	2
DOHC	new Northstar System	2
DOHC	page	2
DOHC	type	2
DOHC Porsche engine	powerplants	2
DOHC VTEC Engine	displacement	2
DOHUK	Iraq	2
DOHUK	refugee camp in Iraq	2
DOI	BIBLINK	2
DOI	Department of the Interior Alternative Title	8
DOI	Keywords	2
DOI	OpenURL	4
DOI	Resource type	2
DOI	Sea of Marmara	2
DOI	Title	8
DOI	advanced features	2
DOI	alpha-numeric string	2
DOI	article	2
DOI	based identifiers	2
DOI	feature	2
DOI	further investigation	2
DOI	hallucinogen	4
DOI	hallucinogens	2
DOI	identifier	4
DOI	identifiers	2
DOI	initiative	2
DOI	investigation	2
DOI	location	2
DOI	locations	2
DOI	numeric string	2
DOI	related phenethylamine hallucinogens	2
DOI	resolver initiatives	2
DOI	resource	2
DOI	resources	2
DOI	scheme	2
DOI	specific article	2
DOI	type	2
DOI Library Industry	Book Industry Identifier	2
DOI Library Industry	Identifier	2
DOI code	identifier	2
DOI code	key identifiers	2
DOI names	identifier	2
DOI names	persistent identifiers	2
DOI number	file types	2
DOI number	type	2
DOI system	area	2
DOI system	areas	2
DOI-CODI holding	institution	2
DOI-CODI holding	repressive institutions	2
DOIG	hot art stardom	2
DOIG	stardom	2
DOING BETTER	EDITORIAL	2
DOING NOTHING BAL HARBOUR	ACTIVITY	2
DOING NOTHING BAL HARBOUR	DOLE'S FAVORITE VACATION ACTIVITY	2
DOING WORK	HEALTH	2
DOING WORK	PERSONAL HEALTH	2
DOITPOMS	materials technology	2
DOITPOMS	technology	2
DOIs	electronic resources	4
DOIs	resource	4
DOIs	thing	2
DOIs	things	2
DOJ	Cnet Technorati Tags	2
DOJ	MICROSOFT	2
DOJ	Tags	2
DOJ	United States	2
DOJ	acronym	8
DOJ	acronyms	8
DOJ	collector	2
DOJ	federal agencies	2
DOJ	federal agency	2
DOJ	government	2
DOJ	guidance	2
DOJ	intelligence collectors	2
DOJ	senior guidance	2
DOJ blinks	Manila Times	2
DOJ blinks	Times	2
DOJ brief	instance	2
DOJ brief	instances	2
DOJ comments	Eds	2
DOJ comments	Northrop Grumman Eds	2
DOJ criminalists	peace officer	2
DOJ criminalists	peace officers	2
DOJ investigating BofA	Report	2
DOJ officials	operational persons	2
DOJ officials	person	2
DOKAKA	Japanese artists	2
DOKAKA	artist	2
DOKAN	MAIN SPOT NEWS	8
DOKAN	SPOT NEWS	8
DOKAN	expanded form	2
DOKAN	form	2
DOKfilm	Produktion	2
DOL	MAIN SPOT NEWS	6
DOL	SPOT NEWS	6
DOL	agencies	2
DOL	agency	2
DOL	club representatives	2
DOL	expanded form	4
DOL	form	4
DOL	government regulatory agencies	2
DOL	member	2
DOL	regulatory agency	2
DOL	representative	2
DOLBY	area	2
DOLCE	ontologies	2
DOLCE	ontology	2
DOLCE	repository	2
DOLE	BUSH-BACKED CANDIDATES WIN	4
DOLE	COMMENTARY	44
DOLE	Countries	4
DOLE	ECONOMY	4
DOLE	EDITORIAL	6
DOLE	LEAD	2
DOLE	New York Times News Service COMMENTARY	12
DOLE	R K COMMENTARY	6
DOLE	R P COMMENTARY	6
DOLE	R W COMMENTARY	4
DOLE	Times News Service COMMENTARY	2
DOLE	U K COMMENTARY	2
DOLE	U K EDITORIAL	2
DOLE	WAN	4
DOLE	WIN	4
DOLE	acting i COMMENTARY	2
DOLE	add	2
DOLE	adds	2
DOLE	following sidebars	2
DOLE	sidebar	2
DOLE	slogan	2
DOLE	slogans	2
DOLE	social partner	2
DOLE	social partners	2
DOLE FOOD	EQUITY PREVIEW	4
DOLE FOOD	PREVIEW	4
DOLE LEAD	FAMILY TIES	2
DOLE'S KANSAS YEARS RUSSELL	LIFE	4
DOLE'S KANSAS YEARS RUSSELL	POLITICAL LIFE	4
DOLE-CAMPAIGN	campaign stories	4
DOLE-CAMPAIGN	story	4
DOLE-DONATIONS	Adds	2
DOLGELLAU	Address	6
DOLGELLAU	Contact Address	6
DOLL collectors	LEAD	2
DOLLAR	ADD	2
DOLLAR	BEARS	2
DOLLAR	DEBT	6
DOLLAR	F LDC DEBT	2
DOLLAR	FED'S NEXT MOVE	2
DOLLAR	FRANC-FRANCE	4
DOLLAR	FRANCE	4
DOLLAR	LDC DEBT	4
DOLLAR	MARKETS	184
DOLLAR	MOVE	2
DOLLAR	WAN	4
DOLLAR	WEDNESDAY'S EUROPEAN MARKETS	8
DOLLAR	WEDNESDAY'S MARKETS	8
DOLLAR ADVANCE	MARKETS	10
DOLLAR ADVANCE New York	MARKETS	2
DOLLAR ALL DECLINE	MARKETS	4
DOLLAR ALL DROP	ON WALL STREET	4
DOLLAR ALL DROP	STREET	4
DOLLAR ALL FALL	MARKETS	4
DOLLAR ALL RETREAT	MARKETS	4
DOLLAR ALL RISE	MARKETS	4
DOLLAR ALL SLIDE	MARKETS	4
DOLLAR BABY	cinematic spoofs	2
DOLLAR BABY	spoof	2
DOLLAR BOOST BONDS	FRIDAY'S EUROPEAN MARKETS	4
DOLLAR BOOST BONDS	MARKETS	4
DOLLAR DECLINE	MARKETS	14
DOLLAR DECLINE	TUESDAY'S EUROPEAN MARKETS	2
DOLLAR DECLINE London	MARKETS	2
DOLLAR DECLINE London	TUESDAY'S EUROPEAN MARKETS	2
DOLLAR DECLINE New York	MARKETS	8
DOLLAR DOWN New York	MARKETS	4
DOLLAR DROPS	MARKETS	4
DOLLAR DROPS New York	MARKETS	4
DOLLAR END	MARKETS	8
DOLLAR FALL	EUROPEAN MARKETS	2
DOLLAR FALL	F EUROPEAN MARKETS	2
DOLLAR FALL	MARKETS	104
DOLLAR FALL New York	MARKETS	48
DOLLAR FALLS	MARKETS	10
DOLLAR FALLS New York	MARKETS	14
DOLLAR FALLS VS	MARKETS	4
DOLLAR GAIN	MARKETS	36
DOLLAR GAIN New York	MARKETS	10
DOLLAR GAINS	MARKETS	12
DOLLAR GAINS New York	MARKETS	8
DOLLAR GENERAL LEAD INDEX	F TENNESSEE STOCKS	4
DOLLAR GENERAL LEAD INDEX	News Service TENNESSEE STOCKS	2
DOLLAR GENERAL LEAD INDEX	STOCKS	8
DOLLAR GENERAL LEAD INDEX	TENNESSEE STOCKS	2
DOLLAR HITS STOCKS	EUROPEAN MARKETS	2
DOLLAR HITS STOCKS	MARKETS	2
DOLLAR HURTS STOCKS	MARKETS	4
DOLLAR HURTS STOCKS	TUESDAY'S EUROPEAN MARKETS	4
DOLLAR JUMPS	MARKETS	4
DOLLAR PLUMMETS	MARKETS	8
DOLLAR PLUNGE	MARKETS	4
DOLLAR PLUNGE New York	MARKETS	4
DOLLAR RALLIES	MARKETS	4
DOLLAR RALLY	MARKETS	10
DOLLAR RALLY New York	MARKETS	6
DOLLAR REBOUND	MARKETS	2
DOLLAR REBOUND New York	MARKETS	2
DOLLAR RETREAT	MARKETS	2
DOLLAR RETREAT New York	MARKETS	2
DOLLAR RISE	MARKETS	174
DOLLAR RISE	THURSDAY'S MARKETS	2
DOLLAR RISE New York	MARKETS	66
DOLLAR RISE New York	THURSDAY'S MARKETS	2
DOLLAR RISES	FRIDAY'S EUROPEAN MARKETS	4
DOLLAR RISES	MARKETS	28
DOLLAR RISES New York	MARKETS	12
DOLLAR SINK	MARKETS	2
DOLLAR SINK New York	MARKETS	2
DOLLAR SLIDE	MARKETS	4
DOLLAR SLIDE New York	MARKETS	6
DOLLAR SLIDES	MARKETS	2
DOLLAR SLIDES New York	MARKETS	2
DOLLAR SLIP	MARKETS	8
DOLLAR SLIP New York	MARKETS	4
DOLLAR SLIPS	MARKETS	4
DOLLAR SLIPS New York	MARKETS	6
DOLLAR SLUMP	MARKETS	8
DOLLAR SLUMP	WEDNESDAY'S MARKETS	2
DOLLAR SLUMP New York	MARKETS	2
DOLLAR SOAR	MARKETS	8
DOLLAR SOAR New York	MARKETS	2
DOLLAR STEADY	MARKETS	16
DOLLAR STEADY	TUESDAY'S MARKETS	2
DOLLAR STEADY New York	MARKETS	12
DOLLAR STEADY New York	TUESDAY'S MARKETS	2
DOLLAR SURGES	MARKETS	10
DOLLAR SURGES New York	MARKETS	2
DOLLAR TREE	STOCKS	8
DOLLAR TREE LEAD INDEX	STOCKS	4
DOLLAR TUMBLE New York	MARKETS	2
DOLLAR TUMBLES	MARKETS	8
DOLLAR TUMBLES	MONDAY'S MARKETS	8
DOLLAR UP New York	MARKETS	6
DOLLAR-COINS-REVIEW	add	2
DOLLAR-COINS-REVIEW	final budget adds	2
DOLLAR-SIZE WELCOMES	CIPRIANI	2
DOLLAR-SIZE WELCOMES	D HARRY CIPRIANI	2
DOLLAR-SIZE WELCOMES NEW YORK	CIPRIANI	2
DOLLAR-SIZE WELCOMES NEW YORK	HARRY CIPRIANI	2
DOLLARS	BRADY	4
DOLLARS	Bee editorial EDITORIAL	2
DOLLARS	DOLLARSBUT NOCHANGEFOR BRADY	4
DOLLARS	EDITORIAL	4
DOLLOP	maximum parsimony	2
DOLLOP	parsimony	2
DOLLY	DAY	2
DOLLY	MOVING DAY	2
DOLLY	RITA	2
DOLLY PARTON	famous hollywood stars	2
DOLLY PARTON	star	2
DOLLY PAST	BRIEFS	4
DOLLY PAST	LATIN BUSINESS BRIEFS	4
DOLLY POLITICS ELECT	Deletes	2
DOLLY SENDS OIL	BRIEFS	4
DOLLY SENDS OIL	LATIN BUSINESS BRIEFS	4
DOLLx	driver	2
DOLLx	specific drivers	2
DOLOR	ALTERNATES	2
DOLORES SNYDER	LEAD	2
DOLPHIN OFFENSES	OTE	2
DOLPHIN OFFENSES	X-N OTE	2
DOLPHINS	Adds	8
DOLPHINS	ON WRITING	4
DOLPHINS	WRITING	4
DOLPHINS SINKING	COMMENTARY	2
DOLPHINS SINKING	SPORTS COMMENTARY	2
DOLPHINS' PLAYGROUND Kekova	ANTALYA	2
DOLPHINS' PLAYGROUND Kekova	KAS TO ANTALYA	2
DOM	AJAX	2
DOM	APIs	2
DOM	Amphetamines	2
DOM	C specifications	2
DOM	C technologies	2
DOM	DJI	6
DOM	HAMBURG	2
DOM	Hurdles	2
DOM	Keywords	2
DOM	Richie's autobiography	2
DOM	So	2
DOM	Web	4
DOM	Web technologies	2
DOM	XML	6
DOM	XML parsing	2
DOM	access	2
DOM	active reservoir	2
DOM	application	2
DOM	approach	2
DOM	approaches	2
DOM	autobiography	2
DOM	complex JavaScript applications	2
DOM	component	2
DOM	components	2
DOM	data access	2
DOM	definition	2
DOM	definitions	2
DOM	drug	2
DOM	drugs	2
DOM	following XML technologies	2
DOM	higher-level APIs	2
DOM	homologue	4
DOM	m Hurdles	2
DOM	new web technologies	4
DOM	object structure	2
DOM	on all things web design	2
DOM	parsing	2
DOM	phenethylamines	2
DOM	programming language	2
DOM	related technologies	2
DOM	reservoir	2
DOM	see	2
DOM	shorter chain homologues	2
DOM	shorter homologues	2
DOM	specification	4
DOM	specifications	2
DOM	standard	10
DOM	standards	2
DOM	structure	2
DOM	technique	6
DOM	techniques	6
DOM	technology	16
DOM	time	2
DOM	tree technologies	2
DOM	web design	2
DOM	web standards	8
DOM	web technologies	2
DOM Inspector	advanced Web development	2
DOM Inspector	built-in tools	2
DOM Inspector	development	2
DOM Inspector	helpful options	2
DOM Inspector	option	2
DOM Inspector	tool	2
DOM Interfaces	Presto	2
DOM Interfaces	support in Presto	2
DOM document	client	4
DOM event handlers	function	2
DOM event handlers	functions	2
DOM inspector	component	2
DOM inspector	individual components	2
DOM level	Flash developers	2
DOM level	developer	2
DOM needs version	interwoven model	2
DOM needs version	model	2
DOM viewer	IDE	2
DOM viewer	tool	2
DOM viewer	tools	2
DOM-manipulations	feature	2
DOM-manipulations	features	2
DOMA	Marriage	2
DOMAIN	WAN	6
DOMAIN	object	2
DOMAIN	objects	2
DOMAIN	site	2
DOMAIN	sites	2
DOMAIN-DATA	Adds	2
DOMAN	JUNK BONDS	8
DOMAN	R F JUNK BONDS	4
DOMCO	CANADIAN EQUITY PREVIEW	6
DOMCO	PREVIEW	6
DOMEO	service	2
DOMEO	services	2
DOMESTIC	Adding	2
DOMESTIC INCOMPETENCE	NINETIES	2
DOMESTIC LIFE	on situation comedies	2
DOMESTIC LIFE	situation comedy	2
DOMESTIC PARTNERS Hewitt Associates	FIRMS	2
DOMESTIC PETS	animal	2
DOMESTIC SECURITY Dearborn	MICHIGAN	2
DOMESTIC SPATS	FILM REVIEW	6
DOMESTIC SPATS	ROOMS' FILM REVIEW	6
DOMESTIC VIOLENCE	HATE CRIME	2
DOMESTIC violence	cause	2
DOMESTIQUE	SPORTS COLUMN	2
DOMException	Examples	2
DOMFERMELING	form	2
DOMFERMELING	forms	2
DOMIER	dome	4
DOMIER	domes	4
DOMIEST	dome	4
DOMIEST	domes	4
DOMILL	organisation	2
DOMILL	organisations	2
DOMINANCE	ADVERTISING	4
DOMINANCE	MEDIA NOTES	4
DOMINANCE	NOTES	4
DOMINATION	AFRICA	8
DOMINATION	EUROPE'S LEGACY IN AFRICA	8
DOMINGO	161-Day Strike	2
DOMINGO	20-State Security Conference	2
DOMINGO	ABC	2
DOMINGO	AIDS Virus	4
DOMINGO	Accident	4
DOMINGO	Accord Stirs Debate	4
DOMINGO	Adults	4
DOMINGO	Airplane's Black Box	2
DOMINGO	American	2
DOMINGO	Americans	2
DOMINGO	Area	2
DOMINGO	Arrest	2
DOMINGO	Arrests	2
DOMINGO	Arrests Top Education Officials	6
DOMINGO	Associated Press DOMINICAN REPUBLIC	4
DOMINGO	BASEBALL	20
DOMINGO	Bacteria	2
DOMINGO	Balaguer	4
DOMINGO	Ban Drug Money Laundering	2
DOMINGO	Bank	2
DOMINGO	Be Let Out	2
DOMINGO	Bid	2
DOMINGO	Black Box	2
DOMINGO	Bloch	4
DOMINGO	Boats	2
DOMINGO	Boeing Crash	2
DOMINGO	Break Strike	4
DOMINGO	Bus Fares	4
DOMINGO	Businessman's Death	2
DOMINGO	CONCACAF	2
DOMINGO	Care	2
DOMINGO	Caribbean	2
DOMINGO	Caribbean Series	4
DOMINGO	Chief Demands A Fair Trial	4
DOMINGO	China	2
DOMINGO	Clean Election	4
DOMINGO	Cliff	2
DOMINGO	Close Embassy In Hong Kong	6
DOMINGO	Coast	2
DOMINGO	Cocaine	6
DOMINGO	Company	2
DOMINGO	Conference	2
DOMINGO	Considered Drug Transshipment Point	2
DOMINGO	Crash	6
DOMINGO	Crash Site	4
DOMINGO	Crash Victims	2
DOMINGO	Crashes	2
DOMINGO	Critic's Disappearance	2
DOMINGO	Cuba	2
DOMINGO	Cuban	4
DOMINGO	Cuban Pitchers	2
DOMINGO	Cubans	4
DOMINGO	DOMINICAN REPUBLIC	6
DOMINGO	DRepublic	4
DOMINGO	Death	2
DOMINGO	Debate	4
DOMINGO	Democracy	2
DOMINGO	Democracy in Latin America	2
DOMINGO	Disappearance	2
DOMINGO	Doctors	2
DOMINGO	Dominican	2
DOMINGO	Dominican Presidents Meet	4
DOMINGO	Dominican Republic	8
DOMINGO	Dominican Republic strike	4
DOMINGO	Dominicans	2
DOMINGO	Drives Off Cliff	2
DOMINGO	Early Lead in Presidential Race	6
DOMINGO	Economy	2
DOMINGO	Education Officials	6
DOMINGO	Election	4
DOMINGO	Election Campaign Violence	2
DOMINGO	Election Observers	2
DOMINGO	Elections	8
DOMINGO	Energy Crisis In Dominican Republic	2
DOMINGO	FEATURES	4
DOMINGO	FINANCE	4
DOMINGO	FRA-Laporte World Cup qualifiers CONCACAF	2
DOMINGO	FREEDIVING	2
DOMINGO	Face Insurance Fraud Charges	2
DOMINGO	Fair Trial	4
DOMINGO	Fees	2
DOMINGO	First Quarter	4
DOMINGO	Foreign Election Observers	2
DOMINGO	Foreign Investors	2
DOMINGO	Foreign Minister Says	2
DOMINGO	Form Dream Team	4
DOMINGO	Fraud Charges	2
DOMINGO	Game	2
DOMINGO	Government Services	4
DOMINGO	Haiti	4
DOMINGO	Haiti's Democracy	2
DOMINGO	Haitian	2
DOMINGO	Haitian-Dominican border	2
DOMINGO	Home	6
DOMINGO	Homeland	4
DOMINGO	Hong Kong	6
DOMINGO	Ihithisham Kamardeen OLYMPICS	4
DOMINGO	Illegal Migrants	4
DOMINGO	Importing	2
DOMINGO	Jail	2
DOMINGO	Journalist	2
DOMINGO	LIVES	8
DOMINGO	La Victoria National Prison	4
DOMINGO	Latin America	2
DOMINGO	Latinoamericano's President	4
DOMINGO	Linked To Cocaine Shipment	2
DOMINGO	List	2
DOMINGO	MAIN SPOT NEWS	8
DOMINGO	Made Public	8
DOMINGO	Market	6
DOMINGO	Meet	4
DOMINGO	Meetings	2
DOMINGO	Mexico	6
DOMINGO	Miami	2
DOMINGO	Migrant Boats	2
DOMINGO	Migrant Smuggling	2
DOMINGO	Migrants	6
DOMINGO	Minnesota Twins	4
DOMINGO	Money Laundering	2
DOMINGO	Monitors	2
DOMINGO	Mourners	2
DOMINGO	Net	2
DOMINGO	New Ambassador To Haiti	4
DOMINGO	New Elections	4
DOMINGO	New President	2
DOMINGO	Newspaper	2
DOMINGO	Night Drug Raids	6
DOMINGO	OLYMPICS	4
DOMINGO	Officials	2
DOMINGO	Oil in Southeast	2
DOMINGO	On Tax Evaders	4
DOMINGO	Opposition	2
DOMINGO	Opposition Candidate	2
DOMINGO	Opposition Journalist	2
DOMINGO	Out	2
DOMINGO	Overdue Customs Fees	2
DOMINGO	Ozone	2
DOMINGO	PUBLIC LIVES	8
DOMINGO	Palace	2
DOMINGO	Papers	2
DOMINGO	Party's Presidential Campaign	2
DOMINGO	Passports	2
DOMINGO	Percent	4
DOMINGO	Percent in First Quarter	4
DOMINGO	Pitchers	2
DOMINGO	Plane Crash	2
DOMINGO	Ploy	2
DOMINGO	Point	2
DOMINGO	Polls	2
DOMINGO	Posh Resort	2
DOMINGO	Poverty	2
DOMINGO	Power Outages	2
DOMINGO	Pre-Election Ploy	2
DOMINGO	Prehistoric Bacteria	2
DOMINGO	President	6
DOMINGO	Presidential Bid	2
DOMINGO	Presidential Campaign	2
DOMINGO	Presidential Candidate	2
DOMINGO	Presidential Candidate Protests Arrests	2
DOMINGO	Presidential Candidates in Tie	2
DOMINGO	Presidential Election	2
DOMINGO	Presidential Primary	2
DOMINGO	Presidential Race	6
DOMINGO	Primary	2
DOMINGO	Prison	4
DOMINGO	Problems in Homeland	2
DOMINGO	Proposal	2
DOMINGO	Protest	2
DOMINGO	Protest Higher Bus Fares	4
DOMINGO	Protest Power Outages	2
DOMINGO	Public	8
DOMINGO	Puerto Rico-Bound Cargo Plane Crashes	2
DOMINGO	Puerto Rico-Dominican Republic Game	2
DOMINGO	Raids	6
DOMINGO	Rail	2
DOMINGO	Release Papers	2
DOMINGO	Report	2
DOMINGO	Resort	2
DOMINGO	Riot In Dominican Republic	2
DOMINGO	Robbers	2
DOMINGO	Ruling Party's Presidential Candidate	2
DOMINGO	SPOT NEWS	10
DOMINGO	Sale	2
DOMINGO	Santo Domingo robbery	2
DOMINGO	Says	2
DOMINGO	Sea	2
DOMINGO	Selling Fake Passports	2
DOMINGO	Series	4
DOMINGO	Services	4
DOMINGO	Settle Presidential Election	2
DOMINGO	Sex Market	6
DOMINGO	Shipment	2
DOMINGO	Smuggling	2
DOMINGO	Sonny' Bloch	4
DOMINGO	Southeast	2
DOMINGO	Spain	2
DOMINGO	Stakes	2
DOMINGO	Streets	4
DOMINGO	Strike	6
DOMINGO	Strikes	4
DOMINGO	Striking Doctors	2
DOMINGO	Support Opposition	2
DOMINGO	Suspected Robbers	2
DOMINGO	Swiss	2
DOMINGO	Swiss Company	2
DOMINGO	TOP STORIES	4
DOMINGO	Tax Evaders	4
DOMINGO	Team	4
DOMINGO	Third Largest Bank	2
DOMINGO	Tie	2
DOMINGO	Trinidad And Tobago	4
DOMINGO	Twins	4
DOMINGO	Under Arrest	2
DOMINGO	United States	4
DOMINGO	Vacations	2
DOMINGO	Venezuela	2
DOMINGO	Victory Over Mexico	2
DOMINGO	Violence	2
DOMINGO	Virus	4
DOMINGO	Welcome International Monitors	2
DOMINGO	Wins Carib Stakes	2
DOMINGO	Years	2
DOMINGO	affect Caribbean Sea	2
DOMINGO	border	2
DOMINGO	case MAIN SPOT NEWS	2
DOMINGO	category codes	8
DOMINGO	code	8
DOMINGO	death in Dominican Republic	2
DOMINGO	ex-minister in Dominican Republic	2
DOMINGO	expanded form	2
DOMINGO	form	2
DOMINGO	on Election Observers List	2
DOMINGO	on Privatization Proposal	2
DOMINGO	on Southern Coast	2
DOMINGO	poll	2
DOMINGO	pregnant teen DRepublic	4
DOMINGO	presidential poll	2
DOMINGO	restaurant	2
DOMINGO	restaurants	2
DOMINGO	robbery	2
DOMINGO	strike	4
DOMINGO	undocumented Haitians	2
DOMINGO MARTINEZ	prospect	2
DOMINGO MARTINEZ	prospects	2
DOMINGOS	Casamance separatists	2
DOMINGOS	separatist	2
DOMINIC MONAGHAN	hobbit	2
DOMINIC MONAGHAN	hobbits	2
DOMINICA-TRAVEL CoxNet Cox News Service	Adds	2
DOMINICAN GREAT COMMUNICATOR SANTO DOMINGO	FERNANDEZ	2
DOMINICAN GREAT COMMUNICATOR SANTO DOMINGO	LEONEL FERNANDEZ	2
DOMINICAN IMMIGRANT STUDY	GROUPS	2
DOMINICAN IMMIGRANT STUDY	IMMIGRANT GROUPS	2
DOMINICAN REPUBLIC PLAYA BAVARO	WYG	2
DOMINICAN REPUBLIC Samana	CARIBBEAN ESCAPE	2
DOMINICAN REPUBLIC Samana	ESCAPE	2
DOMINICAN-NEW PRESIDENCY SANTO DOMINGO	FINANCE	4
DOMINICANREP	see	2
DOMINION	EQUITY PREVIEW	4
DOMINION	PREVIEW	4
DOMINION TEXTILE	CANADA EQUITY PREVIEW	4
DOMINION TEXTILE	PREVIEW	4
DOMINIQUE LABELLE	singer	2
DOMINIQUE LABELLE	singers	2
DOMINO EFFECT LINCOLN	NEBRASKA PASSERS	2
DOMINO EFFECT LINCOLN	PASSERS	2
DOMINOES	TROUBLE	8
DOMIZIA	CYCLING	4
DOMMART	marriage	2
DOMMART	marriages	2
DOMOTEX Middle East	Vertical industry events	2
DOMOTEX Middle East	event	2
DOMPU	Indonesia	4
DOMParser	APIs	2
DOMS	National Guard operations	2
DOMS	course	2
DOMS	operation	2
DOMS	postgraduate courses	2
DOMTOMs	non-metropoliton territories	2
DOMTOMs	territory	2
DOMUS	architectural journals	2
DOMUS	journal	2
DOMUS GROUP	Right	2
DOMUS Software	LOMA conference	2
DOMUS Software	conference	2
DOMs	overseas possessions	2
DOMs	possession	2
DON	POTPOURRI	4
DON	PUNDIT'S POTPOURRI	4
DON	Trichothecenes	2
DON	analogue	2
DON	contaminant	4
DON	food contaminants	4
DON	glutamine analogues	2
DON	persona	6
DON	trichothecenes	2
DON	virtual personas	6
DON DRYSDALE	LEAD	2
DON FOSTER	Interview	2
DON JOHNSTON	LEAD	2
DON JUAN	Subsequent productions	2
DON JUAN	film	2
DON JUAN	films	2
DON JUAN	production	2
DON MIGUEL Publisher	Author	2
DON MIGUEL Publisher	PERSONAL FREEDOM Author	2
DON McCULLIN	war photographer	2
DON PEPPERS	LEAD	2
DON Phillips	Buck's Free Press	2
DON Phillips	Press	2
DON Publisher	Author	2
DON Publisher	HEAVEN Author	2
DON WOLFENSBERGER	EDITOR'S NOTE	4
DON WOLFENSBERGER	NOTE	4
DON ZIMMER	SPORTS COLUMN	8
DON ZIMMER	U S SPORTS COLUMN	2
DON'TS	AUDITIONS	4
DON'TS	GIFTS	4
DON'TS	HOLIDAY BUSINESS GIFTS	4
DONA JULIA VICTORIA	Notice	2
DONA JULIA VICTORIA	Paid Notice	2
DONAHUE	PHOTO	28
DONALD	Abbreviations	2
DONALD	Adolescents Abbreviations	2
DONALD	African-American congressmen	2
DONALD	Notice	6
DONALD	Paid Notice	6
DONALD	congressman	2
DONALD	type	4
DONALD BLOMQVIST	Reference	2
DONALD BYRNE	LEAD	2
DONALD PETERSEN	out	2
DONALD PETERSEN	turn out	2
DONALD RUMSFELD	NEWS	2
DONALD WEERAWARANA	Author	2
DONALDDUCK-ARTIST	Deletes	4
DONALDSON	LEAD	2
DONALDSON	night	2
DONALDSON	on Monday night	2
DONATELL	coach	2
DONATELL	new coaches	2
DONATELLA VERSACE	surprise	2
DONATION	Adds	2
DONATION	HEALTH	2
DONATION	com PERSONAL HEALTH	2
DONATIONS	Adds	2
DONATIONS TO PUBLICITY	CAN OFFER	2
DONATIONS TO PUBLICITY	OFFER	2
DONAUWOERTH	order	8
DONAUWOERTH	orders	8
DONCASTER	CONTACT	2
DONCASTER	Eds	2
DONCASTER	HORSE RACING	4
DONCASTER	Leger Eds	2
DONCASTER	RACING	4
DONE	Adds	4
DONE	Bee editorial COMMENTARY	2
DONE	CITY OFFICIAL HERNANDEZ LAWYER	2
DONE	COMMENTARY	2
DONE	LAWYER	2
DONE	MOVIES	4
DONE	R E MOVIES	2
DONE	mail	2
DONE	management style	2
DONE	piano	4
DONE	value	2
DONE	values	2
DONE Adrenalin	drug	2
DONEGAL	FEATURES	2
DONETSK	Ukraine mine	2
DONETSK	Ukraine mine blast	10
DONETSK	after UEFA Cup defeat	2
DONETSK	after Ukraine mine blast	4
DONETSK	after blast	2
DONETSK	after capture	2
DONETSK	blast	16
DONETSK	capture	2
DONETSK	defeat	2
DONETSK	mine	2
DONG	Inclusive design in industry	2
DONG	company	2
DONG	incorrect strings	8
DONG	industry	2
DONG	multinational pharmaceutical companies	2
DONG	string	8
DONG Energy	North Sea	4
DONG Energy	companies	2
DONG Energy	company	2
DONG Energy	power producer	2
DONG Energy	producer	2
DONG HA	BRIDGE	2
DONGHAE	MAIN SPOT NEWS	4
DONGHAE	SPOT NEWS	4
DONGHAE	category codes	4
DONGHAE	code	4
DONINGTON	AUTO RACING	2
DONINGTON	CYCLING	2
DONINGTON	EDS	2
DONINGTON	MOTOR CYCLING	2
DONINGTON	MOTORCYCLE RACING	18
DONINGTON	MOTORCYCLING	4
DONINGTON	Motorcycling	8
DONINGTON	RACING	20
DONINGTON	Wimbledon-Schedule AFP Motorcycling	2
DONJI PREKAZ	MAIN SPOT NEWS	8
DONJI PREKAZ	SPOT NEWS	8
DONJI PREKAZ	expanded form	4
DONJI PREKAZ	form	4
DONJI VAKUF	GMT news advisory	2
DONJI VAKUF	advisory	2
DONK	arrangement	4
DONKEYS	ANIMALS	4
DONKEYS	ANIMALS-HNS MINIATURE ANIMALS	2
DONKEYS	MINIATURE ANIMALS	2
DONKO	see	2
DONLEA	King's College London Title	2
DONLEA	Title	2
DONN	date	2
DONN	racing dates	2
DONNA KARAN	EQUITY PREVIEW	4
DONNA KARAN	PREVIEW	4
DONNA KARAN HAS	LEAD	2
DONNA KATO	MICKEY MOUSE Source	2
DONNA KATO	Source	2
DONNA McKECHNIE	high-powered theater people	2
DONNA McKECHNIE	people	2
DONNA SUMMER	performer	2
DONNA SUMMER	performers	2
DONNAN	Adds	2
DONNANQANDA	Adds	2
DONNELLON	Notice	2
DONNELLON	Paid Notice	2
DONNELLY	F MICHIGAN STOCKS	8
DONNELLY	MICHIGAN STOCKS	6
DONNELLY	STOCKS	14
DONNER	CANADIAN EQUITY PREVIEW	2
DONNER	PREVIEW	2
DONNIE DARKO	FANTASIES	2
DONNIE DARKO	LEFT-FIELD FANTASIES	2
DONNISH QUIXOTE	ESSAY	2
DONOR	Adds	4
DONOR	PROJECT	2
DONORS	add	2
DONORS	adds	2
DONOVAL	Name	2
DONOVAN	Adds	2
DONOVAN	Willis joins celebrities	2
DONOVAN	celebrity	2
DONT	Comments	2
DONT	treatment	2
DONT	treatments	2
DONTAE ' JONES	player	2
DONTAE ' JONES	players	2
DONUT	WAN	8
DONYA	topic	2
DOODADS	COMMENTARY	2
DOODLES	ART REVIEW	2
DOODLES	REVIEW	2
DOOLOUGH	info	2
DOOM	E TV REVIEWS	2
DOOM	MCs	2
DOOM	METAL VARIETY	2
DOOM	REVIEWS	6
DOOM	TV REVIEWS	4
DOOM	VARIETY	2
DOOM	WAR	2
DOOM	act	2
DOOM	alternative rap acts	2
DOOM	artist	6
DOOM	band	2
DOOM	bands	2
DOOM	confirmed guests	2
DOOM	game	2
DOOM	guest	6
DOOM	guests	4
DOOM	hip-hop artists	2
DOOM	horrible movies	2
DOOM	independent rappers	2
DOOM	indie MCs	2
DOOM	material covers artists	2
DOOM	movie	2
DOOM	myriad hip hop artists	2
DOOM	producer	2
DOOM	producers	2
DOOM	quality in games	2
DOOM	rapper	4
DOOM	rappers	2
DOOM	rd	2
DOOM	up	8
DOOM	ups	8
DOOM CITY	anthology	2
DOOM CITY	cheerful names	2
DOOM CITY	name	2
DOOM CITY	original horror anthologies	2
DOOM III Okay	Reviews	2
DOOM kits	Pharmaceutical waste	2
DOOM kits	waste	2
DOOM-like game	video game	2
DOOM-like game	video games	2
DOONASS	info	2
DOONEGAN	info	2
DOOR	drop file formats	2
DOOR	format	2
DOOR DESIGN	EFFECTIVE SOUNDPROOFING	2
DOOR DESIGN	SOUNDPROOFING	2
DOORINF	drop file formats	2
DOORINF	format	2
DOORN	GALLERY	2
DOORNBUSCH	author	2
DOORNBUSCH	same author	2
DOORS	PALESTINIANS	22
DOORS	formal requirements management systems	2
DOORS	integration tools	2
DOORS	management tools	2
DOORS	requirements management tools	2
DOORS	software tool	2
DOORS	sophisticated software tools	2
DOORS	system	2
DOORS	tool	6
DOORS	tools	4
DOORS	toolset	4
DOORS	words INTERNATIONAL PALESTINIANS	14
DOORS	year	2
DOORS	years	2
DOORUS	info	2
DOORWAYS	WHEELCHAIRS	2
DOOTSON	CONTACT	2
DOP	factor	2
DOP	factors	2
DOP	grade	2
DOP	industry grades	2
DOP	label	2
DOP	letter	2
DOP	letters	2
DOP	petrochemical products	2
DOP	phthalates	2
DOP	product	2
DOP	protected label	2
DOP John Record	board	2
DOP John Record	on board	2
DOP computation	space vehicles	2
DOP computation	vehicle	2
DOPA	PD drugs	2
DOPA	Precursors	2
DOPA	Supplemental Precursors	2
DOPA	agent	2
DOPA	catecholamine	2
DOPA	dopaminergic agents	2
DOPA	drug	4
DOPA	drugs	2
DOPA	influence catecholamines	2
DOPA	medication	2
DOPA	medications	2
DOPA	reaction	2
DOPA	reactions	2
DOPA decarboxylase	dopamine	2
DOPA decarboxylase	synonym	2
DOPA decarboxylase	synonyms	2
DOPA decarboxylase inhibitor	synonym	2
DOPA decarboxylase inhibitor	synonyms	2
DOPA-decarboxylase	insect	2
DOPA-decarboxylase	insects	2
DOPA-oxidase	shell	2
DOPC	Lipids	2
DOPE	diakyl	2
DOPE	electroneutral lipids	2
DOPE	lipid	2
DOPHALIA	say	2
DOPHALIA	saying	2
DOPING	Adds	2
DOPING	COURT	4
DOPING	GERMAN COURT	4
DOPLA	education project	2
DOPLA	language teacher education projects	2
DOPPED	dip	2
DOPPING	dip	2
DOPR	homologue	4
DOPR	shorter chain homologues	2
DOPR	shorter homologues	2
DOPS	CbD	2
DOPS	assessment	6
DOPS	assessments	2
DOPS	based assessments	2
DOPS	school	2
DOR	established methods	4
DOR	method	4
DOR	technique	2
DOR	techniques	2
DORA	New government powers	2
DORA	power	2
DORADAL	DRUG LORD ' S LEGACY	2
DORADAL	LEGACY	2
DORADO	Golf	4
DORADO	Victory	2
DORAEMON gatto spaziale	theme song	2
DORAEMON gatto spaziale	theme songs	2
DORAN	subject area	2
DORAN	whole subject area	2
DORCHESTER	Address	2
DORFMAN	BRIEFS	4
DORFMAN	PERSONAL BUSINESS BRIEFS	4
DORIS	Examples	2
DORIS instrument	Precise Orbit Determination package	2
DORIS instrument	package	2
DORKIN	Writers	2
DORKING Macdonald Hotels	Inns in Surrey	2
DORKING Macdonald Hotels	Surrey	2
DORM-RULES	Has sidebars	2
DORM-RULES	sidebar	2
DORM-TIPS	Has sidebars	2
DORM-TIPS	sidebar	2
DORMANCY	HOBBIES	2
DORMANCY	sons HOBBIES	2
DORMROOMS	Adds	4
DOROTHY	CLOUGH SISTERS	2
DOROTHY	SISTERS	2
DOROTHY LOUDON	performer	2
DOROTHY LOUDON	performers	2
DOROTHY'S RED SLIPPERS MINNEAPOLIS	THEFT	2
DOROTHY'S RED SLIPPERS MINNEAPOLIS	WICKED THEFT	2
DORRED	mock	2
DORRIEN THOMAS	COMMENDATION	2
DORRIEN THOMAS	YEAR COMMENDATION	2
DORRING	mock	2
DORS	mock	2
DORSET	NOTEBOOK	2
DORSET	high NORTHEAST NOTEBOOK	2
DORSET Langtry Manor	Banquets	2
DORSET Langtry Manor	ON-LINE Edwardian Banquets	2
DORTMUND	ATHLETICS	10
DORTMUND	BOXING	10
DORTMUND	Eds	6
DORTMUND	March	2
DORTMUND	Military Helicopter Crash Eds	2
DORTMUND	Net	2
DORTMUND	Pairs	4
DORTMUND	SOCCER	8
DORTMUND	Split Decision Eds	2
DORTMUND	Steve Wilstein SOCCER	2
DORTMUND	Togo lineups Eds	2
DORTMUND	WORLD CHAMPIONSHIPS	2
DORTMUND	factfile	48
DORTMUND	panel in March	2
DOS	83-key keyboard Software	8
DOS	API translator	2
DOS	ASCII	6
DOS	AUDITIONS	4
DOS	AmigaOS	2
DOS	Area of Expertise	2
DOS	BD Qualifications	2
DOS	Bob Ferguson	2
DOS	CRLF	2
DOS	DOS applications	8
DOS	DOS clones	8
DOS	DOS implementations	2
DOS	DOS issues	2
DOS	DOS operating systems	4
DOS	Defragmenting programs	2
DOS	Digital Research DOS family	2
DOS	Digital Research family	8
DOS	Digital Research operating systems	2
DOS	Drivers	4
DOS	Earlier versions	2
DOS	Early PC operating systems	4
DOS	Early operating systems	2
DOS	Exception	2
DOS	Ferguson	2
DOS	File	2
DOS	GIFTS	4
DOS	Gazette	2
DOS	HOLIDAY BUSINESS GIFTS	4
DOS	HX	2
DOS	II	4
DOS	Keywords	4
DOS	Linux Gazette	2
DOS	Microsoft's flagship products	2
DOS	Microsoft's operating systems	2
DOS	Multiple individuals Platform	2
DOS	OS	2
DOS	OS Support	2
DOS	Operating Systems	2
DOS	Operating system	12
DOS	Operating systems	4
DOS	PC	6
DOS	PC operating systems	12
DOS	Platform	8
DOS	Platforms	2
DOS	Price	2
DOS	Qualifications	2
DOS	ROM	2
DOS	SPIEGEL	2
DOS	Software	10
DOS	Strange systems	2
DOS	Support	2
DOS	TECHBASE International Platform	2
DOS	UNIX variants	2
DOS	Under real mode operating systems	2
DOS	Unix-like operating systems	2
DOS	Unlike operating systems	2
DOS	Utrecht	2
DOS	Vista	2
DOS	West-II	4
DOS	Windows Vista	2
DOS	WordPerfect versions	2
DOS	XSET	2
DOS	Z Associates Platform	2
DOS	advanced operating systems	2
DOS	agencies	4
DOS	agency	4
DOS	alternate printer driver	2
DOS	application	20
DOS	applications	4
DOS	based computer system	2
DOS	based environment	2
DOS	based operating systems	6
DOS	based system	4
DOS	based utility	2
DOS	best-selling	2
DOS	bet	2
DOS	business	2
DOS	businesses	2
DOS	client	2
DOS	clients	2
DOS	clone	8
DOS	code	2
DOS	command line interfaces	2
DOS	command-line interface	2
DOS	compatible operating systems	2
DOS	computer	4
DOS	computer operating systems	6
DOS	computer platforms	2
DOS	computer system	6
DOS	computer systems	2
DOS	computers	2
DOS	computing environment	2
DOS	computing platforms	2
DOS	conventional operating system	2
DOS	conventional operating systems	2
DOS	covering platforms	2
DOS	data	2
DOS	day	2
DOS	derivative	2
DOS	derivative systems	2
DOS	derivatives	2
DOS	desktop database formats	2
DOS	device	2
DOS	devices	2
DOS	difference	2
DOS	directory	2
DOS	division	2
DOS	divisions	2
DOS	download old software	2
DOS	driver	2
DOS	earlier Apple II operating systems	2
DOS	early operating systems	2
DOS	emulator	2
DOS	environment	6
DOS	event	2
DOS	example operating systems	2
DOS	existing operating systems	2
DOS	extender	2
DOS	extenders	2
DOS	factor	2
DOS	factors	2
DOS	family	10
DOS	feature	2
DOS	features	2
DOS	few minor differences	2
DOS	file	2
DOS	file name	6
DOS	file systems	4
DOS	follow	2
DOS	following order	2
DOS	following systems	2
DOS	follows	2
DOS	format	8
DOS	formats	4
DOS	guest operating systems	2
DOS	hardware	2
DOS	home formats	2
DOS	home use	2
DOS	host computer	2
DOS	host operating systems	2
DOS	if	2
DOS	implementation	2
DOS	implementations in operating systems	2
DOS	industry platforms	2
DOS	interesting if	2
DOS	interesting products	2
DOS	interface	4
DOS	is legal	2
DOS	issue	2
DOS	keyboard	2
DOS	legal	2
DOS	library	2
DOS	long file names	2
DOS	low end directories	2
DOS	main microcomputer platforms	6
DOS	memory resident applications	2
DOS	multiple operating systems	2
DOS	multiple platforms	6
DOS	name spaces	2
DOS	net Area of Expertise	2
DOS	network	2
DOS	new ROMs	2
DOS	non-GUI environments	2
DOS	non-GUI platform	2
DOS	non-Microsoft DOS systems	4
DOS	non-Microsoft operating system	2
DOS	non-Unix-like operating systems	2
DOS	non-multitasking operating systems	2
DOS	obsolete operating systems	2
DOS	older computing platforms	4
DOS	older operating systems	2
DOS	on ASCII	6
DOS	on a disk operating system	4
DOS	on a network	2
DOS	on operating systems	6
DOS	operating system	240
DOS	operating system environments	2
DOS	operating systems	98
DOS	operating systems treat	2
DOS	option	2
DOS	options	2
DOS	order	2
DOS	outdated system	2
DOS	particular operating systems	2
DOS	partition	2
DOS	partitions	2
DOS	personal computer	4
DOS	personal computer systems	2
DOS	personal computers	4
DOS	plain text	2
DOS	platform	70
DOS	platforms	42
DOS	preferred computing environment	2
DOS	product	10
DOS	products	4
DOS	program	14
DOS	programs	4
DOS	read ASCII text files	2
DOS	real-mode programs	2
DOS	resident programs	2
DOS	retail products	2
DOS	run PC programs	2
DOS	run PC software	2
DOS	run operating systems	2
DOS	s best-selling	2
DOS	sector	2
DOS	segment	2
DOS	segments	2
DOS	shortcoming	2
DOS	shortcomings	2
DOS	simulated hardware	2
DOS	single-task operating systems	2
DOS	soft sectors	2
DOS	software	4
DOS	space	2
DOS	standard	2
DOS	standard C library	2
DOS	standard system	2
DOS	standards	2
DOS	sys	2
DOS	system	44
DOS	systems	20
DOS	systems programs	2
DOS	systems software	2
DOS	task	2
DOS	then current systems	2
DOS	thing	12
DOS	things	6
DOS	time	2
DOS	translator	2
DOS	treat	2
DOS	under Digital Research operating systems	8
DOS	under a host operating system	2
DOS	under operating systems	2
DOS	unlike operating systems	2
DOS	up a few things	6
DOS	use	2
DOS	used command line operating systems	2
DOS	user	2
DOS	utility	4
DOS	variant	2
DOS	version	6
DOS	version window File	2
DOS	versions	2
DOS	very short file names	4
DOS	web page	2
DOS	web pages	2
DOS	whole AmigaOS	2
DOS	widespread operating systems	2
DOS	workalike	2
DOS	working directory in operating systems	2
DOS CARAS	LOS SINDICATOS	4
DOS CARAS	SINDICATOS	4
DOS Chkdsk	tool	2
DOS Chkdsk	tools	2
DOS Edit	editor	4
DOS Edit	editors	2
DOS Edit command	text editor	2
DOS IDIOMAS	COMENTARIO	2
DOS Jeremy Bruestle	Area of Expertise	2
DOS Jeremy Bruestle	edu Area of Expertise	2
DOS Vectrex Emulator	Net	2
DOS XMS Driver	HIMEM	2
DOS applications	specific applications	2
DOS attacks	problem	2
DOS attacks	problems	2
DOS command line	interaction techniques	2
DOS command line	technique	2
DOS command shells	system	2
DOS command shells	systems	2
DOS computers	era	2
DOS device drivers	real mode software	2
DOS device drivers	software	2
DOS emulator	Windows operating system	2
DOS emulator	operating system	2
DOS fdisk	editor	2
DOS fdisk	partition editors	2
DOS games	DOS business software	2
DOS games	business software	2
DOS games	program	2
DOS games	programs	2
DOS games	thing	2
DOS games	things	2
DOS going	package	2
DOS going	packages	2
DOS interface	command prompt	2
DOS interface	prompt	2
DOS issues	thing	2
DOS issues	things	2
DOS losing track	can cause problems	2
DOS losing track	problem	2
DOS memory usage	panel	2
DOS memory usage	panels	2
DOS program	application	2
DOS program	executable application	2
DOS programs	application	2
DOS programs	background	2
DOS programs	based operating systems	2
DOS programs	operating system	2
DOS programs	programs	2
DOS programs BLAST	effects table	2
DOS programs BLAST	table	2
DOS sewing machine programs	work	2
DOS shells	accessory programs	2
DOS shells	program	2
DOS software	DOS clones	2
DOS software	clone	2
DOS support issues	card	2
DOS support issues	cards	2
DOS timer	process	2
DOS timer interrupts	clock	2
DOS timer interrupts	sidereal clocking	2
DOS try	Desktop operating systems	2
DOS try	operating system	2
DOS version	Commander	2
DOS version	Hardware	2
DOS version	Norton Commander	2
DOS version	non-adventure LucasArts titles	2
DOS version	older Microsoft products	4
DOS version	port	2
DOS version	product	4
DOS version	title	2
DOS window opens	quote	2
DOS-Windows	thing	2
DOS-Windows	things	2
DOSAAF	organization	2
DOSAAF	organizations	2
DOSBox	DOS Emulator	2
DOSBox	DOS emulator	6
DOSBox	DOS emulators	2
DOSBox	Emulator	2
DOSBox	MS-DOS emulator	2
DOSBox	Open Source emulation	2
DOSBox	compatibility software	2
DOSBox	emulation	2
DOSBox	emulation software	4
DOSBox	emulator	30
DOSBox	emulators	2
DOSBox	on DOS emulators	2
DOSBox	package	2
DOSBox	platform	2
DOSBox	platforms	2
DOSBox	run in emulators	2
DOSBox	software	6
DOSBox	use DOS emulators	2
DOSBox	virtualization packages	2
DOSBox in order	emulator	2
DOSBox in order	use emulators	2
DOSC	option	2
DOSC	options	2
DOSCO	assets	2
DOSE	EDITORIAL OBSERVER	4
DOSE	OBSERVER	4
DOSE	SPORTS COLUMN	2
DOSE	outfit	2
DOSE	teenage dance outfits	2
DOSEMU	DOS virtualization software	2
DOSEMU	emulator	2
DOSEMU	emulators	2
DOSEMU	package	2
DOSEMU	packages	2
DOSEMU	program	2
DOSEMU	project	2
DOSEMU	projects	2
DOSEMU	similar programs	2
DOSEMU	software	2
DOSEMU-Delopment-team	information	2
DOSEN	ACCUSED	2
DOSEN	SUPERIOR AUTHORITY ACCUSED	2
DOSEmu	emulator	2
DOSH	leading packages	2
DOSH	package	2
DOSKEY	background programs	2
DOSKEY	driver	2
DOSKEY	mouse drivers	2
DOSKEY	program	2
DOSKEY command	function	2
DOSKEY command	useful functions	2
DOST-ESEP Curriculum	student	2
DOST-ESEP Curriculum	students	2
DOSUSB	USB mass storage devices	2
DOSUSB	storage device	2
DOSXYZ	Monte Carlo codes	2
DOSXYZ	code	2
DOSY	D experiments	2
DOSY	diffusion coefficient	2
DOSY	diffusion coefficients	2
DOSY	experiment	2
DOSbox	emulator	2
DOT	AGENCY	4
DOT	ANSWER	2
DOT	COMMENTARY	20
DOT	Example	2
DOT	Fluids	4
DOT	GL AGENCY	4
DOT	TRUCKING	2
DOT	U K COMMENTARY	12
DOT	WAN	2
DOT	agencies	4
DOT	agency	6
DOT	artist	2
DOT	artists	2
DOT	bike	2
DOT	computer code	2
DOT	computer codes	2
DOT	connection	2
DOT	contact	2
DOT	federal agencies	2
DOT	federal agency	2
DOT	following steps	2
DOT	government source	2
DOT	government sources	2
DOT	material	4
DOT	moderate wall contact	2
DOT	old British bikes	2
DOT	organization	2
DOT	organizations	2
DOT	programs in agencies	2
DOT	state agencies	6
DOT	state agency	6
DOT	state government	2
DOT	step	2
DOT DES MOINES	COMMENTARY	4
DOT DOT DOT	artist	2
DOT DOT DOT	artists	2
DOT Files	output	2
DOT Files	readable output	2
DOT HERO trucks	equipment	8
DOT Inspector General	federal agencies	2
DOT Inspector General	federal agency	2
DOT Partnership	LEAD	2
DOT awards	time	2
DOT commissioner	DOT officials	2
DOT commissioner	official	2
DOT going	agency	2
DOT going	see agencies	2
DOT grant	borough	2
DOT negotiators	Connecticut officials	2
DOT negotiators	official	2
DOT requirements	agencies	2
DOT requirements	agency	2
DOT safety compliance	additional services	2
DOT safety compliance	service	2
DOT systems	market	2
DOT-COM VULGARITIES ASIDE	ADVERTISING	8
DOT-COM VULGARITIES ASIDE	U F ADVERTISING	2
DOT-US	WAN	12
DOT-tunnel	shield tunnelling	2
DOTA	game	2
DOTA	multimedia games	2
DOTATOC	pharmaceutical preparations	2
DOTATOC	preparation	2
DOTC	Completion	4
DOTC	Metro Subway	4
DOTC	Subway	4
DOTC Government	Landlines	2
DOTCOM	Adds	4
DOTCOM-BROTHERS	Adds	2
DOTCOM-SURVIVOR	Adds	2
DOTD	Development	2
DOTHAN	BOXING	4
DOTS	ART REVIEW	2
DOTS	REVIEW	2
DOTS	TB control	2
DOTS	breakthrough	4
DOTS	control	2
DOTS	health breakthrough	4
DOTS	market	2
DOTS	marketing	2
DOTS	strategy	2
DOTS tuberculosis treatment	service	2
DOTS tuberculosis treatment	services	2
DOTS-Plus	based treatment programs	2
DOTS-Plus	treatment program	2
DOTTY LYNCH	woman	2
DOTTY LYNCH	women	2
DOTs traffic Webcams	source	2
DOTs traffic Webcams	sources	2
DOUAI	French baby murders	6
DOUAI	Information Office	2
DOUAI	information Tourist Information Office	2
DOUAI	murder	6
DOUALA	expanded form	2
DOUALA	form	2
DOUBLE	BATMAN	2
DOUBLE	KITCHEN	2
DOUBLE	Keywords	2
DOUBLE AGENt	CELL	2
DOUBLE AGENt	CLANCY'S SPLINTER CELL	2
DOUBLE BEDROOMS	BENEFITS	8
DOUBLE COMPLEX	words	2
DOUBLE COMPLEX FUNCTION	result	6
DOUBLE DIPS	DECK	6
DOUBLE DIPS	ON DECK	6
DOUBLE DOSE	SPORTS COLUMN	2
DOUBLE GLAZING ALL FITTED CARPETS	CENTRAL HEATING	2
DOUBLE IMPACT	movie	2
DOUBLE IMPACT	movies	2
DOUBLE OR NOTHING	II	2
DOUBLE OR NOTHING	ORDER II	2
DOUBLE PRECISION	combinations in expressions	4
DOUBLE PRECISION	expression	4
DOUBLE PRECISION	form	2
DOUBLE PRECISION	keyword form	2
DOUBLE PRECISION	words	2
DOUBLE STANDARDS	EDITORIAL	6
DOUBLE STANDARDS	U K EDITORIAL	2
DOUBLE TAKE	entertainment software	2
DOUBLE TAKE	software	2
DOUBLE TALK	EDITORIAL	6
DOUBLE TALK	U K EDITORIAL	2
DOUBLE TRAGEDY GREAT BARRINGTON	BOND	2
DOUBLE TRAGEDY GREAT BARRINGTON	TWINS' SPECIAL BOND	2
DOUBLE TROUBLE	Double VIEWTIFUL JOE	2
DOUBLE TROUBLE	JOE	2
DOUBLE WARRANT Len Holmes	BELL	2
DOUBLE WARRANT Leonard Holmes	BELL	2
DOUBLE WEDGE PORTLAND	ESSAY	2
DOUBLE-FEED MILLING SLIDE	Sale	2
DOUBLEDAY	New York	2
DOUBLEDAY	York	2
DOUBLES	ALEXANDRA PALACE EXHIBITION	2
DOUBLES	EXHIBITION	2
DOUBLESPEAK-REVIEW	add	4
DOUBLESPEAK-REVIEW	adds	4
DOUBLET	work	2
DOUBLETAKE	Adds	2
DOUBLETAKe	Adds	4
DOUBT	ANALYSIS	6
DOUBT	COLUMN	4
DOUBT	Delete	2
DOUBT	L ROCK RADIO	2
DOUBT	NOTES	4
DOUBT	PDE oddities	2
DOUBT	RADIO	8
DOUBT	ROCK RADIO	4
DOUBT	SINNERS	2
DOUBT	STORY ROCK RADIO	2
DOUBT	U I ANALYSIS	2
DOUBT	oddity	2
DOUBTERS REVEL	COMMENTARY	2
DOUBTS	SPORTS COLUMN	10
DOUBTS	U S SPORTS COLUMN	2
DOUG ROSS	LEAD	2
DOUGHNUTS	NEW PARTS	2
DOUGHNUTS	PARTS	2
DOUGHNUTS GO	OFFERINGS	2
DOUGHNUTS GO	STORE COMBINES PLEASURE OFFERINGS	2
DOUGHNUTS GO GLENDALE	OFFERINGS	2
DOUGHNUTS GO GLENDALE	STORE COMBINES PLEASURE OFFERINGS	2
DOUGHTERS DEMAND TRIAL	FLASH	4
DOUGHTERS DEMAND TRIAL	INTERNATIONAL COURT FLASH	2
DOUGHTON	judge	4
DOUGHTON	new judges	4
DOUGLAS	Address	4
DOUGLAS	BORDER HOT SPOT	2
DOUGLAS	F MARKET PLACE	2
DOUGLAS	FEATURES	6
DOUGLAS	HOT SPOT	2
DOUGLAS	Harbours Address	4
DOUGLAS	LOUIS STOCKS	16
DOUGLAS	MARKET PLACE	2
DOUGLAS	PLACE	4
DOUGLAS	STOCKS	16
DOUGLAS	STUFF	4
DOUGLAS	Tuesday	4
DOUGLAS	WRITE STUFF	4
DOUGLAS	defense Tuesday	4
DOUGLAS	feature	2
DOUGLAS	following features	2
DOUGLAS DONN	date	2
DOUGLAS DONN	racing dates	2
DOUNFRANELIN	form	2
DOUNFRANELIN	forms	2
DOUNREY	TEESSIDE	2
DOUNREY	UKAEA SITES TEESSIDE	2
DOUTHAT	COMMENTARY	2
DOV	inhibitor	2
DOV	triple reuptake inhibitors	2
DOV	variable	2
DOVA transaminase	L-alanine	2
DOVA transaminase	alanine	2
DOVATRON	COLORADO STOCKS	2
DOVATRON	F COLORADO STOCKS	4
DOVATRON	News Service COLORADO STOCKS	2
DOVATRON	STOCKS	8
DOVE	SERVE	2
DOVE	agency	2
DOVE	bird song	2
DOVE	program	2
DOVE	programs	2
DOVE	raff	2
DOVE	seed-spill riff-raff	2
DOVE	social services agencies	2
DOVE	song	2
DOVE in Banwen	centre	2
DOVE in Banwen	centres	2
DOVE workshop	Valleys	2
DOVE workshop	old mining Valleys	2
DOVECOTE	grouped outbuildings	2
DOVECOTE	outbuilding	2
DOVER	Byline	2
DOVER	Channel	2
DOVER	Elvis memorabilia	2
DOVER	John Rollins	2
DOVER	Rollins	2
DOVER	memorabile	2
DOVEs	species	4
DOVO	IJsselmeervogels	2
DOVO Solingen	famous firms	2
DOVO Solingen	firm	2
DOVT US	companies in story	4
DOVT US	story	4
DOVT US Equity	companies in story	4
DOVT US Equity	story	4
DOW CHEMICAL	F MICHIGAN STOCKS	58
DOW CHEMICAL	MICHIGAN STOCKS	56
DOW CHEMICAL	STOCKS	116
DOW CHEMICAL	economic MICHIGAN STOCKS	2
DOW CHEMICAL BOOST INDEX	F MICHIGAN STOCKS	2
DOW CHEMICAL BOOST INDEX	STOCKS	2
DOW CHEMICAL COMPANY	re	2
DOW CHEMICAL HELP BOOST	F MICHIGAN STOCKS	2
DOW CHEMICAL HELP BOOST	MICHIGAN STOCKS	2
DOW CHEMICAL HELP BOOST	STOCKS	4
DOW CHEMICAL LEAD	F MICHIGAN STOCKS	4
DOW CHEMICAL LEAD	MICHIGAN STOCKS	4
DOW CHEMICAL LEAD	STOCKS	8
DOW CHEMICAL LEAD DECLINE	F MICHIGAN STOCKS	8
DOW CHEMICAL LEAD DECLINE	MICHIGAN STOCKS	6
DOW CHEMICAL LEAD DECLINE	STOCKS	14
DOW CHEMICAL LEAD FOURTH	F MICHIGAN STOCKS	2
DOW CHEMICAL LEAD FOURTH	MICHIGAN STOCKS	2
DOW CHEMICAL LEAD FOURTH	STOCKS	4
DOW CHEMICAL LEAD INDEX	F MICHIGAN STOCKS	16
DOW CHEMICAL LEAD INDEX	MICHIGAN STOCKS	14
DOW CHEMICAL LEAD INDEX	STOCKS	30
DOW CHEMICAL LEAD LOCAL	F MICHIGAN STOCKS	2
DOW CHEMICAL LEAD LOCAL	MICHIGAN STOCKS	2
DOW CHEMICAL LEAD LOCAL	STOCKS	4
DOW CHEMICAL LEAD RISE	F MICHIGAN STOCKS	2
DOW CHEMICAL LEAD RISE	MICHIGAN STOCKS	2
DOW CHEMICAL LEAD RISE	STOCKS	4
DOW CHEMICAL LEAD STATE	F MICHIGAN STOCKS	2
DOW CHEMICAL LEAD STATE	MICHIGAN STOCKS	2
DOW CHEMICAL LEAD STATE	STOCKS	4
DOW CHEMICAL PACE INDEX	F MICHIGAN STOCKS	2
DOW CHEMICAL PACE INDEX	MICHIGAN STOCKS	4
DOW CHEMICAL PACE INDEX	STOCKS	6
DOW CHEMICAL SHARES LEAD	F MICHIGAN STOCKS	2
DOW CHEMICAL SHARES LEAD	MICHIGAN STOCKS	2
DOW CHEMICAL SHARES LEAD	STOCKS	4
DOW-BEAR	Adds	2
DOW-JONES	ADD	2
DOW-JONES	Editors	4
DOW-MARKET	Adds	2
DOWDCO	companies	2
DOWDCO	company	2
DOWDOW	WAN	128
DOWDOW TOP STORIES	Update	2
DOWN-HOME DINER	ME	2
DOWN-HOME DINER	Maine	2
DOWN-SYNDROME	Deletes	2
DOWN-SYNDROME	HKN-PANTHERS Deletes	2
DOWN-TO-EARTH PUBLIC STOCK OFFERING New York	STREET	2
DOWN-TO-EARTH PUBLIC STOCK OFFERING New York	WALL STREET	2
DOWNER	effect	2
DOWNER	immediate effect	2
DOWNGRADE	F OHIO STOCKS	2
DOWNGRADE	OHIO STOCKS	2
DOWNGRADE	SIGN	4
DOWNGRADE	STOCKS	4
DOWNHILL	Deletes	2
DOWNHILL AND OUT	BILL BRYSON	12
DOWNHILL AND OUT	BRYSON	12
DOWNHILL Lake Louise	2005-2006 Alpine Ski World Cup	2
DOWNHILL Lake Louise	2005-2006 Alpine ski World Cup	26
DOWNHILL Lake Louise	2006-07 Alpine ski World Cup	8
DOWNHILL Lake Louise	2006-07 Alpine skiing World Cup	4
DOWNHILL Lake Louise	Friday	2
DOWNHILL Lake Louise	Japan	2
DOWNHILL Lake Louise	Monday	2
DOWNHILL Lake Louise	Sweden	2
DOWNHILL Lake Louise	Switzerland	2
DOWNHILL Lake Louise	World Cup	124
DOWNHILL Lake Louise	men's Alpine skiing World Cup	48
DOWNHILL Lake Louise	on Friday	2
DOWNHILL Lake Louise	on Monday	2
DOWNHILL Lake Louise	women's Alpine skiing World Cup	36
DOWNINGTOWN	is running out	4
DOWNINGTOWN	out	4
DOWNLOAD	format	2
DOWNLOAD	formats	2
DOWNLOAD Henry Rollins	FESTIVAL UPDATE	2
DOWNLOAD Henry Rollins	UPDATE	2
DOWNLOAD Slayer	FESTIVAL UPDATE	2
DOWNLOAD Slayer	UPDATE	2
DOWNLOAD Wave logo	EPS	2
DOWNLOAD Wave logo	PCs	2
DOWNLOAD in Europe	festival	2
DOWNLOAD in Europe	festivals	2
DOWNLOADABLE Versions To buy	VERSIONS	2
DOWNLOADS	COMPETITORS	2
DOWNRIGHT UN-AMERICAN BATH	CHURCH IN ENGLAND	2
DOWNRIGHT UN-AMERICAN BATH	ENGLAND	2
DOWNS	FEATURES	2
DOWNS	HORSE RACING	2
DOWNS	RACING	2
DOWNS	ROBERT FLECK SUBS	2
DOWNS	SUBS	2
DOWNSIDE	EDITORIAL	2
DOWNTOWN LIFE	NEW YORK'S HOUSTON STREET	4
DOWNTOWN LIFE	STREET	4
DOWNWARD SPIRAL San Jose	GUNMAN	2
DOWNWARD SPIRAL San Jose	PENTAGON GUNMAN	2
DOWNWASH	Keywords	6
DOWSIDE	Adds	2
DOWTON	Kelshall area	2
DOWTON	area	2
DOX	CPH	2
DOX	anticancer drug	2
DOX	anticancer drugs	2
DOX	cytotoxic drug	2
DOX	cytotoxic drugs	2
DOX	extension	2
DOX	following extensions	2
DOX Copenhagen	CPH	2
DOX Copenhagen	th CPH	2
DOX Film Festival	CPH	2
DOXA Documentary Film Festival	festival	2
DOXA Documentary Film Festival	noted festivals	2
DOXEY	local names	2
DOXEY	name	2
DOZ	broad	2
DOZEN seventh graders	LEAD	2
DOZENS HURT	CARNAGE	2
DOZENS HURT	FARMERS MARKET CARNAGE	2
DOZER	rent	4
DOZIER	COLLEGE	2
DOZIER	WELLESLEY COLLEGE	2
DOr	charter companies	2
DOr	charter company	2
DOubts	SOURCES	2
DOwd	last name	4
DOwd	last names	4
DOx family	amphetamine	2
DOx family	amphetamines	2
