JC	Author	2
JC	Bibliography	2
JC	Cambridge	4
JC	Classical eras	2
JC	DJ	2
JC	Evaluation Cambridge	2
JC	Guests	2
JC	HardCorps	2
JC	IC	28
JC	ISSN	2
JC	James Cannon Nicknames	2
JC	March	2
JC	Minority	2
JC	Nicknames	2
JC	Post subject	2
JC	Prophetic Minority	2
JC	Publications	4
JC	Recent Publications	2
JC	References	4
JC	Rescuers present	2
JC	Scale	2
JC	See	2
JC	Social Adjustment Scale	2
JC	Wikimapia	2
JC	act	2
JC	acts	2
JC	adult patients Author	2
JC	amp	2
JC	amps	2
JC	artist	4
JC	bacteria see	2
JC	bidder	2
JC	buyer group	4
JC	campus	2
JC	decision	2
JC	era	2
JC	event	4
JC	following e-mail	2
JC	group	4
JC	guest	2
JC	guitar amp models	2
JC	interest	2
JC	mail	2
JC	members' names	2
JC	model	2
JC	name	2
JC	national events	4
JC	ourmembership	2
JC	potential bidders	2
JC	present	2
JC	see	2
JC	shows in March	2
JC	special Guests	2
JC	special guests	2
JC	subject	4
JC	well-known artists	4
JC Bach	composer	2
JC Bach	composers	2
JC Bagot	Ireland	4
JC Bailleul	Revolution	2
JC Beach	location	2
JC Beach	locations	2
JC Bourne	artist	2
JC Bourne	artists	2
JC Boyle Powerhouse	opportunity	2
JC Candelo	notable	2
JC Candelo	notables	2
JC Castelbajac	big name	2
JC Castelbajac	big names	2
JC Chance	Ghostfinders	2
JC Chasez	Guests	2
JC Chasez	N Sync pals	2
JC Chasez	Special Guests	2
JC Chasez	artist	2
JC Chasez	artists	2
JC Chasez	future stars	2
JC Chasez	guest	2
JC Chasez	guests	2
JC Chasez	is left	2
JC Chasez	left	2
JC Chasez	pal	2
JC Chasez	producer	2
JC Chasez	producers	2
JC Chasez	star	2
JC Complex	building	2
JC De Vera	Cast	2
JC Decaux	Media stocks	2
JC Decaux	companies	2
JC Decaux	company	4
JC Decaux	local organisations	2
JC Decaux	organisation	2
JC Decaux	rival street furniture companies	2
JC Decaux	stock	2
JC Denton	Characters	2
JC Denton	world	2
JC Flowers	bidder	2
JC Flowers	bidders	2
JC Flowers	investment bank	2
JC Flowers	investment banks	2
JC Flowers	partnership	2
JC Gambone	Reference	2
JC Goodwin	Toronto General Hospital houseman	2
JC Goodwin	houseman	2
JC Grimshaw	Chuff Train Hot Dogs	2
JC Grimshaw	Hot Dogs	2
JC Grimshaw	update	2
JC Grimshaw	updates	2
JC Herz	counter-culture game gurus	4
JC Herz	guru	4
JC Ice	Members	2
JC Janse Van	Replacements	4
JC Janse van	Replacements	4
JC Kritzinger	Replacements	6
JC Kritzinger	Wicus Blaauw Replacements	2
JC Legal Defense Fund	business	2
JC Legal Defense Fund	he can tap	2
JC Legal Defense Fund	new business	2
JC Legal Defense Fund	tap	2
JC Leyendecker	American illustrators	2
JC Leyendecker	illustrator	2
JC Penney	Allen said department stores	4
JC Penney	America	2
JC Penney	American brands	10
JC Penney	Black Friday deals	4
JC Penney	Existing anchor stores	2
JC Penney	Fayetteville	2
JC Penney	Florida	2
JC Penney	Idaho	2
JC Penney	Suburban	2
JC Penney	United States	4
JC Penney	ad campaign	2
JC Penney	ad campaigns	2
JC Penney	anchor	10
JC Penney	anchor stores	4
JC Penney	anchor tenants	2
JC Penney	anchors	10
JC Penney	assignment	2
JC Penney	bankruptcy assignments	2
JC Penney	big-box retailers	4
JC Penney	brand	10
JC Penney	chain	2
JC Penney	chain department stores	2
JC Penney	chain store	4
JC Penney	chain stores	4
JC Penney	channel	2
JC Penney	client	4
JC Penney	clients	2
JC Penney	companies	4
JC Penney	company	4
JC Penney	corporation	2
JC Penney	corporations	2
JC Penney	deal	4
JC Penney	department store	14
JC Penney	department stores	8
JC Penney	downtown Fayetteville	2
JC Penney	earnings	2
JC Penney	familiar names	4
JC Penney	future earnings	2
JC Penney	global chains	2
JC Penney	hair salons	2
JC Penney	heavyweight	2
JC Penney	local salons	2
JC Penney	mail-order heavyweights	2
JC Penney	mall	2
JC Penney	marketer	4
JC Penney	merchant	2
JC Penney	merchants	2
JC Penney	name	6
JC Penney	national names	2
JC Penney	national retail chains	2
JC Penney	offer	4
JC Penney	online marketers	4
JC Penney	retail chain	2
JC Penney	retailer	40
JC Penney	retailers	36
JC Penney	retailers in Florida	2
JC Penney	retailers offer	4
JC Penney	salon	4
JC Penney	sell in stores	4
JC Penney	signing clients	2
JC Penney	store	42
JC Penney	stores	32
JC Penney	stores in America	2
JC Penney	tenant	2
JC Penney	through channels	2
JC Penney	trader	2
JC Penney	traders	2
JC Penney Classic	LPGA	8
JC Penney Classic	US LPGA	8
JC Penney Co	household name	2
JC Penney Co	household names	2
JC Penney JCP	Mid-line retailers	2
JC Penney JCP	retailer	2
JC Penney becoming	corporate sponsors	2
JC Penney becoming	sponsor	2
JC Penney send	Stores	2
JC Penneys	department store	4
JC Penneys	department stores	4
JC Penny	brand	2
JC Penny	campaign	2
JC Penny	client	2
JC Penny	clients	2
JC Penny	company	2
JC Penny	name	2
JC Penny	name companies	2
JC Penny	retail names	2
JC Penny	retailer	4
JC Penny	retailers	4
JC Penny	store	2
JC Penny	store campaigns	2
JC Penny	stores	2
JC Penny	top brands	2
JC Pennys	place	2
JC Pennys	places	2
JC Reilly	thing	2
JC Rook	independent retailers	2
JC Rook	retailer	2
JC Shaw	Sheffield	2
JC Shaw	W Wright Sheffield	2
JC Sindress	artist	2
JC Sindress	electro artists	2
JC Tindall	South Africa	6
JC Tiuseco	Cast	2
JC Tiuseco	Filipino actors	4
JC Tiuseco	actor	4
JC Toys Group	Distributor	2
JC Ulloa	Engineers	4
JC aka Jeff	artist	2
JC aka Jeff	artists	2
JC de Castelbajac	designer	2
JC de Castelbajac	designers	2
JC de Vera	Philippines today	2
JC de Vera	today	2
JC shooters	adjustment	2
JC still	Anglo	2
JC still	read paper in Anglo	2
JC transfer	watch	4
JC transfer	wide receiver	4
JC transfers	February	2
JC transfers	new players	2
JC transfers	player	2
JC transfers Travis	newcomer	2
JC transfers Travis	talented newcomers	2
JC van der	South Africa	4
JC virus	on viruses	2
JC virus	virus	2
JC virus infection	patient	4
JC's Girls	ministry	2
JC's Girls	outreach ministries	2
JC-TV	digital channel	2
JC-TV	multicasts five digital channels	2
JCA	disease	4
JCA	diseases	2
JCA	growing provider	2
JCA	provider	2
JCA	rheumatic diseases	2
JCA	standard	2
JCA	standards	2
JCA	technologies	2
JCA	technology	2
JCA	time	4
JCA Christmas Hamper	event	2
JCA Christmas Hamper	hosts community events	2
JCA adapters	back-office integration	2
JCA adapters	integration	2
JCA one type	auto-immune diseases	2
JCA one type	disease	2
JCA operations here	team	2
JCA records	access	2
JCA records	data access	2
JCAG	armed organizations	2
JCAG	organization	2
JCAHO	Net	4
JCAL tours	companies	2
JCAL tours	company	2
JCAMP-DX	data exchange format	2
JCAMP-DX	format	2
JCAMP-DX	spectral standards	2
JCAMP-DX	standard	2
JCAP	M speaking events	2
JCAP	event	2
JCAS Sparta working group	agency	2
JCAS Sparta working group	relevant national agencies	2
JCASim	New entries	4
JCASim	entry	4
JCB	ANSWER	2
JCB	Cards	2
JCB	Council	2
JCB	Credit Cards	8
JCB	Credit card	2
JCB	Credit cards	2
JCB	Crossmans Credit cards	2
JCB	Customers	4
JCB	Debit cards	10
JCB	Leading plant manufacturers	4
JCB	Manufactures	2
JCB	Models	2
JCB	Payment methods	2
JCB	Security Standards Council	2
JCB	agricultural machines	2
JCB	big name	2
JCB	big names	2
JCB	blue-chip names	2
JCB	body	2
JCB	brand	18
JCB	brands	6
JCB	bucket	2
JCB	business	2
JCB	business facets	2
JCB	card	18
JCB	card vendors	2
JCB	cards	4
JCB	case study	2
JCB	client	4
JCB	companies	14
JCB	company	22
JCB	constituency	2
JCB	construction vehicles	2
JCB	cordless drills	2
JCB	corporate clients	4
JCB	credit card	16
JCB	credit cards	2
JCB	credit-card brand	2
JCB	customer	4
JCB	customers	2
JCB	debit card	36
JCB	debit card payments	2
JCB	debit cards	34
JCB	drill	2
JCB	employer	2
JCB	employers	2
JCB	equipment	2
JCB	facet	2
JCB	financial organization	2
JCB	financial organizations	2
JCB	firm	6
JCB	firms	4
JCB	following Credit Cards	2
JCB	following cards	12
JCB	following cards as payment	2
JCB	following credit cards	14
JCB	founding group members	2
JCB	global brands	4
JCB	global customers	2
JCB	global organisations	2
JCB	group member	2
JCB	heavy equipment firms	2
JCB	hire	2
JCB	hydraulic cutting bucket	2
JCB	iconic brands	2
JCB	industrial bodies	2
JCB	industrial partner	2
JCB	industrial partners	2
JCB	industry partners	2
JCB	international cards	2
JCB	international companies	4
JCB	international payment networks	2
JCB	loader	2
JCB	machine	2
JCB	machinery	2
JCB	manufacturer	8
JCB	manufacturers	2
JCB	manufacturing companies	2
JCB	method	4
JCB	name	2
JCB	network	6
JCB	networks	2
JCB	old backhoe loader	2
JCB	on a single case study	2
JCB	on-line payment	2
JCB	online store	2
JCB	online transactions	2
JCB	organisation	4
JCB	organisations	2
JCB	out a business	2
JCB	partner	2
JCB	payment	6
JCB	payment brands	2
JCB	payment networks	2
JCB	plant	2
JCB	process manufacturers	2
JCB	renowned brands	2
JCB	renowned companies	2
JCB	sector	6
JCB	sell pressure washers	2
JCB	site	2
JCB	store	2
JCB	transaction	2
JCB	used electronic payment methods	2
JCB	vehicle	2
JCB	vendor	2
JCB	want	2
JCB	washer	2
JCB	world	2
JCB	year Cards	2
JCB Card	Companies	2
JCB Cards	welcome	2
JCB Classic	JAPAN GOLF TOUR	2
JCB Classic	TOUR	2
JCB Classic Sendai	JAPAN GOLF TOUR	2
JCB Classic Sendai	TOUR	2
JCB Co	Japanese credit card companies	2
JCB Co	Japanese credit card firms	2
JCB Co	company	4
JCB Co	credit card companies	2
JCB Co	firm	2
JCB Fastrac	modern tractors	2
JCB Fastrac	tractor	2
JCB India Ltd	Companies	2
JCB International	LEAD	2
JCB International	brand	2
JCB International	industry	2
JCB International	payment card brands	2
JCB International	payment industry	2
JCB JSmart	implementation	2
JCB JSmart	proprietary EMV implementations	2
JCB Power Products	operation	2
JCB Power Products	overseas operations	2
JCB Switch	Debit cards	2
JCB card	item	2
JCB chairman Anthony	business figures	2
JCB chairman Anthony	figure	2
JCB diggers	equipment	2
JCB diggers	put equipment	2
JCB lawnmower	prize	2
JCB lawnmower	prizes	2
JCB rough terrain	equipment	2
JCB rough terrain	modern mechanical handling equipment	2
JCB tycoon Sir	funder	2
JCB tycoon Sir	wealthy funders	2
JCB's groundscare division	new players	2
JCB's groundscare division	player	2
JCB's will	plant	2
JCBH	Models	2
JCBN	committee	2
JCBN	committees	2
JCBs	heavy plant	2
JCBs	plant	2
JCBs	vehicle	2
JCBs	vehicles	2
JCC	Ceylon	2
JCC	KIND acts	2
JCC	act	2
JCC	private schools in Ceylon	2
JCC	project	2
JCC	projects	2
JCC	registration	2
JCC East Bay	East Bay venues	2
JCC East Bay	venue	2
JCC murals	death	2
JCC newspaper	Vitae	2
JCCC	institution	2
JCCC	undergraduate institution	2
JCCC	update	2
JCCC	updates	2
JCCHS	hit	2
JCCT	forum	2
JCCT	through dialogue in fora	2
JCCs	body	2
JCCs	community organizations	2
JCCs	consultative bodies	2
JCCs	organization	2
JCD	Bari's supporters	2
JCD	Development	2
JCD	aircraft description	2
JCD	description	2
JCD	student bodies	2
JCD	student body	2
JCD	supporter	2
JCD leader Liton	spot	2
JCD president	activist	2
JCD president	pro-strike activists	2
JCDS	Cambridge	2
JCDS	dramatic societies in Cambridge	2
JCDecaux	companies	2
JCDecaux	company	2
JCDecaux	founding media partners	2
JCDecaux	media	2
JCDecaux	operator	2
JCDecaux	outdoor media operator	2
JCDecaux	outdoor media owner	2
JCDecaux	own	2
JCDecaux	partner	2
JCDecaux Airport	PLAYERS	2
JCDecaux Airport	company	2
JCDecaux Airport	sales companies	2
JCDecaux Ltd	year	2
JCDecaux Ltd	years	2
JCDecaux's Aix-en-Provence	European cities	2
JCDecaux's Aix-en-Provence	city	2
JCE	final examinations viz	2
JCE	viz	2
JCEM	journal	2
JCEM	journals	2
JCET	overseas training	2
JCET	training	4
JCF	enterprise	2
JCF	social enterprise	2
JCFA	Japan's friendship bodies	2
JCFA	body	2
JCG Holdings Group	interest	2
JCG Holdings Group	interests	2
JCGQ's annual inter	inter-board projects	2
JCGQ's annual inter	project	2
JCHC symbol	features Christian symbols	2
JCHMT	Colleges	2
JCHMT	Royal Colleges	2
JCHMT	bodies	2
JCHMT	body	2
JCHMT	relevant external sites	2
JCHMT	site	2
JCHST	Colleges	2
JCHST	Royal Colleges	2
JCHST	bodies	2
JCHST	body	2
JCI	Japan	2
JCI	South Africa	2
JCI	accredited hospitals	2
JCI	accreditor	2
JCI	association	2
JCI	associations	2
JCI	bodies	2
JCI	body	2
JCI	civilian youth organization in Japan	2
JCI	companies in South Africa	2
JCI	hospital	2
JCI	material	2
JCI	materials	2
JCI	organization	2
JCI	organizations	2
JCI	progressive organization	2
JCI	progressive organizations	2
JCI Best	entrepreneurship	2
JCI Edinburgh	JCI	2
JCI Edinburgh	Junior Chamber International	2
JCI World Congress	international venue	2
JCI World Congress	scale	2
JCI World Congress	venue	2
JCI in Singapore	group	2
JCI in Singapore	international accreditation groups	2
JCI index MOV	Market News	2
JCI index MOV	News	2
JCI out	world	2
JCI's standards	certification	2
JCI's standards	international certifications	2
JCI-Tumsar	Social Organisations in Tumsar	2
JCIB	favoring schools	2
JCIB	school	2
JCIE	group	4
JCIE	groups	4
JCK	New entries	2
JCK	entry	2
JCL	application	2
JCL	applications	2
JCL	background	4
JCL	challenge	2
JCL	earlier systems	2
JCL	language	2
JCL	languages	2
JCL	multiple programming challenges	2
JCL	place	2
JCL	places	2
JCL	system	4
JCL	technical background	4
JCL	through constraint systems	2
JCL language	early main utilities	2
JCL language	utility	2
JCLLIB	feature	4
JCLLIB	release features	4
JCLR	Author	4
JCLT	group	6
JCLT	groups	6
JCM	Marshall's products	2
JCM	amp heads	2
JCM	amplifier	6
JCM	chassis	2
JCM	concert	2
JCM	concerts	2
JCM	cost effectiveness	2
JCM	effectiveness	2
JCM	head	4
JCM	product	2
JCM	select production amplifier chassis	2
JCM	sells amplifiers	4
JCM	sentimental value	2
JCM	uses Marshall heads	2
JCM	value	2
JCM	vintage instrument amplifiers	2
JCM accession number	culture collection accession number	2
JCM accession number	key word	2
JCM accession number	key words	2
JCMB	Address	2
JCMB	King's Buildings site	2
JCMB	Pool	2
JCMB	University Transport Pool	2
JCMB	contact	2
JCMB	order	2
JCMB	ordering	2
JCMB	site	2
JCMB	uk Address	2
JCMB Computer Room	location	2
JCMB Computer Room	locations	2
JCMB lecture theatres	Buildings	2
JCMB lecture theatres	King's Buildings	2
JCMB room	Internal mail	2
JCMB room	mail	2
JCMT	Relevant future projects	2
JCMT	based observing facilities	2
JCMT	existing millimetre wave telescopes	2
JCMT	facility	4
JCMT	project	2
JCMT	telescope	2
JCMT resources	JCMT	2
JCN	committee	2
JCN	group	2
JCN	national committees	2
JCN	related groups	2
JCNO	Keywords	4
JCO	four soldiers	2
JCO	hero	2
JCO	soldier	2
JCO	war heroes	2
JCOA	label	2
JCOA	labels	2
JCOC	Pentagon publicity programs	4
JCOC	program	4
JCOMM	body	2
JCOMM	intergovernmental bodies	2
JCOMM	project	2
JCOMM	projects	2
JCONDN	Coden	2
JCOR US	financial information	2
JCOS	rank	2
JCOS	ranks	2
JCOs	troop	2
JCOs	troops	2
JCP	Mid-line retailers	2
JCP	body	2
JCP	certification	2
JCP	certifications	2
JCP	channel	2
JCP	companies	2
JCP	company	2
JCP	consumer channels	2
JCP	independent bodies	2
JCP	key partners	2
JCP	partner	2
JCP	party	2
JCP	retailer	2
JCP	unaffiliated parties	2
JCP	utility companies	2
JCP	utility company	2
JCP Books	print	2
JCP Construction	subsidiary companies	2
JCP Construction	subsidiary company	2
JCP US	company information	6
JCP US	information	6
JCP US Equity	story	2
JCP candidate Taira	Miyagi election	2
JCP candidate Taira	election	2
JCPC	Privy Council Office site	2
JCPC	site	2
JCPSG	bodies	2
JCPSG	body	2
JCPSG	group	2
JCPSG	sector-wide group	2
JCPenney	American retailers	2
JCPenney	Daddy line	2
JCPenney	Dear Fixer	2
JCPenney	Dover	2
JCPenney	Fixer	2
JCPenney	Giant retailers	4
JCPenney	He says stores	2
JCPenney	Lamonts stores	2
JCPenney	Major brands	2
JCPenney	Merchants	2
JCPenney	National chains	8
JCPenney	Stores	2
JCPenney	TV commercials	2
JCPenney	US retailers	2
JCPenney	ad	2
JCPenney	ads	2
JCPenney	advertiser	2
JCPenney	advertisers	2
JCPenney	anchor	16
JCPenney	anchor stores	38
JCPenney	anchor tenants	2
JCPenney	anchors	12
JCPenney	apparel industry	2
JCPenney	average	2
JCPenney	away major anchors	2
JCPenney	big-box retailers	2
JCPenney	brand	4
JCPenney	chain	14
JCPenney	chain store	2
JCPenney	chain stores	2
JCPenney	chains	4
JCPenney	clothing retailers	2
JCPenney	commercial	2
JCPenney	companies	6
JCPenney	company	6
JCPenney	competitor	4
JCPenney	competitors	4
JCPenney	department store	20
JCPenney	department stores	14
JCPenney	discounter	4
JCPenney	discounters	4
JCPenney	downtown Dover	2
JCPenney	established department store chains	2
JCPenney	expansion	2
JCPenney	expansions	2
JCPenney	flagship stores	2
JCPenney	included four anchor stores	2
JCPenney	included three anchor stores	2
JCPenney	industry	2
JCPenney	international brands	2
JCPenney	line	2
JCPenney	multichannel retailers	2
JCPenney	multinational	8
JCPenney	multinationals	8
JCPenney	national retailers	2
JCPenney	new anchors	2
JCPenney	new brands	2
JCPenney	on department stores	4
JCPenney	online retailers	2
JCPenney	powerhouse	2
JCPenney	rarer cases a department store	2
JCPenney	retail chain	2
JCPenney	retail chains	2
JCPenney	retail space	2
JCPenney	retailer	32
JCPenney	retailers	14
JCPenney	service	2
JCPenney	services	2
JCPenney	shop	4
JCPenney	shopping center	2
JCPenney	shops	4
JCPenney	specialty stores	2
JCPenney	store	66
JCPenney	stores	14
JCPenney	study	14
JCPenney	suspect	2
JCPenney	tenant	8
JCPenney	tenants	6
JCPenney	traditional powerhouses	2
JCPenney	usual suspects	2
JCPenney	way anchor stores	2
JCPenney Classic	TOUR Next event	2
JCPenney Classic	event	2
JCPenney Co	companies	2
JCPenney Co	company	4
JCPenney Co	global companies	2
JCPenney anchors	Indian Mall	2
JCPenney anchors	Mall	2
JCPenney lounge suit	bargain	2
JCPenney offering styles	retailer	4
JCPenney offering styles	retailers	4
JCPenney open	anchor	2
JCPenney open	traditional anchors	2
JCPenney will	companies	2
JCPenney will	company	2
JCPenney's canvas over wood	damage dorm walls	2
JCPenney's canvas over wood	wall	2
JCPenneys	uniform	2
JCPenneys	uniforms	2
JCPenny	retailer	4
JCPenny	retailers	4
JCPenny Classic	LPGA	72
JCR	Building	2
JCR	College societies	2
JCR	Hedley MCR Representatives	2
JCR	III	4
JCR	Imperial	2
JCR	Milestone III	2
JCR	Public spaces	2
JCR	Queen's Building	2
JCR	Representatives	2
JCR	advice	2
JCR	body	2
JCR	common room	2
JCR	facility	2
JCR	label	2
JCR	labels	2
JCR	licensed premise	2
JCR	licensed premises	2
JCR	recreational facilities	2
JCR	societies	2
JCR	society	4
JCR	space	2
JCR	student accommodation	2
JCR	student representative bodies	2
JCR	three common rooms	2
JCR	top Milestone III	2
JCR Committee meetings	Meetings	2
JCR Committee meetings	Open Meetings	2
JCR Guest Night	meal	2
JCR Guest Night	special meals	2
JCR Meetings	event	2
JCR Meetings	events	2
JCR President	college	4
JCR President	position	2
JCR President	positions	2
JCR Secretary	Meeting	2
JCR Secretary	Next Meeting	2
JCR Welfare Officer	advice	2
JCR Welfare Officer	offer advice	2
JCR Women	advice	2
JCR Women	offer advice	2
JCR execs	organisation	4
JCR execs	student leader	4
JCR execs	student leaders	4
JCR execs	student organisations	4
JCR member	rotation	2
JCR president	University distinction	2
JCR president	distinction	2
JCR storage	feature	2
JCR storage	features	2
JCR stuff	societies	2
JCR stuff	society	2
JCR teas	year	2
JCR will line	ship	2
JCR will line	ships	2
JCR's welfare system	thing	2
JCR's welfare system	things	2
JCRC	provider	4
JCRC socials	event	2
JCRC socials	events	2
JCRCs	autonomous bodies	2
JCRCs	body	2
JCRCs	parties	2
JCRCs	party	2
JCRs	Associations	2
JCRs	Information	2
JCRs	Student Associations	2
JCRs	Student Associations Information	2
JCRs	party	2
JCRs	suitable parties	2
JCS	Action	2
JCS	Authors	2
JCS	Social Action	2
JCS	Tagore	2
JCS	Washington	2
JCS	earlier works	2
JCS	memes	2
JCS	policies	2
JCS	policy	2
JCS	production company	2
JCS	prominent post production companies	2
JCS	relevant entities in Washington	2
JCS	work	2
JCS Federal Grid	Energy companies	2
JCS Federal Grid	Russian Energy companies	2
JCS SEOUL	DPRK	2
JCS SEOUL	NLL	2
JCS SEOUL	November	2
JCS SEOUL	crosses NLL	2
JCS chairman WASHINGTON	Afghanistan	2
JCS chairman WASHINGTON	troops in Afghanistan	2
JCSC	body	2
JCSC	course	4
JCSC	courses	4
JCSC	military body	2
JCSC Chairman	military officer	2
JCSC Chairman	senior military officers	2
JCSER head RAMALLAH	Jerusalem	2
JCSHR	Contact address	2
JCSHR	address	2
JCSR	group	2
JCSR	groups	2
JCSR clusters	data base	2
JCSR clusters	data bases	2
JCSU Enterprise accounts	JCSU	2
JCT	Building Contracts	2
JCT	Construction Industry	2
JCT	Contact	2
JCT	Standard Form Building Contracts	2
JCT	Yorkshire	4
JCT	contract	2
JCT	dealers in Yorkshire	4
JCT	document	2
JCT	documents	2
JCT	everyday building contract squabbles	2
JCT	high profile sponsorships	2
JCT	learning methods	2
JCT	method	2
JCT	organisation	2
JCT	organisations	2
JCT	package	2
JCT	specialist computer packages	2
JCT	sponsorship	2
JCT	squabble	2
JCT Contracts	dedicated sections	2
JCT Contracts	section	2
JCT Football Club	football club	2
JCT Football Club	leading football clubs	2
JCT Mills	Punjab	2
JCT Mills	factory	2
JCT Mills	industrial powerhouses	2
JCT Mills	powerhouse	2
JCT Mills	textile factories	2
JCTOD	area organizations	2
JCTOD	organization	2
JCTV	Christian broadcasters	2
JCTV	Europe	2
JCTV	broadcaster	2
JCTV	channel	2
JCTV	channels	2
JCTV	on TV programming	2
JCTV	program	2
JCTV	satellite television	2
JCUD	Committees	2
JCUD	University Committees	2
JCUSS Office	Staff side	2
JCUSS Office	side	2
JCVI	body	2
JCVI	through bodies	2
JCW	Midwest independent promotions	2
JCW	promotion	2
JCWI	Corner House Supporting organisations	2
JCWI	NGOs	2
JCWI	User groups	2
JCWI	body	2
JCWI	national bodies	2
JCWI	organisation	4
JCWI	organisations	2
JCWI	site	2
JCWI	useful sites	2
JCWI Immigration	Website	2
JCY	exception	2
JCY	exceptions	2
JCheckBox	editor	2
JCheckBox	specific editors	2
JChemPaint	application	2
JChemPaint	applications	2
JChemPaint	tool	2
JChemPaint	tools	2
JClement	PB	2
JComboBox	editor	2
JComboBox	specific editors	2
JComponent	Returns	2
JConsole	JMX client	2
JConsole	client	2
JContacts	extension	2
JContacts	separate extensions	2
JCrew	Menswear brands	2
JCrew	brand	2
JCrew	merchant	4
JCrew	on-line merchants	4
JCube	day	2
JCube	opens whole day	2
