HF	ATTN	12
HF	Acid Gases	2
HF	Exchange functionals	2
HF	Gases	2
HF	LF	2
HF	acid	6
HF	acid gases	2
HF	acidic gases	2
HF	adaptive communications techniques	2
HF	agent	2
HF	agents	2
HF	amateur radio	2
HF	amplifier	2
HF	amplifiers	2
HF	aqueous solvents	2
HF	bay	2
HF	camcorder	2
HF	catalyst	4
HF	conduction system lineages	2
HF	engine bay	2
HF	f-coil information	2
HF	frequency	2
HF	functional	2
HF	gas	6
HF	hydrogen halide acid	2
HF	information	2
HF	irritant fire gases	2
HF	licence	2
HF	lineage	2
HF	medium voltage switchgear	2
HF	omnidirectional radio-communications sensors	2
HF	on higher frequencies	2
HF	radio	2
HF	radio spectrum	4
HF	sensor	2
HF	solvent	2
HF	strong acid catalyst	4
HF	strong acids	2
HF	strong mineral acids	2
HF	switchgear	2
HF	system	2
HF	technique	2
HF	transmission systems	2
HF	used consumer-grade camcorders	2
HF Data Link	HF frequencies	2
HF Data Link	frequency	2
HF Holdings	LEAD	2
HF Mortgage Bankers	mortgage banking units	2
HF Mortgage Bankers	unit	2
HF PACTOR	HF automatic data systems	2
HF PACTOR	data system	2
HF antenna	doppler radar	2
HF antenna	radar	2
HF bands	amateur radio bands	2
HF frequency	detail	2
HF frequency	details	2
HF links	circuit	2
HF links	telecommunications circuits	2
HF members	professional	2
HF members	prominent professionals	2
HF radio	aid	2
HF radio	navigational aids	2
HF radios	communication equipment	2
HF radios	trip	2
HF systems	equipment	2
HF's president	Qoute	4
HF-90M radios	sell	2
HF-90M radios	selling	2
HFA	free options	12
HFA	option	12
HFA GR	information	2
HFA GR	see	2
HFA GR	stock information	2
HFB	Body	2
HFB	Hindu Umbrella Body	2
HFB mean	nuclear structure physics	2
HFB mean	physics	2
HFC	CFC-replacements	4
HFC	CFC-replacments	2
HFC	acid	4
HFC	affordable housing	2
HFC	agent	2
HFC	alternative	4
HFC	alternative gas	10
HFC	backhaul	2
HFC	broadband wireless	2
HFC	cable operator	2
HFC	following Halon alternatives	4
HFC	gas	10
HFC	greenhouse gas	2
HFC	harmful blowing agent	2
HFC	house	2
HFC	industrial gas projects	2
HFC	investment	2
HFC	potent greenhouse gases	2
HFC	project	2
HFC	replacement	4
HFC	replacments	2
HFC	wireless	2
HFC Bank	client	2
HFC Bank	clients	2
HFC Bank	overseas investor	2
HFC Bank	overseas investors	2
HFC Bank Ltd	address	2
HFC Bank Ltd	following address	2
HFC Bank PLC	on request	2
HFC Bank PLC	request	2
HFC Haarlem	Division	2
HFC Haarlem	Dutch club sides	2
HFC Haarlem	II	10
HFC Haarlem	West-II	10
HFC Haarlem	Western Division	2
HFC Haarlem	bye	2
HFC Haarlem	club	2
HFC Haarlem	clubs	2
HFC Haarlem	division	2
HFC Haarlem	divisions	2
HFC Haarlem	football player	2
HFC Haarlem	received a bye	2
HFC Haarlem	side	2
HFC bank	Tarkwa	2
HFC-245fa	HFCs	2
HFC-245fa	promising alternatives are HFCs	2
HFC-365mfc	HFCs	2
HFC-365mfc	promising alternatives are HFCs	2
HFCFUSD Index GP	dollar price history	22
HFCFUSD Index GP	history	22
HFCL	counter	2
HFCL	infotech shares	2
HFCL	on side counters	2
HFCL	share	2
HFCS	caloric sweeteners	2
HFCS	considered a natural food ingredient	4
HFCS	honey substitutes	2
HFCS	ingredient	4
HFCS	process	2
HFCS	simple sugars	2
HFCS	substitute	2
HFCS	sugar	6
HFCS	sugars	4
HFCS	sweetener	2
HFCS	type	2
HFCs	blown polyurethane systems	2
HFCs	chemical	6
HFCs	chemicals	4
HFCs	compound	2
HFCs	compounds	2
HFCs	cover refrigerants	2
HFCs	gas	4
HFCs	gaseous substances	4
HFCs	gases	2
HFCs	global-warming gases	2
HFCs	greenhouse gas	6
HFCs	greenhouse gases	2
HFCs	halocarbons	2
HFCs	high global warming potential greenhouse gases	4
HFCs	hope	4
HFCs	organohalogens	4
HFCs	product	2
HFCs	products	2
HFCs	refrigerant	2
HFCs	refrigerant chemicals	2
HFCs	substance	4
HFCs	system	2
HFCs	take	4
HFCs	will take	4
HFDF	communications gear	2
HFDF	gear	2
HFDL	aircraft communications systems	2
HFDL	communications system	2
HFE	Models	2
HFE	Multivariate Polynomial Schemes	2
HFE	Schemes	2
HFE gene mutations	condition	2
HFE gene mutations	conditions	2
HFEA	Assisted reproduction	2
HFEA	Authority	2
HFEA	Boiling Water	2
HFEA	Frog in Boiling Water	2
HFEA	Keywords	2
HFEA	London	10
HFEA	bodies	4
HFEA	body	10
HFEA	clinic survey Assisted reproduction	2
HFEA	disease	4
HFEA	diseases	4
HFEA	organisation	2
HFEA	organisations	2
HFEA	organization	2
HFEA	policy organizations	2
HFEA	professional bodies	4
HFEA	see	2
HFEA	statutory bodies	2
HFEA	subject	2
HFEA Guide	patient	2
HFEA Guide	patients	2
HFF	DC	2
HFF's operating expenses	component	2
HFFI	easier reading	2
HFFI	read	2
HFGW research programs	effort	2
HFGW research programs	gravitational wave detection efforts	2
HFH	name	2
HFH	names	2
HFHS	Interested parties	2
HFHS	party	2
HFI	Dependable Systems	4
HFI	Systems	4
HFIR	facility	4
HFIR	neutron bombardment facilities	2
HFIR	user facilities	2
HFMA	organisation	2
HFMA	organisations	2
HFMA branches	group	2
HFMA branches	local professional groups	2
HFMD	contagious diseases	2
HFMD	disease	4
HFMD	diseases	2
HFMD	illness	2
HFMD	infectious disease	2
HFMD	infectious diseases	2
HFMD	mild illness	2
HFMEA	Proactive risk assessment systems	2
HFMEA	system	2
HFO	assistance	2
HFO	energy assistance	2
HFONT	handle	2
HFONT	handles	2
HFOV	HMD	2
HFOV	inexpensive HMD	2
HFP	Bluetooth profiles	2
HFP	Profiles	2
HFP	product	4
HFP	profile	6
HFP	profiles	4
HFP	thisproduct	2
HFPA	Last year	4
HFPA	year	4
HFR	Slug	2
HFR	only five research reactors	2
HFR	research reactor	2
HFS	Conventional file systems	2
HFS	EQUITY MOVERS	4
HFS	F MARKET PLACE	4
HFS	F NEW JERSEY STOCKS	2
HFS	Globe MARKET PLACE	2
HFS	MOVERS	4
HFS	NEW JERSEY STOCKS	2
HFS	PLACE	6
HFS	STOCKS	4
HFS	X file system types	4
HFS	benchmark index	2
HFS	compatible media types	2
HFS	contact	2
HFS	corrupt disks	2
HFS	disk	2
HFS	file system	2
HFS	file systems	4
HFS	filesystems	2
HFS	index	2
HFS	insensitive filesystems	2
HFS	offering pick ups	2
HFS	system	8
HFS	type	6
HFS	up	2
HFS LEAD RISE	F NEW JERSEY STOCKS	2
HFS LEAD RISE	NEW JERSEY STOCKS	2
HFS LEAD RISE	STOCKS	4
HFS Plus	exabytes	2
HFS Plus	file systems	4
HFS Plus	system	4
HFS SHARES LEAD	F NEW JERSEY STOCKS	2
HFS SHARES LEAD	NEW JERSEY STOCKS	2
HFS SHARES LEAD	STOCKS	4
HFSExplorer	driver	2
HFSExplorer	extra drivers	2
HFSExplorer	program	2
HFSExplorer	programs	2
HFSP	Current Funding	2
HFSP	Funding	2
HFSS	EDA tools	2
HFSS	electromagnetic simulation software	4
HFSS	electromagnetic software	2
HFSS	software	6
HFSS	tool	2
HFSS food	way	2
HFSX	X file system types	2
HFSX	type	2
HFStival	festival	4
HFStival	festivals	2
HFStival	music festivals	2
HFT	UK charities	2
HFT	charity	2
HFT	contact	4
HFT	machine	4
HFT	modern testing machines	2
HFT	testing machines	2
HFT Leeds Tel	contact	2
HFT scalpers	binary mutants	2
HFT scalpers	mutant	2
HFTs	drive	2
HFTs	fund	2
HFTs	index funds	2
HFTs	traders drove	2
HFX	engine	2
HFX	prototype engines	2
HFZ Capital Group	creditor	2
HFZ Capital Group	creditors	2
HForm	application	2
HForm	applications	2
