BO	Bielsko-Bia??a	2
BO	CoP	2
BO	ISO country codes	2
BO	Indonesia	2
BO	Italy	2
BO	community	2
BO	country code	2
BO	hacker community	2
BO	local offices	2
BO	office	2
BO Club	Greek clubs	2
BO Club	club	2
BO interests	Asia	2
BO-105 helicopters	operational props	2
BO-105 helicopters	prop	2
BOA	CHAMBERS	2
BOA	CORBA	4
BOA	Net	2
BOA	New Romantic bands	2
BOA	association	2
BOA	band	2
BOA	bank	2
BOA	body	2
BOA	current service providers	2
BOA	decision making bodies	2
BOA	entity	2
BOA	four key stakeholders	2
BOA	paying off banks	2
BOA	professional association	2
BOA	service provider	2
BOA	stakeholder	2
BOA	time	2
BOA Editions	Brockport	2
BOA Editions	Directory Listing	2
BOA Editions	Listing	2
BOA MORTE	HAYLES SUBS	2
BOA MORTE	SUBS	2
BOA Media Office	contact	2
BOA Media Officer	RSVP	6
BOA Media Officer	uk RSVP	2
BOA Pearland	BOA events	2
BOA Pearland	event	2
BOA US Equity	past year	2
BOA US Equity	year	2
BOA deal	high profile sponsorship	4
BOA deal	sponsorship	4
BOA's athlete support services	programme	2
BOA's athlete support services	programmes	2
BOA's official mascot Pride	on sale	2
BOA's official mascot Pride	sale	2
BOAC	British Commonwealth airlines	6
BOAC	Long-haul operators	2
BOAC	airline	14
BOAC	airlines	6
BOAC	aviation industry	4
BOAC	client	2
BOAC	commercial clients	2
BOAC	corporation	2
BOAC	corporations	2
BOAC	customer	2
BOAC	key customers	2
BOAC	national airlines	2
BOAC	operator	4
BOAC	operators	2
BOAD	financial institution	2
BOAD	international financial institutions	2
BOAE	carrying VIP guests	2
BOAE	guest	2
BOAG	fora	2
BOAG	forum	2
BOAI MLS thesis	Re	4
BOAK	Heroes	2
BOAK	Polytechnic's Fallen Heroes	2
BOAK	grade	2
BOAK	key grades	2
BOAO	15-year best	2
BOAO	Afghanistan's reconstruction	2
BOAO	Africa	2
BOAO	April	2
BOAO	Asia	20
BOAO	Asia development	2
BOAO	Asian cooperation	2
BOAO	Asian countries	2
BOAO	Asian partners	2
BOAO	Asian rejuvenation	2
BOAO	China magnetite mines	2
BOAO	China's Hu Saturday	2
BOAO	Chinese economy	2
BOAO	Fund	2
BOAO	G market	2
BOAO	March	4
BOAO	Pakistan stability measures	2
BOAO	Saturday	2
BOAO	Sovereign Wealth Fund	2
BOAO	TOP STORIES	4
BOAO	affect world economy	2
BOAO	boost Asia cooperation	2
BOAO	challenge	2
BOAO	challenges	2
BOAO	class	2
BOAO	cooperation	8
BOAO	country	2
BOAO	crossroads	2
BOAO	development	2
BOAO	domestic resources in energy supply	2
BOAO	economic development	4
BOAO	economic growth in Asia	2
BOAO	economy	2
BOAO	energy supply	2
BOAO	financial crisis	6
BOAO	foreign investment	4
BOAO	future	2
BOAO	global economic development	4
BOAO	global financial crisis	4
BOAO	global goal	2
BOAO	goal	2
BOAO	good	2
BOAO	important role	2
BOAO	market	2
BOAO	measures	2
BOAO	media	2
BOAO	member	2
BOAO	members	2
BOAO	mine	2
BOAO	multilateral process	2
BOAO	near future	2
BOAO	next April	2
BOAO	on foreign investment	4
BOAO	order	2
BOAO	pace	2
BOAO	partner	2
BOAO	process	2
BOAO	prosperous Asia	2
BOAO	quicker opening pace	2
BOAO	reconstruction	2
BOAO	recovery in March	4
BOAO	regional cooperation	2
BOAO	rejuvenation	2
BOAO	settlement	2
BOAO	through cooperation	2
BOAO	trade dispute settlement	2
BOAO	win in Asia	2
BOAO	win-win Asia	8
BOAO	world	4
BOAO	world economy	2
BOAO Forum	development issues	2
BOAO Forum	issue	2
BOAO Forum	partner	2
BOAO Forum	regional partners	2
BOAR'S HEAD INN	STAY	4
BOARD	LIGHTING	2
BOARD	additional features	2
BOARD	feature	2
BOARD HIRE BIKE	ACTIVITIES	2
BOARD HIRE BIKE	OUTDOOR ACTIVITIES	2
BOARD MEMBERS	CHAIR	2
BOARDS	EXTRAS	2
BOARDS	GUIDES	4
BOARDS	INC EXTRAS	2
BOARDS	USEFUL LINKS GUIDES	4
BOASE	Art	2
BOAST	COMMENTARY	2
BOAT	CHALLENGER	8
BOAT	FISHING	16
BOAT	Keywords	30
BOAT	VICTIM IN CHALLENGER	8
BOAT	VIRTUAL FISHING	16
BOAT-EXCAVATION	Adds	2
BOAT-FACTS	Adds	2
BOATMEN	LOUIS STOCKS	4
BOATMEN	STOCKS	4
BOATMEN'S SHARES SOAR	LOUIS STOCKS	4
BOATMEN'S SHARES SOAR	STOCKS	4
BOATS	ATTRACTIONS	2
BOATS	CALIFORNIA	4
BOATS	LABOR	2
BOATS	NORTHERN CALIFORNIA	4
BOB	BROADBAND-ISPS Deletes	2
BOB	COMMENTARY	4
BOB	Deletes	2
BOB	EDITORIAL	2
BOB	London	2
BOB	U K COMMENTARY	2
BOB	branch	2
BOB	branches	2
BOB	building	2
BOB	buildings	2
BOB	stock	2
BOB BALABAN	room	2
BOB BLISS	CONTRIBUTION	2
BOB BLISS	GUEST CONTRIBUTION	2
BOB CARR	Australia Target	2
BOB CARR	Target	2
BOB DOLE	COMMENTARY	24
BOB DOLE	EDITORIAL	2
BOB DOLE	New York Times News Service COMMENTARY	10
BOB DOLE	R K COMMENTARY	4
BOB DOLE	R P COMMENTARY	4
BOB DOLE	R W COMMENTARY	4
BOB DYLAN	contemporary music	2
BOB DYLAN	music	2
BOB FARNELL	Canada	8
BOB FARNELL	Unidos e Canada	8
BOB FARNELL	Unidos m cenada	2
BOB FARNELL	cenada	2
BOB GRANT	CRITIC'S NOTEBOOK	4
BOB GRANT	NOTEBOOK	4
BOB JEFFREY	Editors	2
BOB JEFFREY	Perspective Guest Editors	2
BOB KNIGHT	COMING SOON	4
BOB KNIGHT	SOON	4
BOB MARLEY	band	4
BOB MARLEY	well-known Jamaican bands	4
BOB OJEDA	LEAD	2
BOB PASTOR	ANALYSIS	2
BOB PERRY He	donor	2
BOB PERRY He	initial donor	2
BOB Publisher	Author	2
BOB Publisher	WALT DISNEY WORLD Author	2
BOB ROBERTS	film	2
BOB ROBERTS	films	2
BOB STEIN	DIGITAL FRONTIER	2
BOB STEIN	FRONTIER	2
BOB STEIN	official	2
BOB STEIN	team officials	2
BOB STODDARD	experience	2
BOB STODDARD	league experience	2
BOB WEIR	Dead	2
BOB WEIR	Grateful Dead	2
BOB'S CASTLE ADVENTURE	BUILDER	2
BOB-DIARY	Adds	4
BOB-TIME	Adds	2
BOB-TIME NATION FIRES	Adds	2
BOBAFATT	Act	6
BOBBY	Adds	4
BOBBY	accessibility evaluation tools	2
BOBBY	artist	2
BOBBY	indie music artists	2
BOBBY	tool	2
BOBBY BROWN	LEAD	2
BOBBY DAVIS show	running blues show	2
BOBBY DAVRO	MISS WORLD	2
BOBBY DAVRO	WORLD	2
BOBBY FISCHER	LEAD	2
BOBBY RUSH	E MUSIC REVIEW	2
BOBBY RUSH	MUSIC REVIEW	2
BOBBY RUSH	REVIEW	4
BOBBY THOMSON	celebrities	2
BOBBY THOMSON	celebrity	2
BOBBY THOMSON	sports celebrities	2
BOBBY THOMSON	sports celebrity	2
BOBBY accessibility audit	software	2
BOBCAT GOLDTHWAIT	JOKE	2
BOBE	CONGO	2
BOBE	Close	2
BOBE	EQUITY PREVIEW	4
BOBE	PREVIEW	4
BOBICO	Web	4
BOBO DIOULASSO	GMT SOCCER	6
BOBO DIOULASSO	Ivory Coast	2
BOBO DIOULASSO	SOCCER	6
BOBOKVATI	International	2
BOBYQA	algorithm	2
BOBYQA	resultant algorithms	2
BOC	BUSINESS	6
BOC	Chinese banks	4
BOC	Components	2
BOC	Diploma requirements	2
BOC	F FINANCING BUSINESS	2
BOC	FINANCING BUSINESS	4
BOC	Four state banks	2
BOC	IPOs	6
BOC	Semiconductor Components	2
BOC	bank	16
BOC	banking	2
BOC	banks	8
BOC	brand	2
BOC	brand name	2
BOC	client	2
BOC	clients	2
BOC	companies	10
BOC	company	10
BOC	corporation	4
BOC	corporations	4
BOC	customer	2
BOC	entities	2
BOC	entity	2
BOC	established brand names	2
BOC	gas supplier	2
BOC	gas suppliers	4
BOC	giant	2
BOC	household brands	2
BOC	key customers	2
BOC	requirement	2
BOC	site	2
BOC	specific high-risk sites	2
BOC	state bank	4
BOC	state banks	2
BOC	supplier	6
BOC	traditional chemical giants	2
BOC	why national banks	2
BOC Aviation Singapore	economic downturn	2
BOC BEIJING	HK shares	2
BOC BEIJING	September	2
BOC BEIJING	pct in September	2
BOC BEIJING	share	2
BOC Card	card services	2
BOC Card	service	2
BOC Chairman HONG KONG	China's Banking Reform	2
BOC Chairman HONG KONG	Reform	2
BOC Challenge	race	2
BOC Challenge	world races	2
BOC Covent Garden	London galleries	2
BOC Covent Garden	gallery	2
BOC Credit Card	card services	2
BOC Credit Card	service	2
BOC DALIAN	second half	2
BOC DALIAN	steady growth in second half	2
BOC Distribution Services	contractor	2
BOC Distribution Services	external contractors	2
BOC Gases	Province	2
BOC Gases	Shanxi Province	2
BOC Group	blue-chip multinationals	2
BOC Group	case	2
BOC Group	collection	2
BOC Group	company	2
BOC Group	features in collections	2
BOC Group	historic industrial giants	4
BOC Group	industrial giant	4
BOC Group	international companies	2
BOC Group	multinational	2
BOC Group	organisation	4
BOC Group	organisations	4
BOC Group	personal injury case	2
BOC Group	world	2
BOC Group Trustee Co	BOCI	2
BOC HONG KONG	Asia's bond center	2
BOC HONG KONG	center	2
BOC Hong Kong	Chinese banks	4
BOC Hong Kong	bank	4
BOC Hong Kong	chase laggards	2
BOC Hong Kong	company	8
BOC Hong Kong	financial stocks	2
BOC Hong Kong	key companies	8
BOC Hong Kong	laggard	2
BOC Hong Kong	mortgage lender	4
BOC Hong Kong	mortgage lenders	4
BOC Hong Kong	stock	2
BOC Hong Kong said	Hong Kong lenders	2
BOC Hong Kong said	lender	2
BOC Insurance	division	2
BOC Insurance	operating divisions	2
BOC International	Evergrande IPO	2
BOC International	IPO	2
BOC International	UK	2
BOC International	division	2
BOC International	operating divisions	2
BOC International Holdings	Hong Kong's business community	2
BOC International Holdings	business community	2
BOC Investment	division	2
BOC Investment	operating divisions	2
BOC Macao	commercial bank in Macao	4
BOC Transhield	employer	2
BOC Transhield	employers	2
BOC charge	exceptional circumstance	2
BOC charge	oxygen in exceptional circumstances	2
BOC in Basildon	demo	2
BOC in Basildon	regular SHAC suppliers demos	2
BOC interests	Asia	8
BOC report HONG KONG	recovery	2
BOC spokesman BEIJING	Bank of China	2
BOC spokesman BEIJING	H-shares	6
BOC spokesman BEIJING	old stories	2
BOC spokesman BEIJING	share	6
BOC spokesman BEIJING	story	2
BOC-Linde	provider	2
BOC-Linde	speciality gas providers	2
BOCA	Sources	2
BOCA	collegiate a cappella compilations	2
BOCA	compilation	2
BOCA	vendor	2
BOCA	vendors	2
BOCA Code ssPM	See	2
BOCA RATON	Report	8
BOCA RATON	currency	2
BOCA RATON	on currency	2
BOCA-MUSEUM	Adds	2
BOCC	area	2
BOCC	following areas	2
BOCC's Technical Director	Foster interviews experts	2
BOCC's Technical Director	expert	2
BOCDAM	software development	2
BOCDAM	software developments	2
BOCES	area	2
BOCES	area schools	2
BOCES	item	2
BOCES	name	2
BOCES	names	2
BOCES	school	2
BOCES	special items	2
BOCES	state	2
BOCHK	Hong Kong	2
BOCHK	mortgage lender in Hong Kong	2
BOCHK HONG KONG	Japan	2
BOCHUM	Germany	2
BOCM Pauls	organisation	2
BOCM Pauls	organisations	2
BOCM Silcock	companies	2
BOCM Silcock	company	2
BOCOG BEIJING	Olympic Games	2
BOCOG BEIJING	Olympic product license over child labor	4
BOCOG BEIJING	Olympics	2
BOCOG BEIJING	child labor	4
BOCOG BEIJING	effect Olympics	2
BOCOG BEIJING	previous Olympic Games	2
BOCOG Beijing	Tibet unrest	2
BOCOG Beijing	unrest	2
BOCOG Green Office	area	2
BOCOG Green Office	covers twelve areas	2
BOCOG secretary general	BOCOG officials	2
BOCOG secretary general	official	2
BOCOG vice president BEIJING	bearer	2
BOCOG vice president BEIJING	torch bearers	2
BOCOM	bank	2
BOCOM	banks	2
BOCU	code unit	2
BOCU	unit	2
BOCUSE	LEAD	2
BOClean	defense	2
BOD	Keywords	2
BOD	characteristic	2
BOD	characteristics	2
BOD	electrochemistry testing	2
BOD	existing environmental monitoring techniques	2
BOD	parameter	2
BOD	parameters	2
BOD	technique	2
BOD	test	2
BOD	treatment performance variables	2
BOD	variable	2
BODC	NERC data centres	2
BODC	centre	2
BODC	publication	2
BODC Web Services	BODC	2
BODE	Keywords	6
BODIES	Adds	4
BODIES	LUXURY	2
BODMIN Trehellas Hotel	Cornwall	2
BODMIN Trehellas Hotel	Inns in Cornwall	2
BODS	service	2
BODS	voluntary youth services	2
BODW Forum	year	2
BODY	Associated Press Writer DATELINE	2
BODY	CHILDHOOD CANCER	2
BODY	DATELINE	2
BODY	HTML element	2
BODY	Keywords	204
BODY	MODERN CONSTRUCTION TECHNIQUES	2
BODY	NEW YORK WINE	4
BODY	Performances	4
BODY	SUMMER TOUR	2
BODY	TECHNIQUES	2
BODY	TOUR	2
BODY	Title	2
BODY	WINE	4
BODY	categories	2
BODY	category	2
BODY	course Course Title	2
BODY	element	8
BODY	elements	6
BODY	name	2
BODY	slogan	2
BODY	tag names	2
BODY BAGS MINNEAPOLIS	GROWING	2
BODY BUILDER	device	2
BODY BUILDER	devices	2
BODY LANGUAGE	TOPICS	2
BODY Magazine	Post	2
BODY PARTS	AID	4
BODY PARTS	NEW STUDENT AID	4
BODY PARTS	domain	4
BODY PARTS	target domains	4
BODY tag	body	2
BODY-CANAL	Adds	2
BODYARMOR	Adds	2
BODYATTACK Bodyattack	Body Training Systems	2
BODYATTACK Bodyattack	Systems	2
BODYCOUNT	Bands	2
BODYKE	Info	8
BODYKE	info	6
BODYPUMP	class	2
BODYPUMP	wellness classes	2
BODs	CAM templates	2
BODs	template	2
BOE	G7 central bank news	4
BOE	Washington County	2
BOE	employer in Washington County	2
BOE	news	4
BOE Governor Mervyn	member	2
BOE Governor Mervyn	members	2
BOE RAISES RATES	ECONOMY	2
BOE Taipei	appliance	4
BOE Taipei	energy-saving appliances	4
BOE fees	origin	2
BOE hold rates	FINANCE	2
BOE think	economist	2
BOE think	economists	2
BOEHNER	Adds	2
BOEHNER	LEAKS	4
BOEING	AIR SHOW	4
BOEING	ANALYSIS	6
BOEING	EQUITY PREVIEW	32
BOEING	KLONDIKE	10
BOEING	PREVIEW	32
BOEING	PUGET SOUND STOCKS	24
BOEING	R F AIR SHOW	2
BOEING	SEATTLE	16
BOEING	STOCKS	24
BOEING	U F ANALYSIS	2
BOEING	USA SEATTLE	8
BOEING GAINS	PUGET SOUND STOCKS	4
BOEING GAINS	STOCKS	4
BOEING LEAD INDEX	PUGET SOUND STOCKS	4
BOEING LEAD INDEX	STOCKS	4
BOEING RISES	PUGET SOUND STOCKS	4
BOEING RISES	STOCKS	4
BOEING SHARES LIFT	PUGET SOUND STOCKS	4
BOEING SHARES LIFT	STOCKS	4
BOEING San Francisco	TAIWAN	2
BOEING'S STOCK	F TAKING STOCK	4
BOEING'S STOCK	TAKING STOCK	2
BOEING-AIRBUS-CONTRACT	Editors	2
BOEP	specific security technologies	2
BOEP	technology	2
BOER	DF	2
BOER	MF	2
BOESWILLWALD	author	2
BOESWILLWALD	same author	2
BOF	France	2
BOF	G7 central bank news	4
BOF	National Governing Body Awards eg	2
BOF	SMATV networks	2
BOF	agency	2
BOF	central bank news	2
BOF	eg	2
BOF	network	2
BOF	news	6
BOF	story	2
BOF	tier	2
BOF	tiers	2
BOF	town agencies	2
BOF's environmental policy	resource	2
BOF's environmental policy	will find resources	2
BOFA LEAD INDEX	F SACRAMENTO STOCKS	2
BOFA LEAD INDEX	SACRAMENTO STOCKS	2
BOFA LEAD INDEX	STOCKS	4
BOFA Online	cycle	2
BOFIA	allied matters	2
BOFIA	matter	2
BOFT CHIEF Taipei	NAME	2
BOFT CHIEF Taipei	WTO NAME	2
BOFT Director	agency	2
BOFT Director	relevant agencies	2
BOFT HEAD Taipei	YEAR	2
BOFT OFFICIAL Taipei	COMMITTEES	2
BOFT OFFICIAL Taipei	OECD COMMITTEES	2
BOFT Taipei	BOOMING EXPORTS	2
BOFT Taipei	CHINA	2
BOFT Taipei	COMMITTEES	2
BOFT Taipei	China given boost	2
BOFT Taipei	DEFLATION	2
BOFT Taipei	DISADVANTAGEOUS POSITION	2
BOFT Taipei	DOUBLE-DIGIT GROWTH	2
BOFT Taipei	ENTRY	2
BOFT Taipei	EXPORTS	2
BOFT Taipei	EXPORTS TO JAPAN	2
BOFT Taipei	FTA	2
BOFT Taipei	GROWTH	2
BOFT Taipei	INCREASE	2
BOFT Taipei	JAPAN	4
BOFT Taipei	LIST	2
BOFT Taipei	MAKERS	2
BOFT Taipei	MARKET SHARE IN CHINA	2
BOFT Taipei	OECD COMMITTEES	2
BOFT Taipei	ON INCREASE	2
BOFT Taipei	ON TAIWAN CD MAKERS	2
BOFT Taipei	ON TAIWAN MADE SCREWS	2
BOFT Taipei	ONLY SHORT TERM	2
BOFT Taipei	PERCENT	8
BOFT Taipei	POSITION	2
BOFT Taipei	PROCEDURES	2
BOFT Taipei	RANGE	2
BOFT Taipei	SCREWS	2
BOFT Taipei	SEMINAR	2
BOFT Taipei	SHORT TERM	2
BOFT Taipei	SURGE	4
BOFT Taipei	TAIWAN	2
BOFT Taipei	TAIWAN FTA	2
BOFT Taipei	TAIWAN NEXT YEAR	2
BOFT Taipei	TAIWAN'S ACCESSION TO WTO	2
BOFT Taipei	TOLERABLE RANGE	2
BOFT Taipei	TRADE FACILITATION SEMINAR	2
BOFT Taipei	WTO	2
BOFT Taipei	WTO ENTRY	2
BOFT Taipei	WTO ENTRY PROCEDURES	2
BOFT Taipei	YEAR	4
BOFT Taipei	boost	2
BOFT Taipei	price	2
BOFT Taipei	rising raw material prices	2
BOFT Taipei	trading nation	2
BOFT head Taipei	Summit	4
BOFT head Taipei	Taipei Summit	4
BOG	BOOK REVIEW	4
BOG	EQUITY MOVERS	2
BOG	MOVERS	2
BOG	company	2
BOG	financial aid	2
BOG	issues financial aid	2
BOG	letter	2
BOG	letters	2
BOG	rival companies	2
BOGAR	Mets	2
BOGARTS	DVDS	2
BOGARTS	NEW DVDS	2
BOGDANOR	Speakers	2
BOGE	NAMES	2
BOGGS	straight years	2
BOGGS	year	2
BOGNOR REGIS	contact	2
BOGNOR REGIS TOWN HALL	contact	2
BOGO	name	2
BOGO	under many names	2
BOGOF offers	area	2
BOGOF offers	on areas	2
BOGOF promotion	Promotion	2
BOGOF promotion	htm Promotion	2
BOGOFs	effect	2
BOGOFs	external' effects	2
BOGOLOBSKI	marriage	2
BOGOLOBSKI	marriages	2
BOGOR	BOXING	2
BOGOR	Bali	4
BOGOR	EDITORS	4
BOGOR	Eds	2
BOGOR	Features	2
BOGOR	GMT news advisory	2
BOGOR	Iraq	2
BOGOR	Javanese rhino	2
BOGOR	Muslim in Iraq	2
BOGOR	Style	2
BOGOR	Suharto's Summit Style	2
BOGOR	advisory	2
BOGOR	export	2
BOGOR	exporting	2
BOGOR	new climate change regime	2
BOGOR	regime	2
BOGOR	rhino	2
BOGOR	serious negotiation in Bali	4
BOGOR	super-heavyweight Eds	2
BOGOR	support conservation work	2
BOGOR	work	2
BOGOTA	AUC respects commitment	2
BOGOTA	Afghanistan	4
BOGOTA	Aid	2
BOGOTA	America	2
BOGOTA	Andean countries	4
BOGOTA	Angus Shaw TENNIS	2
BOGOTA	Asia	2
BOGOTA	Associated Press	2
BOGOTA	Away	2
BOGOTA	Backgrounder	2
BOGOTA	Betancourt	2
BOGOTA	Bogota	4
BOGOTA	Bogota airport	2
BOGOTA	Bogota blast	2
BOGOTA	Bogota club attack	2
BOGOTA	Bogota hotel	4
BOGOTA	Boost Tourism	4
BOGOTA	Brazil affects Colombia	2
BOGOTA	Bush visit	2
BOGOTA	COLOMBIA	24
BOGOTA	COLOMBIA-HUMAN RIGHTS	6
BOGOTA	COMMENTARY	2
BOGOTA	CYCLING	4
BOGOTA	Cabinet	6
BOGOTA	Caribbean Sea	2
BOGOTA	Chavez	2
BOGOTA	China-Colombia ties	2
BOGOTA	Chinese citizens	2
BOGOTA	Choco	2
BOGOTA	Civil War in Colombia	2
BOGOTA	Clarification	2
BOGOTA	Colombia	96
BOGOTA	Colombia air crash dies	2
BOGOTA	Colombia blast	2
BOGOTA	Colombia bomb attack	2
BOGOTA	Colombia crash	2
BOGOTA	Colombia friendship	2
BOGOTA	Colombia military operations	2
BOGOTA	Colombia's Choco	2
BOGOTA	Colombia's Sovereignty	2
BOGOTA	Colombia's anti-narcotics program	2
BOGOTA	Colombia's armed conflict	16
BOGOTA	Colombia's leader	2
BOGOTA	Colombian	4
BOGOTA	Colombian Guerrillas	2
BOGOTA	Colombian Open Results Eds	6
BOGOTA	Colombian city	2
BOGOTA	Colombian conflict	2
BOGOTA	Colombian crash	4
BOGOTA	Colombian guerrillas	2
BOGOTA	Colombian hostage release	6
BOGOTA	Colombian jail	2
BOGOTA	Colombian jail Eds	2
BOGOTA	Colombian military raid	2
BOGOTA	Colombian president-elect	2
BOGOTA	Colombian presidential elections	2
BOGOTA	Colombian rebel chief	2
BOGOTA	Colombian rebel-paramilitary fighting	2
BOGOTA	Colombian rebels	4
BOGOTA	Colombians	4
BOGOTA	Congress	2
BOGOTA	Copa Libertadores	2
BOGOTA	Correction	4
BOGOTA	Cuba	4
BOGOTA	Death Penalty	2
BOGOTA	Disturbances	2
BOGOTA	Drug Traffic	2
BOGOTA	EDITORS	4
BOGOTA	ELN	2
BOGOTA	EU Aid	2
BOGOTA	Easter	2
BOGOTA	Eds	24
BOGOTA	Erica Bulman SOCCER	2
BOGOTA	Escobar	2
BOGOTA	Evaluation	2
BOGOTA	FARC	6
BOGOTA	FARC Ready	2
BOGOTA	FARC chief	4
BOGOTA	FARC rebels	2
BOGOTA	FEATURES	16
BOGOTA	FEATURES MOVING	2
BOGOTA	FINANCE	4
BOGOTA	FIRST LOVE	2
BOGOTA	Face Death Penalty	2
BOGOTA	Far Away	2
BOGOTA	Foreign Evaluation	2
BOGOTA	French president	8
BOGOTA	GDP	2
BOGOTA	GENERAL	2
BOGOTA	German hostage	4
BOGOTA	German hostages	2
BOGOTA	Goya TOP STORIES	2
BOGOTA	Granda's release	2
BOGOTA	Guerrillas	2
BOGOTA	HUMAN RIGHTS	6
BOGOTA	Iraq crisis	2
BOGOTA	Israel	2
BOGOTA	January	2
BOGOTA	Journalists	2
BOGOTA	Key Spots	2
BOGOTA	Kingpin Arrest Eds	2
BOGOTA	LOVE	2
BOGOTA	Levy War Tax	2
BOGOTA	Libertadores	2
BOGOTA	Lot	2
BOGOTA	MAIN SPOT NEWS	24
BOGOTA	MOVING	2
BOGOTA	March in Colombia	2
BOGOTA	Monday	2
BOGOTA	Net	10
BOGOTA	New President	2
BOGOTA	Official	2
BOGOTA	Park	2
BOGOTA	Peace Process in Colombia	2
BOGOTA	Peace Talks	2
BOGOTA	Peru	4
BOGOTA	President	2
BOGOTA	Probe	2
BOGOTA	Profile	4
BOGOTA	Ready	2
BOGOTA	Rebel-army clashes outside Bogota	2
BOGOTA	SECURITY	2
BOGOTA	SOCCER	2
BOGOTA	SPOT NEWS	26
BOGOTA	Samper	2
BOGOTA	Samper campaign	2
BOGOTA	Sea	2
BOGOTA	South American World Cup places	2
BOGOTA	Sovereignty	2
BOGOTA	Spots	2
BOGOTA	Sunday	4
BOGOTA	TENNIS	4
BOGOTA	TOP STORIES	18
BOGOTA	Tax	2
BOGOTA	Tennis	8
BOGOTA	Tourism	4
BOGOTA	UN Official	2
BOGOTA	URg ties	2
BOGOTA	US	6
BOGOTA	US aggression	4
BOGOTA	US court	2
BOGOTA	US diplomats	2
BOGOTA	UTC TOP STORIES	10
BOGOTA	Under Probe	2
BOGOTA	Vatican	2
BOGOTA	Venezuela	24
BOGOTA	Venezuela despite row	2
BOGOTA	Venezuelan presidents	2
BOGOTA	Venezuelan troops	4
BOGOTA	Villa Park	2
BOGOTA	WHEY-AIDS MAIN SPOT NEWS	2
BOGOTA	Welcome in Colombia	2
BOGOTA	World Series Results Eds	4
BOGOTA	adversary	4
BOGOTA	after Colombian rebel attacks	2
BOGOTA	aggression	4
BOGOTA	agreement	2
BOGOTA	aiding Colombian rebels	2
BOGOTA	air tragedy	8
BOGOTA	airport	2
BOGOTA	ambush	2
BOGOTA	anti-guerilla war	2
BOGOTA	armed conflict	16
BOGOTA	armed group	2
BOGOTA	armed groups	2
BOGOTA	armed groups in Colombia	2
BOGOTA	arms	4
BOGOTA	army assault	4
BOGOTA	arrest	4
BOGOTA	assault	4
BOGOTA	attack	10
BOGOTA	bird flu	2
BOGOTA	blast	4
BOGOTA	bomb attack	2
BOGOTA	broad TOP STORIES	2
BOGOTA	broker peace	2
BOGOTA	brother	2
BOGOTA	brother's arrest	2
BOGOTA	bullet	2
BOGOTA	bullets	2
BOGOTA	campaign	2
BOGOTA	car bomb in Colombia	4
BOGOTA	case	2
BOGOTA	cases	2
BOGOTA	cash	2
BOGOTA	category codes	12
BOGOTA	cease-fire	2
BOGOTA	chief	6
BOGOTA	child	2
BOGOTA	children	2
BOGOTA	cities	2
BOGOTA	citizen	2
BOGOTA	city	4
BOGOTA	clash	2
BOGOTA	clashes	2
BOGOTA	cocaine	4
BOGOTA	code	12
BOGOTA	commitment	2
BOGOTA	conflict	8
BOGOTA	country	4
BOGOTA	court	4
BOGOTA	court rule	2
BOGOTA	crash	8
BOGOTA	crisis	2
BOGOTA	day	2
BOGOTA	days	2
BOGOTA	dead	2
BOGOTA	dead in Colombia	2
BOGOTA	death threat	2
BOGOTA	death threats	2
BOGOTA	detail	2
BOGOTA	details	2
BOGOTA	development	2
BOGOTA	die	2
BOGOTA	diplomat	2
BOGOTA	disease	2
BOGOTA	disrespect' Colombia	2
BOGOTA	dozen	2
BOGOTA	dozens	2
BOGOTA	drug	2
BOGOTA	drug dealer	2
BOGOTA	drug dealers	2
BOGOTA	drug dealing	2
BOGOTA	druglords' payroll	2
BOGOTA	drugs	2
BOGOTA	eastern Colombia	2
BOGOTA	enemy	2
BOGOTA	ex-rebel haven	2
BOGOTA	exclusive neighborhood Eds	2
BOGOTA	expanded form	24
BOGOTA	explosive	2
BOGOTA	exporter	2
BOGOTA	exporters	2
BOGOTA	extradition	4
BOGOTA	face extradition	2
BOGOTA	family in Colombia	2
BOGOTA	famous ones	2
BOGOTA	fighter	4
BOGOTA	fighters	2
BOGOTA	fighting	4
BOGOTA	financial crisis	2
BOGOTA	first time	2
BOGOTA	first-round re-election win	2
BOGOTA	flight	2
BOGOTA	flu	2
BOGOTA	foreign tourist	10
BOGOTA	foreigner	4
BOGOTA	foreigners	4
BOGOTA	form	24
BOGOTA	free Betancourt	2
BOGOTA	free foreign tourists	2
BOGOTA	friendship	2
BOGOTA	gender	2
BOGOTA	generation	4
BOGOTA	global financial crisis	2
BOGOTA	good	2
BOGOTA	goods	2
BOGOTA	government	2
BOGOTA	government office	2
BOGOTA	group in Venezuela	2
BOGOTA	guerrilla	6
BOGOTA	guerrilla ambush	2
BOGOTA	guerrillas	2
BOGOTA	half	2
BOGOTA	halt kidnapping	2
BOGOTA	haven	2
BOGOTA	heart attack	2
BOGOTA	help in hostage crisis	2
BOGOTA	heroin trafficking ring	2
BOGOTA	high popularity rating	2
BOGOTA	hits FARC	2
BOGOTA	hostage	26
BOGOTA	hostage crisis	2
BOGOTA	hostage in Colombia	2
BOGOTA	hostage release	2
BOGOTA	hostages	6
BOGOTA	hostages in Colombia	4
BOGOTA	hostages-for-prisoners swap	2
BOGOTA	hotel	4
BOGOTA	human rights	2
BOGOTA	humanitarian agreement	2
BOGOTA	immunity	2
BOGOTA	inauguration day suicide attack	2
BOGOTA	increase FARC terrorism	2
BOGOTA	infiltrates security services	2
BOGOTA	information	2
BOGOTA	jail	2
BOGOTA	journalist	2
BOGOTA	journalists	2
BOGOTA	keep arms	4
BOGOTA	key Colombian oil pipeline	2
BOGOTA	kidnapping	2
BOGOTA	kill Chavez	2
BOGOTA	kill Colombian witness	2
BOGOTA	kills five people	2
BOGOTA	landmine victim list	2
BOGOTA	law	4
BOGOTA	leader	12
BOGOTA	leave Cuba	2
BOGOTA	leftist guerrillas	2
BOGOTA	leftist rebel	2
BOGOTA	leftist rebels	2
BOGOTA	legislator	2
BOGOTA	legislators	2
BOGOTA	like Pablo Escobar	2
BOGOTA	limbo	2
BOGOTA	list	2
BOGOTA	low-danger strain	2
BOGOTA	make prisoner swap	2
BOGOTA	mayor	2
BOGOTA	military base	2
BOGOTA	military operation	2
BOGOTA	minefield	2
BOGOTA	missing	4
BOGOTA	missing plane in Colombia	2
BOGOTA	months in Peru	2
BOGOTA	narco	2
BOGOTA	narcos	2
BOGOTA	negotiation	2
BOGOTA	negotiations	2
BOGOTA	new Congress Eds	2
BOGOTA	new adversary	4
BOGOTA	new weapon	2
BOGOTA	next Monday	2
BOGOTA	northern Colombia	2
BOGOTA	official	2
BOGOTA	officials	2
BOGOTA	oil pipeline	2
BOGOTA	on Colombia	2
BOGOTA	on Colombia government office	2
BOGOTA	on Colombian human rights	2
BOGOTA	on conflict	4
BOGOTA	on ending conflict	2
BOGOTA	on hostage swap	2
BOGOTA	on military bases	2
BOGOTA	one	2
BOGOTA	option	2
BOGOTA	options	2
BOGOTA	out	2
BOGOTA	own gender	2
BOGOTA	paramilitaries in Colombia	2
BOGOTA	paramilitary	2
BOGOTA	paramilitary leader's condition unknown	2
BOGOTA	paramilitary peace in limbo	2
BOGOTA	payroll	2
BOGOTA	peace	2
BOGOTA	peace conferences in Colombia	2
BOGOTA	peace process	4
BOGOTA	peace process in Colombia	2
BOGOTA	peasants hostage	2
BOGOTA	people	8
BOGOTA	people in Colombia	6
BOGOTA	percent	2
BOGOTA	percentage point	2
BOGOTA	percentage points	2
BOGOTA	period	2
BOGOTA	place	2
BOGOTA	plane crash	2
BOGOTA	plane in Colombia	2
BOGOTA	poll	2
BOGOTA	polls	2
BOGOTA	pollution	2
BOGOTA	president	10
BOGOTA	president-elect	2
BOGOTA	presidential candidate	2
BOGOTA	presidential election	4
BOGOTA	presidential elections	2
BOGOTA	presumed FARC attack	2
BOGOTA	preventable diseases	2
BOGOTA	price	4
BOGOTA	prisoner swap	6
BOGOTA	producer	8
BOGOTA	program	2
BOGOTA	push up prices	4
BOGOTA	quit	2
BOGOTA	raid	2
BOGOTA	rate	2
BOGOTA	rebel	20
BOGOTA	rebel arrest	2
BOGOTA	rebel attack	6
BOGOTA	rebel cash	2
BOGOTA	rebel dead	2
BOGOTA	rebel group	2
BOGOTA	rebel leader	2
BOGOTA	rebel minefield	2
BOGOTA	rebels	10
BOGOTA	rebels' court	2
BOGOTA	rebels' hostages	2
BOGOTA	rebles	2
BOGOTA	refugee	2
BOGOTA	refugees	2
BOGOTA	region	6
BOGOTA	release	10
BOGOTA	release hostages	2
BOGOTA	release seven foreign tourists	8
BOGOTA	release three hostages	4
BOGOTA	repercussion	4
BOGOTA	rescue FARC hostages	2
BOGOTA	resume drug interdiction flights	2
BOGOTA	right-wing fighters	2
BOGOTA	rightist paramilitaries	2
BOGOTA	ring	2
BOGOTA	row	2
BOGOTA	same task	10
BOGOTA	sea	2
BOGOTA	senior FARC leader	10
BOGOTA	serious repercussions	4
BOGOTA	service	2
BOGOTA	sex trafficking	2
BOGOTA	shot in Colombia	2
BOGOTA	slay ten hostages	2
BOGOTA	southwestern Colombia	2
BOGOTA	start Sunday	4
BOGOTA	strain	2
BOGOTA	success	2
BOGOTA	suicide attack	2
BOGOTA	sustainable development	2
BOGOTA	swap	4
BOGOTA	taken hostage in Colombia	2
BOGOTA	task	10
BOGOTA	terrorism	2
BOGOTA	tie	6
BOGOTA	ties	2
BOGOTA	time	2
BOGOTA	top rebel leader Eds	2
BOGOTA	traffic	2
BOGOTA	trafficking's third generation	4
BOGOTA	tragedy	8
BOGOTA	training Colombian rebels	2
BOGOTA	troop	4
BOGOTA	unilateral cease-fire	2
BOGOTA	unknown	2
BOGOTA	us strike rebel leader	2
BOGOTA	use explosives	2
BOGOTA	violent region	4
BOGOTA	visit	2
BOGOTA	wants out	2
BOGOTA	war	2
BOGOTA	weapon	2
BOGOTA	week	2
BOGOTA	well	2
BOGOTA	win	2
BOGOTA	witness	2
BOGOTA	work	2
BOGOTA	world	2
BOGOTA	world's largest cocaine producer	2
BOGOTA	world's leading coca producer	6
BOGOTA	year	6
BOGS Issue	fauna	2
BOGUS SCHOOL COMPARISONS WACO	COMMENTARY	2
BOHEMIA	marriage	4
BOHEMIA	marriages	4
BOHEMIAN RHAPSODY CESKY KRUMLOV	CZECH REPUBLIC	2
BOHEMIAN VIBE	HOLLYWOOD	2
BOHEMIAN VIBE	WEST HOLLYWOOD	2
BOHERBUE	info	2
BOHERGLASS	Info	2
BOHLS	Adds	2
BOHLS-CLEMENS	Adds	2
BOHLS-COWBOYS	Eds	4
BOHM	Birkbeck College	6
BOHM	Birkbeck College Title	2
BOHM	College	6
BOHM	Title	2
BOHRF	industry	4
BOI	Gill Location	88
BOI	Location	88
BOI	administrative inquiry	2
BOI	agency	2
BOI	equity capital	2
BOI	here	2
BOI	inquiry	2
BOI	leading organizations	2
BOI	organization	4
BOI	organizations	2
BOI	present here	2
BOI	raise substantial equity capital	2
BOI	related agencies	2
BOI BANGKOK	Overall Recovery	2
BOI BANGKOK	Overheat	2
BOI BANGKOK	Recovery	2
BOI CHIEF Taipei	PRESIDENT	2
BOILING	Keywords	24
BOINC	Utilities	2
BOINC	collaborative efforts	2
BOINC	computing system	2
BOINC	distributed computing platforms	2
BOINC	distributed system	4
BOINC	distributed systems	4
BOINC	effort	2
BOINC	following grids	2
BOINC	grid	2
BOINC	platform	4
BOINC	platforms	2
BOINC	project	2
BOINC	scale volunteer computing systems	2
BOINC	volunteer computing projects	2
BOISE	CYCLING	2
BOISE	Clarification	2
BOISE	DEMOCRAT	2
BOISE	HAVANA	2
BOISE	Liljeblad	2
BOISE	Musashimaru Hokutoriki HAVANA	2
BOISE	SELF-STYLED DEMOCRAT	2
BOISE	Sven Liljeblad	2
BOISE	WINTER OLYMPICS	2
BOISE CASCADE	F ILLINOIS STOCKS	2
BOISE CASCADE	ILLINOIS STOCKS	2
BOISE CASCADE	STOCKS	4
BOISE CASCADE LEAD INDEX	F ILLINOIS STOCKS	2
BOISE CASCADE LEAD INDEX	ILLINOIS STOCKS	2
BOISE CASCADE LEAD INDEX	STOCKS	4
BOJ	G7 central bank news	4
BOJ	bank	2
BOJ	central bank	14
BOJ	central bank news	2
BOJ	central banks	14
BOJ	domestic banks	2
BOJ	log	2
BOJ	news	6
BOJ	program log	2
BOJ SAYS BAD DEBT	FINANCIAL SYSTEM	8
BOJ SAYS BAD DEBT	ISSUE FACING FINANCIAL SYSTEM	8
BOJ TOKYO	Flat in March	2
BOJ TOKYO	March	2
BOJ TOKYO	economic growth	2
BOJ TOKYO	loom	2
BOJ TOKYO	moderate pace	2
BOJ TOKYO	pace	2
BOJ TOKYO	quarter	2
BOJ TOKYO	sixth straight quarter	2
BOJ TOKYO	uncertainty looms	2
BOJ WATCH Tokyo	BECOMING CENTRAL BANK HEADACHE	2
BOJ WATCH Tokyo	HEADACHE	2
BOJ WATCH Tokyo	JAPAN'S RATES	2
BOJ WATCH Tokyo	KEEP LOW RATES	4
BOJ WATCH Tokyo	RATE RISE	2
BOJ WATCH Tokyo	RATE SPECULATION	2
BOJ WATCH Tokyo	RATE-RISE TALK	2
BOJ WATCH Tokyo	RATES	6
BOJ WATCH Tokyo	RISE	2
BOJ WATCH Tokyo	SPECULATION	2
BOJ WATCH Tokyo	TALK	2
BOJ chief TOKYO	appropriate measures if necessary	4
BOJ chief TOKYO	bolstering economy	2
BOJ chief TOKYO	economic uncertainty	2
BOJ chief TOKYO	economy	2
BOJ chief TOKYO	necessary	4
BOJ chief TOKYO	rise	4
BOJ chief TOKYO	standstill	2
BOJ chief TOKYO	uncertainty	2
BOJ chief TOKYO	yen's rise	4
BOJ governor TOKYO	deflationary pressure	4
BOJ governor TOKYO	pressure	4
BOJ governor TOKYO	recovery	2
BOJ governor TOKYO	self-sustaining recovery	2
BOJ governor will	member	2
BOJ governor will	members	2
BOJ minutes TOKYO	emerging economy	2
BOJ minutes TOKYO	high growth in emerging economies	2
BOJ report TOKYO	August	2
BOJ report TOKYO	rises in August	2
BOJ tankan survey	indicator	8
BOJ tankan survey	macroeconomic indicators	8
BOJ's Matsushita TOKYO	fundamental	2
BOJ's Matsushita TOKYO	reflecting fundamentals	2
BOK	follow	2
BOK	follows	2
BOK	own way	2
BOK	syllable	2
BOK	syllables	2
BOK	way	2
BOK Center	project	2
BOK Center	projects	2
BOK said	commodities	4
BOK said	commodity	4
BOK said	economic issues	2
BOK said	factor	2
BOK said	factors	2
BOK said	issue	2
BOKAER	bill	2
BOKU	PHOTO	4
BOKU	companies	2
BOKU	company	2
BOKU How can	PHOTO	4
BOL	BRIEF	4
BOL	CROATIAN OPEN	2
BOL	Eds	2
BOL	ISO country codes	2
BOL	Internet suppliers	2
BOL	Internet ventures	14
BOL	NEWS IN BRIEF	4
BOL	OPEN	2
BOL	Open over Majoli Eds	2
BOL	client	2
BOL	clients	2
BOL	country code	2
BOL	partner	2
BOL	regional partners	2
BOL	supplier	2
BOL	venture	14
BOL Records	Company	2
BOL book club	only ventures	4
BOL book club	venture	4
BOLA	Trade Associations	2
BOLABOLA	PLATE	4
BOLAM	Henry	2
BOLAN	following musicians	2
BOLAN	musician	2
BOLCH-BAULCH	form	2
BOLCH-BAULCH	forms	2
BOLD	ANTIQUES	2
BOLD	EDITORIAL	8
BOLD	FALL LOOK	2
BOLD	LOOK	2
BOLD	MOVIES	2
BOLD	PIPER'S SPLIT	2
BOLD	Reagan years	2
BOLD	SPLIT	2
BOLD	U K EDITORIAL	4
BOLD	acronym	2
BOLD	acronyms	2
BOLD	contrast	2
BOLD	font	2
BOLD	insensitive strings	2
BOLD	internal contrast	2
BOLD	organization	2
BOLD	oxygenation	2
BOLD	political organizations	2
BOLD	string	2
BOLD	tumor oxygenation	2
BOLD	year	2
BOLD MESSAGE	BRADLEY	6
BOLD PDP Online	Adding web-bases	2
BOLD PDP Online	basis	2
BOLD SURGEON	FACE	4
BOLD SURGEON	NEW FACE	4
BOLD US	information	2
BOLD US	stock information	2
BOLD functional MRI	advanced functional neuroimaging	2
BOLD functional MRI	neuroimaging	2
BOLD magazine	publication	2
BOLD magazine	publications	2
BOLD signal analysis	method	2
BOLD-FACE TYPE	FEATURES	2
BOLDAK	feature	2
BOLDAK	following features	2
BOLDITALIC	insensitive strings	2
BOLDITALIC	string	2
BOLDNESS CAMBRIDGE	SECRET	2
BOLDOnline	base	2
BOLERO	future systems	2
BOLERO	system	2
BOLEROS	COMMENTARY	4
BOLEROS	U K COMMENTARY	2
BOLET	LEAD	2
BOLETO-AVION-LATIN	BC-MEXICO	10
BOLETO-AVION-LATIN	MEXICO	10
BOLIDEN	CANADIAN EQUITY MOVERS	4
BOLIDEN	MOVERS	4
BOLIVAR	GREMIO	2
BOLIVAR	bloody war	10
BOLIVAR	war	10
BOLIVIA	ANDES	2
BOLIVIA	ANSWER	2
BOLIVIA	BRIEF	2
BOLIVIA	DAYS	2
BOLIVIA	F LATIN AMERICA TODAY	2
BOLIVIA	LATIN AMERICA TODAY	2
BOLIVIA	NEWS IN BRIEF	2
BOLIVIA	TODAY	4
BOLIVIA	TRIVIA ANSWER	2
BOLIVIA	Turkey	2
BOLIVIA	property in Turkey	2
BOLIVIAN SWEATER MANIA LA PAZ	POPULIST	2
BOLIVIAN WARBLING-FINCH	passerine	2
BOLIVIAN WARBLING-FINCH	passerines	2
BOLLENE	French road accident	2
BOLLENE	road accident	2
BOLLETTIERI	Author	2
BOLOGNA	AUTO RACING	8
BOLOGNA	BASKETBALL	4
BOLOGNA	CYCLING	14
BOLOGNA	GMT SOCCER	2
BOLOGNA	RACING	8
BOLOGNA	RUGBY UNION	4
BOLOGNA	RUGBYU	4
BOLOGNA	SKIING	8
BOLOGNA	SOCCER	12
BOLOGNA	TENNIS	2
BOLOGNA	blocking lira talks	2
BOLOGNA	failure	2
BOLOGNA	talk	2
BOLSH	form	2
BOLSH	forms	2
BOLSHOI OPENS	BALLET REVIEW	4
BOLSHOI OPENS	REVIEW	4
BOLSTER	F MARYLAND STOCKS	2
BOLSTER	MARYLAND STOCKS	2
BOLSTER	STOCKS	4
BOLSTER	STUDY	2
BOLSTER IRAQ	ERA	4
BOLSTER IRAQ	POST-ZARQAWI ERA	4
BOLT	Keywords	22
BOLT	Name	4
BOLT FROM THE BLUE	Message	2
BOLTINOFF	Adds	2
BOLTON	Bolton	2
BOLTON	Britain	2
BOLTON	EDT SOCCER	2
BOLTON	FOLLOWING OFFICES	8
BOLTON	NORTH WEST	2
BOLTON	Net	2
BOLTON	OFFICES	8
BOLTON	RUGBY LEAGUE	10
BOLTON	SOCCER	4
BOLTON	WILDLIFE HOSPITAL NORTH WEST	2
BOLTON	good	2
BOLTON	join Bolton	2
BOLTON	town in Britain	2
BOLTON	world's best	2
BOLTON BL	contact	2
BOLTS	ELEMENTS	2
BOLs	due	2
BOM	application	2
BOM	complex JavaScript applications	2
BOM	documentation	2
BOM	information	2
BOM	service product information	2
BOM	think	2
BOM	thought	2
BOMA	organization	2
BOMA	organizations	2
BOMA Best	world	2
BOMA Taipei	TAIWAN	2
BOMARC	zip	2
BOMB	ANALYSIS	8
BOMB	Adds	8
BOMB	Boston Globe ANALYSIS	2
BOMB	COMMENTARY	10
BOMB	Cox Newspapers COMMENTARY	2
BOMB	EDITORIAL	2
BOMB	U I ANALYSIS	2
BOMB	WAN	2
BOMB	journal	2
BOMB	journals	2
BOMB IRAN Hillary	COMMENTARY	2
BOMB Magazine	publication	2
BOMB Magazine	publications	2
BOMB Palestinians said	ISRAEL	2
BOMB Palestinians said	MIDDLE EAST ISRAEL	2
BOMB USA European	guest	2
BOMB magazine	New York City	2
BOMB magazine	cultural institutions in New York City	2
BOMB-ARREST	DEPOT-EARNS Updates	4
BOMB-ARREST	Updates	4
BOMBARDER	CANADIAN EQUITY PREVIEW	2
BOMBARDER	PREVIEW	2
BOMBARDIER	CANADIAN EQUITY MOVERS	12
BOMBARDIER	CANADIAN EQUITY PREVIEW	2
BOMBARDIER	MOVERS	12
BOMBARDIER	PREVIEW	2
BOMBARDIER SELL	ASSET-BACKED BONDS	8
BOMBARDIER SELL	BONDS	8
BOMBARDIER Toronto	CANADIAN EQUITY MOVERS	2
BOMBARDIER Toronto	CANADIAN EQUITY PREVIEW	2
BOMBARDIER Toronto	MOVERS	2
BOMBARDIER Toronto	PREVIEW	2
BOMBARDMENT	DETERRENT	2
BOMBARIDER	CANADIAN EQUITY PREVIEW	2
BOMBARIDER	PREVIEW	2
BOMBAST	FRONTIER	4
BOMBAST	NISSAN FRONTIER	2
BOMBAST	ma NISSAN FRONTIER	2
BOMBAY	Aishwarya Rai	2
BOMBAY	American journalist kidnapping	2
BOMBAY	Bollywood parties	2
BOMBAY	Bombay	2
BOMBAY	Bombay train blasts	2
BOMBAY	CRICKET	78
BOMBAY	Economic Reforms	4
BOMBAY	Eds	6
BOMBAY	Enron power project	2
BOMBAY	Enron project	2
BOMBAY	FEATURES	16
BOMBAY	GMT	2
BOMBAY	Hong Kong	2
BOMBAY	Hussain says Eds	2
BOMBAY	INDIA	4
BOMBAY	India	18
BOMBAY	India's Economic Reforms	4
BOMBAY	India's growth	2
BOMBAY	Indian capital markets	2
BOMBAY	Indian computer motherboards	2
BOMBAY	Indian economy	2
BOMBAY	Indian market	2
BOMBAY	Indian shares	2
BOMBAY	Indian stocks revival	2
BOMBAY	Indian temple stampede	6
BOMBAY	Internet	2
BOMBAY	Iraq war shock	2
BOMBAY	Israel	2
BOMBAY	Kashmir	2
BOMBAY	Lama's picture	2
BOMBAY	Monsoon Eds	2
BOMBAY	November	2
BOMBAY	Othello	2
BOMBAY	Phil Brown CRICKET	2
BOMBAY	Rai	2
BOMBAY	Shawn Pogatchnik CRICKET	2
BOMBAY	Stephen Wade CRICKET	2
BOMBAY	US giant	2
BOMBAY	Unilever business	2
BOMBAY	actress	2
BOMBAY	after liberalisation	2
BOMBAY	annual growth	2
BOMBAY	backlash	2
BOMBAY	battle	2
BOMBAY	blast	4
BOMBAY	blasts plot	2
BOMBAY	bomb	2
BOMBAY	boost domestic savings	4
BOMBAY	bourse backlash	2
BOMBAY	bus in Bombay	2
BOMBAY	business	2
BOMBAY	businessman	2
BOMBAY	capital market	2
BOMBAY	competition	2
BOMBAY	crown if married	2
BOMBAY	cuts Indian investments	2
BOMBAY	day	2
BOMBAY	days	2
BOMBAY	dead woman	2
BOMBAY	deal	2
BOMBAY	differences remain	2
BOMBAY	dip in November	2
BOMBAY	division in India	2
BOMBAY	dollar mark	2
BOMBAY	domestic market	2
BOMBAY	drought	2
BOMBAY	drought in India	2
BOMBAY	economy	2
BOMBAY	feature	2
BOMBAY	following features	2
BOMBAY	foreign tie-ups	2
BOMBAY	fund Hindu militants	2
BOMBAY	giant	2
BOMBAY	government	2
BOMBAY	growth	4
BOMBAY	hampers growth	2
BOMBAY	hit stocks	2
BOMBAY	import	2
BOMBAY	imports	2
BOMBAY	infiltrate Indian Kashmir	2
BOMBAY	investigation	4
BOMBAY	investment	2
BOMBAY	kidnapping	2
BOMBAY	liberalisation	2
BOMBAY	loss	2
BOMBAY	management battle	2
BOMBAY	market	4
BOMBAY	married	2
BOMBAY	match	2
BOMBAY	medical research	2
BOMBAY	militant	2
BOMBAY	month	2
BOMBAY	motherboard	2
BOMBAY	new power projects	2
BOMBAY	next week	6
BOMBAY	oil exploration	2
BOMBAY	party	2
BOMBAY	peace process	2
BOMBAY	percent annual growth	2
BOMBAY	picture	2
BOMBAY	plague-hit India	2
BOMBAY	player	2
BOMBAY	plot	2
BOMBAY	poor asset quality	2
BOMBAY	private players	2
BOMBAY	profit	4
BOMBAY	project	6
BOMBAY	prostitute	2
BOMBAY	pvs	2
BOMBAY	quality	2
BOMBAY	question	4
BOMBAY	questioning	4
BOMBAY	rd graf pvs	2
BOMBAY	recent losses	2
BOMBAY	remain	2
BOMBAY	revival	2
BOMBAY	savings	4
BOMBAY	scrapping Enron deal	2
BOMBAY	set up in India	2
BOMBAY	share	2
BOMBAY	shock	2
BOMBAY	short of target	2
BOMBAY	snatch Bollywood actress	2
BOMBAY	south India	2
BOMBAY	stable despite drought	2
BOMBAY	stampede	8
BOMBAY	status	2
BOMBAY	stock	2
BOMBAY	superstar status	2
BOMBAY	target	2
BOMBAY	temple stampede	2
BOMBAY	through Indian town	2
BOMBAY	tie-up	2
BOMBAY	town	2
BOMBAY	train blast investigation	4
BOMBAY	train station blast	2
BOMBAY	trouble-hit match	2
BOMBAY	venture in India	2
BOMBAY	ward off competition	2
BOMBAY	week	6
BOMBAY	western India	2
BOMBAY	woman	2
BOMBED CARS	NOTEBOOK	2
BOMBED CARS	REPORTER'S NOTEBOOK	2
BOMBER	Adds	4
BOMBER ROLE	POST-WAR YEARS	2
BOMBER ROLE	WAR YEARS	2
BOMBERG	LIFE	2
BOMBING	ANALYSIS	4
BOMBING	Adds	6
BOMBING	EDITORIAL NOTEBOOK	2
BOMBING	EFFORT	6
BOMBING	K EDITORIAL NOTEBOOK	2
BOMBING	NEWS ANALYSIS	4
BOMBING	NOTEBOOK	4
BOMBING	Oxycontin Update	2
BOMBING	Update	2
BOMBING-RUDOLPHKLAN	Adds	2
BOMBINGS	SALVADORAN PEOPLE SAY	2
BOMBINGS	SAY	2
BOMBS	ALBANIA	2
BOMBS	COMMENTARY	2
BOMBS	PROGRAMS	4
BOMBS	SIMILAR PROGRAMS	4
BOMBS	SPORTS COLUMN	2
BOMBS	WAN	4
BOMBS	com ALBANIA	2
BOMBS	countries	4
BOMBS	country	4
BOMBS AWAY II	CHILDREN	2
BOMBS FALL	GEORGIA	2
BOMBS MINOT	COMMENTARY	4
BOMControl	product	2
BOMControl	products	2
BOMEX	international weather research projects	2
BOMEX	research project	2
BOMFest	country	2
BOMO	feature	4
BOMO	following features	4
BOMU	award	2
BOMU	awards	2
BOMfest	live music venues	2
BOMfest	venue	2
BOMs	documentation	2
BOMs	information	2
BOMs	integration	2
BOMs	manufacturing documentation	2
BOMs	manufacturing support information	2
BON	Bond market news	2
BON	IATA	2
BON	See story	4
BON	bond market news	4
BON	bond news	2
BON	bond stories	4
BON	country news	4
BON	news	12
BON	stories	2
BON	story	10
BON JOVI	DESTINATION	2
BON'A PARTE	Specialty assortments	2
BON'A PARTE	assortment	2
BON-TON	BUFFALO STOCKS	2
BON-TON	F BUFFALO STOCKS	4
BON-TON	STOCKS	6
BON-TON LEAD INDEX	BUFFALO STOCKS	4
BON-TON LEAD INDEX	F BUFFALO STOCKS	2
BON-TON LEAD INDEX	STOCKS	6
BON-TON LEAD INDEX HIGHER	BUFFALO STOCKS	2
BON-TON LEAD INDEX HIGHER	F BUFFALO STOCKS	6
BON-TON LEAD INDEX HIGHER	STOCKS	10
BON-TON LEAD INDEX HIGHER	pound BUFFALO STOCKS	2
BON-TON STORES	BUFFALO STOCKS	4
BON-TON STORES	F BUFFALO STOCKS	4
BON-TON STORES	STOCKS	8
BONAPARTE	FEATURES	2
BONCA	R??daction	2
BOND	BONDS	20
BOND	CORPORATE BONDS	20
BOND	CULTURE NOTES	6
BOND	Claims	2
BOND	DEBT	2
BOND	Development NGOs	2
BOND	Development advocates	2
BOND	E CULTURE NOTES	2
BOND	EU national platforms	2
BOND	JUNK BONDS	4
BOND	Lincolnshire	8
BOND	MARKETS	4
BOND	Minutes	2
BOND	NGO National Platforms	2
BOND	NGOs	2
BOND	NOTES	8
BOND	Network news	4
BOND	Platforms	2
BOND	Practical Action Minutes	2
BOND	Publisher	2
BOND	R F JUNK BONDS	2
BOND	Study Claims	2
BOND	accountability	2
BOND	advocate	2
BOND	article keywords	2
BOND	community sector	2
BOND	employment sector	2
BOND	keyword	2
BOND	national platforms	2
BOND	network	2
BOND	news	4
BOND	on productions	2
BOND	paper	2
BOND	papers	2
BOND	platform	4
BOND	production	2
BOND	sector	4
BOND Apologies	International In attendance	2
BOND Apologies	attendance	2
BOND Bobbles Margie	Re	2
BOND Dan Taylor	Holloway Present	2
BOND Dan Taylor	Present	4
BOND EU Campaigns	contact	2
BOND FUNDS	MUTUAL FUNDS	4
BOND FUNDS	R F MUTUAL FUNDS	2
BOND Gabriella Oakley	Present	2
BOND Hugo Plowden	International In attendance	2
BOND Hugo Plowden	attendance	2
BOND INSURERS Universities	institution	2
BOND INSURERS Universities	institutions	2
BOND INVESTORS SHRUG	ECONOMY	12
BOND MARKET	F MARKET PLACE	2
BOND MARKET	MARKET PLACE	6
BOND MARKET	PLACE	8
BOND PLUMMET	MARKETS	4
BOND SALE	ANALYSIS	2
BOND SHAKES	BOW	2
BOND SHAKES	LICENSE TO BOW	2
BOND SURGE	MARKETS	4
BOND Socks	Subject	2
BOND UK	Contact	2
BOND UK	Media Contact	2
BOND UK	UK	2
BOND UK	UN conference	2
BOND UK	conference	2
BOND Yipes	Subject	2
BOND baby	Re	2
BOND members	group	2
BOND members	steering group	2
BOND's Advocacy	network	4
BOND's Advocacy	networks	4
BONDER	HAWKS	2
BONDER	HOWARD HAWKS	2
BONDS	ADD	2
BONDS	ASIABOND WATCH	2
BONDS	COMMENTARY	6
BONDS	DEBT	6
BONDS	ELECTION	2
BONDS	EUROPEAN MARKETS	6
BONDS	F EUROPEAN MARKETS	2
BONDS	F LDC DEBT	2
BONDS	FRIDAY'S EUROPEAN MARKETS	32
BONDS	LDC DEBT	4
BONDS	MARKETS	738
BONDS	MONDAY'S EUROPEAN MARKETS	12
BONDS	MONDAY'S MARKETS	4
BONDS	New York Times News Service RATES OF RETURN	2
BONDS	ON WALL STREET	4
BONDS	R F RATES OF RETURN	4
BONDS	RATES OF RETURN	10
BONDS	SPORTS COLUMN	2
BONDS	STREET	4
BONDS	THURSDAY'S EUROPEAN MARKETS	14
BONDS	TUESDAY'S EUROPEAN MARKETS	36
BONDS	U K COMMENTARY	6
BONDS	WAN	4
BONDS	WATCH	2
BONDS	WEDNESDAY'S EUROPEAN MARKETS	10
BONDS	WEDNESDAY'S MARKETS	2
BONDS	player	2
BONDS	thing	2
BONDS ADVANCE	MARKETS	2
BONDS CLIMB	MARKETS	8
BONDS DECLINE	MARKETS	16
BONDS DECLINE	MONDAY'S EUROPEAN MARKETS	4
BONDS DIP	MARKETS	4
BONDS DROP	MARKETS	20
BONDS FALL	EUROPEAN MARKETS	2
BONDS FALL	FRIDAY'S EUROPEAN MARKETS	4
BONDS FALL	FRIDAY'S MARKETS	4
BONDS FALL	MARKET	8
BONDS FALL	MARKETS	176
BONDS FALL	MONDAY'S EUROPEAN MARKETS	4
BONDS FALL	THURSDAY'S EUROPEAN MARKETS	4
BONDS FALL	THURSDAY'S MARKETS	4
BONDS FALL	TUESDAY'S MARKETS	4
BONDS FALL London	MARKETS	2
BONDS FALL London	MONDAY'S EUROPEAN MARKETS	2
BONDS FALL New York	MARKETS	2
BONDS GAIN	EUROPEAN MARKETS	10
BONDS GAIN	F GLOBAL MARKETS	2
BONDS GAIN	GLOBAL MARKETS	2
BONDS GAIN	MARKETS	100
BONDS GAIN	WEDNESDAY'S MARKETS	4
BONDS LOWER New York	MARKETS	2
BONDS London	MARKETS	2
BONDS London	MONDAY'S EUROPEAN MARKETS	2
BONDS PLUNGE	MARKETS	16
BONDS PLUNGE	TUESDAY'S EUROPEAN MARKETS	2
BONDS POST	MARKETS	4
BONDS POST	WEDNESDAY'S MARKETS	4
BONDS RALLY	MARKETS	34
BONDS REBOUND	MARKETS	20
BONDS RESUME FALL	MARKETS	8
BONDS RETREAT	MARKETS	6
BONDS RISE	EUROPEAN MARKETS	2
BONDS RISE	MARKETS	168
BONDS RISE	THURSDAY'S EUROPEAN MARKETS	4
BONDS RISE	TUESDAY'S EUROPEAN MARKETS	2
BONDS RISE	WEDNESDAY'S EUROPEAN MARKETS	4
BONDS RISE New York	MARKETS	2
BONDS SEE	MARKETS	4
BONDS SLIP	EUROPEAN MARKETS	2
BONDS SLIP	FRIDAY'S EUROPEAN MARKETS	8
BONDS SLIP	MARKETS	18
BONDS SLUMP	FRIDAY'S EUROPEAN MARKETS	4
BONDS SLUMP	MARKETS	8
BONDS SOAR	MARKETS	32
BONDS SOAR	MONDAY'S EUROPEAN MARKETS	4
BONDS STABLE	MARKETS	2
BONDS STEADY	MARKETS	94
BONDS STEADY	TUESDAY'S EUROPEAN MARKETS	2
BONDS STEADY New York	MARKETS	4
BONDS STEM LOSSES	FRIDAY'S EUROPEAN MARKETS	4
BONDS STEM LOSSES	MARKETS	4
BONDS SURGE	FRIDAY'S EUROPEAN MARKETS	4
BONDS SURGE	MARKETS	26
BONDS SURGE	WEDNESDAY'S EUROPEAN MARKETS	4
BONDS SURGE New York	MARKETS	2
BONDS TRACK	MARKETS	4
BONDS TRACK	WEDNESDAY'S EUROPEAN MARKETS	4
BONDS TRAIL	MARKETS	8
BONDS TRAIL	THURSDAY'S EUROPEAN MARKETS	8
BONDS TUMBLE	MARKETS	12
BONDS' RALLY LEAVES FED	R F RATES OF RETURN	2
BONDS' RALLY LEAVES FED	RATES OF RETURN	4
BONE	LOG	4
BONE	PATIENT LOG	4
BONE COLLECTOR	story	2
BONE COLLECTOR	twisted stories	2
BONE-HEALTH	Eds	6
BONES	BITS	2
BONES	NASTY BITS	2
BONES	Production	2
BONES	drama	2
BONES	dramas	2
BONFIRE	Adds	6
BONFIRE	Eds	2
BONFIRE	STREETLY	2
BONFIRE	WAN	2
BONFIRE-AGS	Eds	2
BONFIRE-TEXAS	Deletes	2
BONFIRE-TEXAS	POTTER-BOXOFFICE Deletes	2
BONG Bull	I read reports	14
BONG Bull	report	14
BONGERS	author	4
BONGERS	same author	4
BONGO	BAD CROWD	4
BONGO	CROWD	4
BONHAM	musician	2
BONHAM	rock's top musicians	2
BONILLA	SPORTS COLUMN	4
BONITA	recognition	2
BONITAS	motto	2
BONITO	BRASIL	12
BONITO	Cox Newspapers BRASIL	2
BONN	AIDS scare	2
BONN	ANGUISH	12
BONN	Adenauer minister	2
BONN	Afghanistan	2
BONN	African force	2
BONN	Airport Fire	2
BONN	Albania	2
BONN	Algeria	2
BONN	Alleged Russian Spies	2
BONN	America Online over pedophilia	2
BONN	America Online probe	2
BONN	Arad	2
BONN	Balkans	2
BONN	Barings affair	2
BONN	Bavaria	4
BONN	Beijing conference	2
BONN	Berlin	2
BONN	Bihac	2
BONN	Bonn	2
BONN	Bosnia	8
BONN	Bosnia action	2
BONN	Bosnia peace force	2
BONN	Bosnian retreat	2
BONN	Brandt	2
BONN	Breakaway	2
BONN	British participation in Euro	2
BONN	Business Climate	2
BONN	C warming	2
BONN	CYCLING	2
BONN	Camdessus	2
BONN	Canadian deals	2
BONN	Captain	2
BONN	Charity	2
BONN	Chechnya	2
BONN	China	6
BONN	China Visit	2
BONN	China's Economic Development	2
BONN	China's Re-unification	2
BONN	Chinese salt mine	2
BONN	Choice	2
BONN	Christian Democrat	2
BONN	Climate Protection	2
BONN	Coach	2
BONN	Cost	2
BONN	Criteria	2
BONN	Croatia	2
BONN	Deal	2
BONN	December	2
BONN	Dehaene candidacy	2
BONN	Deliberate Sabotage	2
BONN	Delors	2
BONN	Democrats	2
BONN	Deng	2
BONN	Deutsche Telekom	2
BONN	DreamWorks	4
BONN	Dresden bombing	2
BONN	Drugs	2
BONN	EDITORS	2
BONN	EMU	4
BONN	ETA	2
BONN	EU	6
BONN	EU Membership	2
BONN	EU currency	2
BONN	EU observers in Bosnia	2
BONN	Economic Development	2
BONN	Economic Growth	2
BONN	Economic Hardship	2
BONN	Economische en Monetaire Unie	6
BONN	Eds	16
BONN	Effects	2
BONN	End	8
BONN	Enlargement	2
BONN	Euro	4
BONN	Euro currency	2
BONN	Eurofighter	4
BONN	Europe	10
BONN	European elections	2
BONN	FEATURES	4
BONN	FIS	2
BONN	Fall	2
BONN	February	4
BONN	Finland	2
BONN	Fire	2
BONN	Fire Coach	2
BONN	Football	2
BONN	Foreigners	2
BONN	France	4
BONN	French defence reforms	2
BONN	French tests	2
BONN	GDP	4
BONN	GENERAL	2
BONN	GERMANY	10
BONN	GERMANY'S ANGUISH	12
BONN	GMT SOCCER	8
BONN	Gaza	2
BONN	German	2
BONN	German Catholic priests homosexual	2
BONN	German Free Democrats	2
BONN	German Mark	4
BONN	German growth	2
BONN	German hostage crisis	2
BONN	German institutes lower growth forecasts	2
BONN	German intelligence services	2
BONN	German mark	2
BONN	German mark budget shortfall	2
BONN	German priests are homosexual	2
BONN	German sex-tourists	2
BONN	German single currency fear mounting	2
BONN	German spies	2
BONN	German tax talks collapse	2
BONN	Germans	2
BONN	Germany	32
BONN	Germany's Christian Democrats	2
BONN	Ghali	2
BONN	Gold	4
BONN	Gorazde	2
BONN	Greece	2
BONN	Growth	2
BONN	Hardship	2
BONN	Has No Territorial Claim	4
BONN	Hitler's army	2
BONN	Hong Kong	4
BONN	Hong Kong's Basic Law takes precedence	2
BONN	Improvement	2
BONN	Indonesia's Outlook	2
BONN	Internet	2
BONN	Internet Race	2
BONN	Intervention in Albania	2
BONN	Iran	6
BONN	Iranian assassination case	2
BONN	Iranian minister	4
BONN	Iraq Possible	2
BONN	Islamic extremists	2
BONN	Israel	2
BONN	Israel special status	2
BONN	Israeli corpses	2
BONN	Italian intelligence	2
BONN	Italy	4
BONN	January	2
BONN	January record	2
BONN	Japanese partner	2
BONN	John Nelson TENNIS	2
BONN	Joining Euro	2
BONN	Kadhafi guards	2
BONN	Karadzic	2
BONN	Karadzic still boss	2
BONN	Kohl's Bavarian ally	2
BONN	Kosovo Eds	2
BONN	Krajina	4
BONN	Kurd	2
BONN	Kurds	2
BONN	Lebed sacking	2
BONN	Liberals hold regions	2
BONN	Luxembourg subsidiary	2
BONN	MAIN SPOT NEWS	40
BONN	Maastricht deficit test	4
BONN	Mark	4
BONN	Meet Euro Budget Deficit Target	4
BONN	Membership	2
BONN	Microwave	2
BONN	Middle East Peace Process	2
BONN	Mladic	2
BONN	Monetary Union	2
BONN	Moscow	6
BONN	NATO	10
BONN	NATO chief	2
BONN	NATO expansion	2
BONN	NEW FEATURES	2
BONN	Nazi Gold	4
BONN	Nazi Gold Deal	2
BONN	Neo-Nazi Materials Eds	2
BONN	Net	2
BONN	News Service EUROPE Germany	2
BONN	Next Year	2
BONN	Offset NATO Expansion Effects	2
BONN	Oklahoma bombing	2
BONN	Only Drugs	2
BONN	Outlook	2
BONN	PARIS	2
BONN	Peace Process	2
BONN	Percent Growth	2
BONN	Period	2
BONN	Plan	2
BONN	Policy	2
BONN	Possible	4
BONN	Priebke	2
BONN	Priebke case	2
BONN	Protection	2
BONN	Rabin's orders	2
BONN	Race	2
BONN	Remain Germany Captain	2
BONN	Republican Party leadership	2
BONN	Right-Wing Extremism in Germany	2
BONN	Risk	2
BONN	Role in World	2
BONN	Russia	6
BONN	Russian election	2
BONN	Russian origin	2
BONN	Russians vote	2
BONN	SOCCER	10
BONN	SPOT NEWS	40
BONN	Sabotage	2
BONN	Singapore old submarines	2
BONN	Single Currency Plan	2
BONN	Sinn Fein	2
BONN	Slow Down Enlargement	2
BONN	Somalia	2
BONN	Spies	2
BONN	Still Meets EMU Criteria	2
BONN	Switzerland's Choice	2
BONN	TENNIS	4
BONN	Target	4
BONN	Tehran	2
BONN	Territorial Claim	4
BONN	Tough Test in Bonn	2
BONN	Turkey	2
BONN	Two-Day Chase Eds	2
BONN	UN anniversary	2
BONN	US	4
BONN	Velayati	2
BONN	Visit	2
BONN	VoiceStream	2
BONN	War Criminals Despite Warrant	2
BONN	Warrant	2
BONN	Washington	2
BONN	Weak Period	2
BONN	World	2
BONN	World Business Climate	2
BONN	Year	6
BONN	Yeltsin	2
BONN	accusation	2
BONN	action	2
BONN	actions in Germany	2
BONN	addiction	2
BONN	affair	2
BONN	after Deng	2
BONN	after Nazi generals	2
BONN	after elections	2
BONN	aids European rapprochement	4
BONN	aircraft	2
BONN	airport in Gaza	2
BONN	alleged Libya chemical weapons	2
BONN	ally	2
BONN	animal	2
BONN	animals	2
BONN	anniversary	2
BONN	annual profit plumets	2
BONN	anti-austerity demo	2
BONN	army	2
BONN	asylum in Germany	2
BONN	attacks in Germany	2
BONN	authority	2
BONN	backed Boutros-Ghali	2
BONN	backwards in fourth quarter	2
BONN	bankruptcy	2
BONN	beef ban possible	4
BONN	billion tonnes	2
BONN	birthday gift	2
BONN	bloodbath	2
BONN	blunder	2
BONN	blunders over Priebke	2
BONN	board	2
BONN	bomb	4
BONN	boost peace process	2
BONN	boss	2
BONN	breadth	2
BONN	budget	2
BONN	budget cut	2
BONN	budget cuts	2
BONN	buy Eurofighter	2
BONN	calm foreign exchange swings	2
BONN	candidacy	4
BONN	case	6
BONN	category codes	14
BONN	ceremonies in Moscow	4
BONN	charge	6
BONN	chemical weapon	2
BONN	chief	2
BONN	chief-of-staff	2
BONN	clearance	2
BONN	climate change	2
BONN	code	14
BONN	collapse	2
BONN	combat unit	2
BONN	command	4
BONN	communism	2
BONN	concert riffs	2
BONN	conference	2
BONN	convergence	4
BONN	corporate war chests	2
BONN	corpse	2
BONN	cosmetic	2
BONN	cosmetics	2
BONN	costly ref blunder	2
BONN	crash carbon markets	2
BONN	crisis-hit Greece	2
BONN	criterion	8
BONN	crucifix	2
BONN	currency	2
BONN	currency turbulence	2
BONN	date	2
BONN	day	2
BONN	days	2
BONN	dead heat	2
BONN	deadline	4
BONN	deal	2
BONN	deaths in Germany	2
BONN	decade	2
BONN	decision	2
BONN	deficit	2
BONN	demo	2
BONN	democracy	2
BONN	democratic credentials over Chechnya	2
BONN	democratic reform	2
BONN	democratic reforms	2
BONN	deterrance	2
BONN	disaster	2
BONN	dollar	2
BONN	dollars	2
BONN	double numbers in decade	2
BONN	doubts in Germany	2
BONN	economic and monetary union	4
BONN	effort	2
BONN	election	6
BONN	emitter	2
BONN	end	2
BONN	end Lebanon bloodbath	2
BONN	engineering strike	2
BONN	euro	4
BONN	euro stability	6
BONN	event	2
BONN	exception	2
BONN	executive	2
BONN	expanded form	6
BONN	expansion	2
BONN	extremist	2
BONN	extremist attacks in Germany	2
BONN	face authorities	2
BONN	face industrial espionage charges	2
BONN	fail	2
BONN	fall	2
BONN	favors Yeltsin resignation	2
BONN	fifth term	2
BONN	fight China	2
BONN	fight unemployment	2
BONN	fighter plane	2
BONN	fighter planes	2
BONN	finance savings efforts	2
BONN	finance tax reform	2
BONN	fixed currency date	2
BONN	force	6
BONN	forecast	2
BONN	forecasts	2
BONN	form	6
BONN	fourth quarter	6
BONN	funds	2
BONN	general	2
BONN	giants eye merger	2
BONN	given vote in local elections	2
BONN	global warming	2
BONN	good	2
BONN	ground	2
BONN	growing	2
BONN	growth	4
BONN	growth forecast	2
BONN	growth prospects good	2
BONN	guard	2
BONN	guide	2
BONN	hair's breadth	2
BONN	head NATO	2
BONN	high	4
BONN	hog	2
BONN	homicide	2
BONN	homosexual	4
BONN	hostage crisis	2
BONN	huddle in Germany	2
BONN	huge anti-terrorist operation	4
BONN	human rights violations	2
BONN	hymn	4
BONN	if Air Strikes End	8
BONN	if necessary	2
BONN	if taxes rise	2
BONN	infection	4
BONN	intelligence	2
BONN	international terrorism	2
BONN	investment	2
BONN	is ending	2
BONN	issue	2
BONN	job	6
BONN	jobs	6
BONN	join EMU	2
BONN	jumbo birthday gift	2
BONN	launch	2
BONN	laundering Stasi funds	2
BONN	leader	2
BONN	leader in EU	2
BONN	leadership	2
BONN	leave Germany	2
BONN	level	2
BONN	liberation	2
BONN	limited say in NATO	8
BONN	link	2
BONN	local election	2
BONN	loss	2
BONN	lover	2
BONN	mark	8
BONN	market	2
BONN	marks	2
BONN	meet EMU deadline	2
BONN	meet EMU deficit criteria	2
BONN	meet EMU deficit target	2
BONN	meeting Maastricht criterion	2
BONN	mega-bank plan	2
BONN	mend	2
BONN	merger	2
BONN	militiaman	2
BONN	militiamen	2
BONN	mine	2
BONN	minister	6
BONN	missing Iranian writer	2
BONN	missionaries	2
BONN	missionary	2
BONN	mn marks	2
BONN	month	2
BONN	mounting	2
BONN	national hymn	4
BONN	national level	2
BONN	near bankruptcy	2
BONN	near dead heat	2
BONN	necessary	2
BONN	need	2
BONN	neo-Nazis	2
BONN	network	2
BONN	new German government Eds	2
BONN	new Kohl candidacy	2
BONN	new charges	2
BONN	new network	2
BONN	new post-war high	4
BONN	next week	2
BONN	next year	4
BONN	nuclear deterrance	2
BONN	nuclear force	2
BONN	nuclear material trade	2
BONN	nuclear smuggling	2
BONN	nuclear testing decision	2
BONN	nuclear trafficking	2
BONN	nuclear weapon	2
BONN	nuclear weapons	2
BONN	nuke	2
BONN	nukes	2
BONN	observation	2
BONN	oil addiction	2
BONN	on Arad	2
BONN	on Belgrade despite Russia	2
BONN	on Bihac	2
BONN	on Eurofighter	2
BONN	on Europe	2
BONN	on Jewish leader	2
BONN	on Kyoto Protocol Possible	2
BONN	on Turkish-German relations	2
BONN	on board	2
BONN	on convergence	4
BONN	on deficit	2
BONN	on global warming	2
BONN	on mine clearance	2
BONN	on reform track	2
BONN	on stability pact	6
BONN	on transport accusations	2
BONN	on unemployment	2
BONN	on world economy growing	2
BONN	ongoing Airbus probe	2
BONN	operation	4
BONN	order	2
BONN	origin	2
BONN	pact	8
BONN	parliament	2
BONN	partner	2
BONN	party wins in Bavaria	2
BONN	pc	2
BONN	pc in third quarter	2
BONN	peace effort	2
BONN	peace efforts	2
BONN	peace plan	4
BONN	peace process	4
BONN	peddling heroin in Europe	2
BONN	pedophilia	2
BONN	percent	8
BONN	percent in December	2
BONN	percent in January	2
BONN	percent in month	2
BONN	permanent Security Council seat	2
BONN	place in EU	2
BONN	plan	6
BONN	plumets	2
BONN	plutonium seizure	2
BONN	poison gas	4
BONN	poll	2
BONN	possible	4
BONN	possible in Germany	2
BONN	power	4
BONN	precedence	2
BONN	prison in Iran	2
BONN	privacy guarantees Eds	2
BONN	private aircraft	2
BONN	probe	4
BONN	production in Finland	2
BONN	profit	2
BONN	profits	2
BONN	progress	2
BONN	prostate infection	4
BONN	protests Eds	2
BONN	quick progress	2
BONN	quit Germany	2
BONN	rapprochement	4
BONN	re-election	2
BONN	reach record levels	2
BONN	rebels Eds	2
BONN	record	2
BONN	record level	2
BONN	record losses	2
BONN	recruits Sony executive	2
BONN	referendum	2
BONN	reform	4
BONN	reforms	2
BONN	region	6
BONN	regional polls	2
BONN	regions	4
BONN	relation	2
BONN	resignation	2
BONN	resume	2
BONN	retreat	2
BONN	reunification	2
BONN	riff	2
BONN	rights violation	2
BONN	rise	2
BONN	role in international terrorism	2
BONN	root out Karadzic	2
BONN	sack	2
BONN	sale in Tehran	2
BONN	scare	2
BONN	scene	2
BONN	seat	2
BONN	second half	2
BONN	secret	2
BONN	seizure	4
BONN	self-interest in Europe	2
BONN	semi-conductor plant in Europe	2
BONN	service	2
BONN	set up plutonium seizure	2
BONN	setback	2
BONN	setback in fourth quarter	2
BONN	sex	2
BONN	short of budget needs	2
BONN	shortfall	2
BONN	single currency	4
BONN	single currency criterion	4
BONN	single currency deadline	2
BONN	single currency launch	2
BONN	smuggling	2
BONN	source	2
BONN	sources	2
BONN	southern command	2
BONN	spies	6
BONN	spring	2
BONN	spy	8
BONN	spy case	2
BONN	stability	6
BONN	staff	2
BONN	stake in VoiceStream	2
BONN	status	2
BONN	stay	2
BONN	stay in charge	2
BONN	staying in Moscow	2
BONN	stop peace process	2
BONN	strike	2
BONN	submarine	2
BONN	subsidiary	2
BONN	swastika issue	2
BONN	swing	2
BONN	table	2
BONN	target	2
BONN	task	2
BONN	tax fraud	2
BONN	tax reform	2
BONN	team	2
BONN	tennis	2
BONN	term	2
BONN	test	6
BONN	tester	2
BONN	testers	2
BONN	third quarter	2
BONN	tonne	2
BONN	toothless euro stability pact	2
BONN	tourist	2
BONN	track	2
BONN	trade	2
BONN	trade weapon	2
BONN	traffic	2
BONN	troops must stay	2
BONN	troops' role in Bosnia	2
BONN	turbulence	2
BONN	under German command	2
BONN	under observation	2
BONN	unemployment	4
BONN	unification	2
BONN	up Syria link	2
BONN	use poison gas	4
BONN	victory	2
BONN	vote	2
BONN	want single currency referendum	2
BONN	war	2
BONN	war chest	2
BONN	war will resume	2
BONN	warm	2
BONN	weapon	2
BONN	week	4
BONN	win re-election	2
BONN	women in combat units	2
BONN	writer	2
BONN	year	14
BONN	years	2
BONN	years in power	2
BONN risk index	Abbreviations	2
BONN risk index	risk index Abbreviations	2
BONNER	season	2
BONNEVILLE	CYCLING	6
BONNIE	Chloe	2
BONNIE	EVER Chloe	2
BONNIE AND CLYDE	is developing musicals	2
BONNIE AND CLYDE	musical	2
BONNIE BURNHAM Bonnie Burnham	YEAR	2
BONO	COMMENTARY	2
BONO	INVESTORS	2
BONO-QUOTES-REVIEW	add	2
BONO-QUOTES-REVIEW	final budget adds	2
BONOUFLA	killing	4
BONOUFLA	probe Ivory Coast killings	4
BONTEX	EQUITY MOVERS	8
BONTEX	MOVERS	8
BONTOC	Philippines rivers	2
BONTOC	river	2
BONUS	handle alternative names	4
BONUS	name	4
BONUS DEMANDS ANAN	JAPAN	4
BONUS DEMANDS ANAN	TEAM JAPAN	4
BONUS alias CHAPMAN	handle alternative names	4
BONUS alias CHAPMAN	name	4
BONY SKELETON	fish	2
BOO	HURDLE	2
BOO contracts	general Public-private partnerships	2
BOO contracts	partnership	2
BOOCH	metodology	2
BOOCH	structured metodology	2
BOOGIE	branded goods	2
BOOGIE	good	2
BOOK	ANNE FRANK	2
BOOK	ATHENAZE	2
BOOK	ATTA KWAMI	2
BOOK	Adds	2
BOOK	BIRTH	2
BOOK	BIRTHS	4
BOOK	BOOK EVER	2
BOOK	BOOK I EVER	2
BOOK	BOOKS COMMENTARY	2
BOOK	COLUMN	2
BOOK	COMMENTARY	4
BOOK	DIARY ANNE FRANK	2
BOOK	Document	2
BOOK	E BOOKS COMMENTARY	2
BOOK	EVER	4
BOOK	FAITHFULL	2
BOOK	FRANK	4
BOOK	KENZIE	2
BOOK	KWAMI	2
BOOK	Keynote speaker	2
BOOK	LISTS	16
BOOK	MAGAZINE	2
BOOK	MARIANNE FAITHFULL	2
BOOK	Myspace friend MAGAZINE	2
BOOK	NICOLE'S SISTER	2
BOOK	Prince bibliography	2
BOOK	SISTER	2
BOOK	WE LIKE LISTS	16
BOOK	au Document	2
BOOK	bibliography	2
BOOK BIND FORT MYERS	BONDS	2
BOOK Canberra	WORLD	2
BOOK DESIGN	BOOK	2
BOOK HI	Subject	2
BOOK I BALME	ATHENAZE	2
BOOK II LIDDELL	ATHENAZE	2
BOOK II Module	ATHENAZE	2
BOOK LISTS	EDITOR	2
BOOK LISTS	PUBLIC EDITOR	2
BOOK REVIEW	journal	2
BOOK REVIEW	journals	2
BOOK TITLE	EDITOR	10
BOOK-CAYCE INTERNATIONAL BHUJ	Deletes	2
BOOK-ERRORS-REVIEW	add	2
BOOK-ERRORS-REVIEW	adds	2
BOOK-MCINERNEY	Adds	4
BOOK-PARKS	Adds	4
BOOK-REVIEW-POPE NATION	Adds	2
BOOK-REVIEW-TS	Adds	2
BOOK-REVIEWS	Adds	4
BOOKAREST	BOOK FAIR	6
BOOKAREST	top BOOK FAIR	6
BOOKENDS	Sources	2
BOOKGIFTS	Key words	12
BOOKING	English Service	2
BOOKING	Service	2
BOOKING ESSENTIAL Review	English Service	4
BOOKING ESSENTIAL Review	Service	6
BOOKING ESSENTIAL Review	Turkish Service	2
BOOKING FORM CONTACT BRIDGET	DETAILS	2
BOOKING INFORMATION Malaga	airport	2
BOOKING REMOVAL VANS	ARRANGEMENTS	4
BOOKINGS	VENUE	4
BOOKINGS	mammal	2
BOOKMAN	Adds	6
BOOKMAN-COLUMN	Adds	10
BOOKMAN-EDITORIAL	Adds	2
BOOKPLUS	database	2
BOOKPLUS	online databases	2
BOOKS	ANTIQUES	2
BOOKS	Add	4
BOOKS	Adds	16
BOOKS	BIZARRE OFFERINGS Direct Sales	2
BOOKS	BROADBAND-ISPS Deletes	2
BOOKS	COMMENTARY	4
BOOKS	CRITIC'S NOTEBOOK	4
BOOKS	CSPAN	8
BOOKS	CYBERSCENE	6
BOOKS	DOCTOR WHO MERCHANDISE	4
BOOKS	DON DeLILLO	4
BOOKS	DeLILLO	4
BOOKS	Deletes	2
BOOKS	Direct Sales	2
BOOKS	EDT CYBERSCENE	2
BOOKS	EUROPE	2
BOOKS	Echinus esculentus Right	2
BOOKS	Editor	2
BOOKS	Encyclopedia	2
BOOKS	FEARS	18
BOOKS	HUGHES	4
BOOKS	Jewish Encyclopedia	2
BOOKS	MATERIALS	2
BOOKS	MERCHANDISE	4
BOOKS	MOVE	4
BOOKS	NOTEBOOK	4
BOOKS	OFFERINGS	8
BOOKS	ON EUROPE	2
BOOKS	ON PACKAGES	2
BOOKS	PACKAGES	2
BOOKS	R F CYBERSCENE	2
BOOKS	REAL ESTATE	4
BOOKS	RESOURCES	2
BOOKS	ROMANOVS	2
BOOKS	Right	2
BOOKS	SPORTS COLUMN	2
BOOKS	U F REAL ESTATE	2
BOOKS	WAN	4
BOOKS	WORKS	2
BOOKS	bookseller	2
BOOKS	established motoring booksellers	2
BOOKS	following words	2
BOOKS	paperback	2
BOOKS	publisher	2
BOOKS	trading partner	2
BOOKS	trading partners	2
BOOKS	words	2
BOOKS EDITORS	ATTN	4
BOOKS KEEP	HESTON	4
BOOKS KEEP	RESTLESS HESTON	4
BOOKS OFFER CHANCE	SPORTS COLUMN	2
BOOKS-A-MILLION	EQUITY PREVIEW	4
BOOKS-A-MILLION	PREVIEW	4
BOOKS-AMBROSE	Add	2
BOOKS-BACH	Adds	2
BOOKS-BACHRACH	Add	2
BOOKS-BOBBY	Adds	4
BOOKS-BOWDEN	Adds	2
BOOKS-BROTHER	Adds	2
BOOKS-CAPSULES	Adds	4
BOOKS-CARR-INTERVIEW	Adds	2
BOOKS-CHAVEZ	547-4211 Adds	6
BOOKS-CHAVEZ	Adds	6
BOOKS-CONJUROR	Adds	2
BOOKS-DEBRA	Adds	4
BOOKS-EDWARD	Adds	2
BOOKS-EVANS	Add	2
BOOKS-FICTION	Adds	2
BOOKS-FIRSTMOMS	Adds	4
BOOKS-FUN	Adds	2
BOOKS-GIRLINLANDSCAPE	Adds	2
BOOKS-GRISHAM NATION BUSH	Adds	2
BOOKS-HILLARY	Adds	2
BOOKS-HUMPHREYS	Adds	4
BOOKS-JAZZ	Deletes	2
BOOKS-JAZZ NATION FIRES	Deletes	2
BOOKS-JAZZ NATION FIRES	JOE-MURRAY-COLUMN Deletes	2
BOOKS-KARON	Adds	2
BOOKS-KNIGHT	Adds	4
BOOKS-LINE	Adds	2
BOOKS-MORRIS	Adds	2
BOOKS-OATESBIO	Adds	2
BOOKS-PRESIDENT	Adds	2
BOOKS-RAPHAEL Deletes	Adds	2
BOOKS-READANDWHY CoxNet Cox News Service	Adds	2
BOOKS-READINGROOM	Adds	4
BOOKS-RELATIONSHIPS Update	Delete	2
BOOKS-RELATIONSHIPS Update	FBC-PENNKID Delete	2
BOOKS-REVIEW-BRYSON	Adds	2
BOOKS-REVIEW-GENDER	Adds	2
BOOKS-ROOKIE	Adds	2
BOOKS-ROOKIE	FASHION-ACCENTS Adds	2
BOOKS-SKUBE	Adds	4
BOOKS-SKUBE-COLUMN	Adds	2
BOOKS-SOUTHERN	Adds	2
BOOKS-SOUTHERN	FASHION-ACCENTS Adds	2
BOOKS-TALKPRETTY	Adds	2
BOOKS-TIBET	Adds	2
BOOKS-TIBET	FASHION-ACCENTS Adds	2
BOOKS-TOMCAT Adds	Deletes	4
BOOKS-VERMEER	Adds	2
BOOKS-WALKER NATION SEATTLE	Adds	2
BOOKS-WEAVER Delete	Add	2
BOOKS-WHATSNEWS	Adds	2
BOOKS-WINDS TOP STORIES	Delete	2
BOOKS-WINDS TOP STORIES	KING-SCLC Delete	2
BOOKS-WORLDLIT	Adds	2
BOOKS-YANCEY	Delete	2
BOOKS-YANCEY	FBC-PENNKID Delete	2
BOOKS-YELLOW INTERNATIONAL CARIBBEAN	Adds	2
BOOKSELLER	BASSON	2
BOOKSELLER	GOVERY BASSON	2
BOOKSELLERS	bookstore	2
BOOKSELLERS	bookstores	2
BOOKSHELF	CYCLE	4
BOOKSHELF	LITERARY CYCLE	4
BOOKSHOP'S STORY HAS HAPPY	BOOKS COMMENTARY	2
BOOKSHOP'S STORY HAS HAPPY	COMMENTARY	2
BOOKSHOP'S STORY HAS HAPPY ENDING	COMMENTARY	2
BOOKSHOP'S STORY HAS HAPPY ENDING	E BOOKS COMMENTARY	2
BOOKTITLE	Acoustic Model Adaptation	2
BOOKTITLE	Adaptation	2
BOOKTITLE	CSR	4
BOOKTITLE	Conference Room Meetings	8
BOOKTITLE	Meetings	8
BOOKTITLE	Modelling pronunciation variation	4
BOOKTITLE	Prosody	4
BOOKTITLE	Visual Prosody	4
BOOKTITLE	continuous speech recognition system	4
BOOKTITLE	system	4
BOOKTITLE	utch CSR	4
BOOKTITLE	variation	4
BOOL hour	negative	2
BOOLEYBRIEN	Info	2
BOOM	ASEAN artists	2
BOOM	Adds	2
BOOM	COMMENTARY	2
BOOM	COMMODITIES	4
BOOM	ECONOMY	2
BOOM	Kim Krizan	2
BOOM	Krizan	2
BOOM	artist	2
BOOM	design	4
BOOM	designs	4
BOOM	read	2
BOOM	venue	2
BOOM	venues	2
BOOM	village	2
BOOM	world	2
BOOMER ESIASON	quarterback	2
BOOMER ESIASON	quarterbacks	2
BOOMERS	WAN	14
BOOMERanG	experiment	6
BOOMERanG	experiments	2
BOOMERanG	key experiments	4
BOON	Heroes	2
BOON	Keywords	2
BOON	Polytechnic's Fallen Heroes	2
BOON	series	2
BOON	successful series	2
BOONE	COMMENTARY	2
BOONE	author	2
BOONE	same author	2
BOONSLICK COUNTY	Kurz	4
BOOS	CLINTON'S DAY IN NEW YORK	28
BOOS	NEW YORK	28
BOOS	OH-SO-CHIC THEATER	4
BOOS	THEATER	4
BOOS	cemetery	2
BOOSA	course societies	2
BOOSA	society	2
BOOST	ECONOMY	4
BOOST	F ILLINOIS STOCKS	4
BOOST	F INDIANA STOCKS	2
BOOST	F MICHIGAN STOCKS	8
BOOST	F MINNESOTA STOCKS	6
BOOST	ILLINOIS STOCKS	6
BOOST	INDIANA STOCKS	2
BOOST	LOUIS STOCKS	6
BOOST	MICHIGAN STOCKS	8
BOOST	MINNESOTA STOCKS	4
BOOST	News Service MINNESOTA STOCKS	2
BOOST	STOCKS	52
BOOSTING INDEX	F MARYLAND STOCKS	2
BOOSTING INDEX	STOCKS	2
BOOSTING INDEX Baltimore	MARYLAND STOCKS	2
BOOSTING INDEX Baltimore	STOCKS	2
BOOSTING NASDAQ	MARKET	2
BOOSTING NASDAQ	OTC MARKET	2
BOOSTS INDEX Detroit	MICHIGAN STOCKS	2
BOOSTS INDEX Detroit	STOCKS	2
BOOT	TEXAS	2
BOOT	THING IN TEXAS	2
BOOT KEVIN ARLINGTON	DEAR DOUG	2
BOOT KEVIN ARLINGTON	DOUG	2
BOOTH	Economic Science	10
BOOTH	Science	10
BOOTHS	COOL STUFF	2
BOOTHS	STUFF	2
BOOTICE	third-party tools	2
BOOTICE	tool	2
BOOTLEG	product	2
BOOTLEG	products	2
BOOTLEGGING	FAMILY VALUES	4
BOOTLEGGING	SPOTLIGHT	4
BOOTLEGGING	TV WEEKEND SPOTLIGHT	4
BOOTMGR	Second-stage boot loaders	2
BOOTMGR	boot manager program	2
BOOTMGR	loader	2
BOOTMGR	program	2
BOOTP	IP Protocols	2
BOOTP	Protocols	2
BOOTP	boot	2
BOOTP	broadcast	2
BOOTP	broadcasts	2
BOOTP	protocol	2
BOOTP	protocols	2
BOOTS	EDITORIAL	2
BOOTS	Manufacturer Swaby Products	2
BOOTS	Products	2
BOOTS Brunt	Stroke	2
BOOTS SACRAMENTO	Bee editorial EDITORIAL	2
BOOTS SACRAMENTO	EDITORIAL	2
BOOTY	August	2
BOOZE	CHANGE	4
BOOzar	community service events	2
BOOzar	event	2
BOP	AIRCRAFT	2
BOP	ANTI-AIRCRAFT	2
BOP	client	2
BOP	clients	2
BOP	name	2
BOP	names	2
BOP	way	2
BOP CRUSH	Orthodox manufacture	4
BOP CRUSH	manufacture	4
BOP CTC	grade	2
BOP CTC	grades	2
BOPCAS	Covers	2
BOPCAS	based projects	2
BOPCAS	html Covers	2
BOPCAS	project	2
BOPE	Brazilian elite police units	2
BOPE	Brazilian special police units	2
BOPE	RIO DE JANEIRO	2
BOPE	SWAT team	2
BOPE	local Police SWAT teams	2
BOPE	unit	4
BOPOLU	Liberia	2
BOPOLU	military training in Liberia	2
BOPP	film	2
BOPP	high performance polyolefin films	2
BOPP	substrate	2
BOPP	substrates	2
BOPP film scrap	low bulk density materials	2
BOPP film scrap	material	2
BOPP incident	case	2
BOPP incident	public cases	2
BOPPHY Technologies	Business Creation Competition	2
BOPPHY Technologies	Competition	2
BOQUETE	Latin America	2
BOR	supplier	2
BOR	thing	2
BOR	things	2
BOR	wholesale water supplier	2
BORA	Afghan troops Eds	2
BORA	Bora	4
BORA	Eds	4
BORA	Tora Bora	4
BORA	car model	2
BORA	design	2
BORA	designs	2
BORA	mountain retreats Eds	2
BORA	new car models	2
BORA	surrender	2
BORA	will surrender	2
BORACAY	feature	2
BORACAY	following features	2
BORAX experiments	nuclear physics experiments	2
BORBA	Milica	2
BORDA	agency	2
BORDA	international agencies	2
BORDEAUX	1-1 Eds	2
BORDEAUX	Belgium Eds	2
BORDEAUX	CYCLING	48
BORDEAUX	Comoros	2
BORDEAUX	Eds	14
BORDEAUX	FRANCE	4
BORDEAUX	France	18
BORDEAUX	French wine taking effect	2
BORDEAUX	French-Spanish anti-terror raid	6
BORDEAUX	GMT CYCLING	2
BORDEAUX	GMT SOCCER	4
BORDEAUX	GMT WORLD CUP	4
BORDEAUX	GOLF	8
BORDEAUX	Jeff Donn CYCLING	2
BORDEAUX	Lessons in World Cup	2
BORDEAUX	MAIN SPOT NEWS	2
BORDEAUX	RUGBY UNION	6
BORDEAUX	RugbyU	4
BORDEAUX	Russian reforms	2
BORDEAUX	SOCCER	4
BORDEAUX	SPOT NEWS	2
BORDEAUX	Spanish policeman	4
BORDEAUX	WORLD CUP	4
BORDEAUX	World Cup	4
BORDEAUX	accused Eds	2
BORDEAUX	effect	2
BORDEAUX	feature	2
BORDEAUX	following features	2
BORDEAUX	force	2
BORDEAUX	graf pvs World Cup	2
BORDEAUX	on Zaire force	2
BORDEAUX	ordered Eds	2
BORDEAUX	policeman	4
BORDEAUX	raid	6
BORDEAUX	reform	2
BORDEAUX	semifinal	2
BORDEAUX	sex attack	2
BORDEAUX	sex attacks	2
BORDEAUX	sink South Africa Eds	2
BORDEAUX	soccer's top eight Eds	2
BORDEAUX	solution	2
BORDEAUX	sunken tanker	2
BORDEAUX	tanker	2
BORDEAUX	trial opens Eds	2
BORDEAUX	unemployment solution	2
BORDEAUX	week	2
BORDEAUX	weeks	2
BORDEN	SHOPPING	2
BORDER	ALBANIA	2
BORDER	Adds	4
BORDER	BONDS	4
BORDER	CORPORATE BONDS	4
BORDER	Netscape codes	2
BORDER	byline	2
BORDER	code	2
BORDER	com ALBANIA	2
BORDER	command	2
BORDER	decorative scheme	2
BORDER	details ADDS byline	2
BORDER	following commands	2
BORDER	scheme	2
BORDER	week	4
BORDER AGENTS	DEAD	8
BORDER AGENTS	LEAVES FIVE DEAD	8
BORDER AGENTS SAN BENITO	DEAD	2
BORDER AGENTS SAN BENITO	LEAVES FIVE DEAD	2
BORDER SECURITY	problem	2
BORDER SECURITY	problems	2
BORDER SHUT	MACEDONIA	2
BORDER SHUT	fr MACEDONIA	2
BORDER town	categories	2
BORDER town	category	2
BORDER width	properties	4
BORDER width	property	4
BORDERLESS EUROPE SCHENGEN	ARTS	2
BORDERS	ARMENIA	2
BORDERS	Adds	4
BORDERS	BORDERS-NYT ATTN EDITORS	2
BORDERS	EDITORS	2
BORDERS	F MICHIGAN STOCKS	14
BORDERS	MICHIGAN STOCKS	14
BORDERS	STOCKS	28
BORDERS	WAN	4
BORDERS BOUNDARY	WA	2
BORDERS BOUNDARY	Washington	2
BORDERS GROUP	EQUITY PREVIEW	4
BORDERS GROUP	F MICHIGAN STOCK	4
BORDERS GROUP	F MICHIGAN STOCKS	8
BORDERS GROUP	MICHIGAN STOCK	4
BORDERS GROUP	MICHIGAN STOCKS	8
BORDERS GROUP	PREVIEW	4
BORDERS GROUP	STOCK	8
BORDERS GROUP	STOCKS	16
BORDERS GROUP BOOST INDEX	F MICHIGAN STOCKS	2
BORDERS GROUP BOOST INDEX	MICHIGAN STOCKS	2
BORDERS GROUP BOOST INDEX	STOCKS	4
BORDERS GROUP LEAD GAIN	F MICHIGAN STOCKS	2
BORDERS GROUP LEAD GAIN	MICHIGAN STOCKS	2
BORDERS GROUP LEAD GAIN	STOCKS	4
BORDERS GROUP LEAD INDEX	F MICHIGAN STOCKS	2
BORDERS GROUP LEAD INDEX	MICHIGAN STOCKS	2
BORDERS GROUP LEAD INDEX	STOCKS	4
BORDERS HELP INDEX	F MICHIGAN STOCKS	2
BORDERS HELP INDEX	MICHIGAN STOCKS	2
BORDERS HELP INDEX	STOCKS	4
BORDERS LEAD INDEX	F MICHIGAN STOCKS	2
BORDERS LEAD INDEX	MICHIGAN STOCKS	2
BORDERS LEAD INDEX	STOCKS	4
BORDERS LEAD WEEKLY	F MICHIGAN STOCKS	4
BORDERS LEAD WEEKLY	MICHIGAN STOCKS	4
BORDERS LEAD WEEKLY	STOCKS	8
BORDERS NO NATIONS	chant	4
BORDERS NO NATIONS	chants	4
BORDERS-COLUMN	WAN	32
BORDERS-COLUMN CoxNet Cox News Service	Adds	2
BORDERS-COLUMN Deletes	Adds	2
BORE	Keywords	4
BORE ME	COMMENTARY	8
BORE ME	U K COMMENTARY	2
BOREDOM	SIEGE	4
BOREDOM HAIKOU	OFFICIALS	2
BORENSTEIN	Notice	8
BORENSTEIN	Paid Notice	8
BORG	star	2
BORG	stars	2
BORG Assimilator	attraction	2
BORG Assimilator	attractions	2
BORG-WARNER LEAD	BONDS	4
BORG-WARNER LEAD	CORPORATE BONDS	4
BORGER	So	4
BORGO SAN DALMAZZO	CYCLING	6
BORGOMANERO	CYCLING	2
BORICHA	COMMENTARY	2
BORING	MOVIES	2
BORING FAVORITES Singapore	COMPANIES	2
BORING FAVORITES Singapore	SINGAPORE'S BILLION DOLLAR COMPANIES	2
BORING Katie	Overall thought	2
BORING Katie	think	2
BORIS	FOREIGN AFFAIRS	2
BORIS BECKER	player	2
BORIS BECKER	players	2
BORISOVO	Belarus vote	2
BORISOVO	vote	2
BORKOWSKI Deletes	Adds	2
BORLAND	Mets	2
BORMIO	ALPINE SKIING	10
BORMIO	Alpine skiing	2
BORMIO	DOWNHILL	2
BORMIO	EDITORS	2
BORMIO	Eds	2
BORMIO	GMT SKIING	6
BORMIO	MEN'S ALPINE WORLD CUP	4
BORMIO	MEN'S DOWNHILL	2
BORMIO	Net	2
BORMIO	Raf Casert SKIING	2
BORMIO	SKIING	44
BORMIO	SPEEDSKATING	4
BORMIO	SPORTS	2
BORMIO	Tony Harper SKIING	2
BORMIO	WORLD CUP	4
BORMIO	downhill results Eds	2
BORN	PARENTS	2
BORN	Source	2
BORN	THING	4
BORN	program	2
BORN	programs	2
BORN HIV-POSITIVE	CHILD	2
BORN HIV-POSITIVE	MIRACLE CHILD	2
BORN IN JAMAICA	E SKA MUSIC	2
BORN IN JAMAICA	MUSIC	4
BORN IN JAMAICA	SKA MUSIC	2
BOROMEE	poem	2
BOROMEE	poems	2
BORON	LEAD	4
BOROUGH	NAVIGATORS WHO	2
BOROUGH	WHO	2
BOROUGH OVERVIEW Hillingdon	GUIDE	2
BOROUGH OVERVIEW Hillingdon	LONDON BOROUGH OF HILLINGDON PROPERTY GUIDE	2
BOROUGH OVERVIEW Solid	GUIDE	2
BOROUGH OVERVIEW Solid	LONDON BOROUGH OF HAVERING PROPERTY GUIDE	2
BOROUGH WILLIAM BOROUGH	NAVIGATORS WHO	2
BOROUGH WILLIAM BOROUGH	WHO	2
BOROUGH www	Tube	4
BOROVETS	army size	2
BOROVETS	size	2
BORP director	problem	2
BORROW	BONDS	2
BORROW	CORPORATE BONDS	2
BORROW	ENDGAME RULES	2
BORROW	RULES	2
BORROWERS STAY AWAY	JUNK BONDS	4
BORROWERS STAY AWAY	R F JUNK BONDS	2
BORROWING COSTS RISE Cities	be	2
BORROWING COSTS RISE Cities	local governments have been	2
BORRSMA LIKES WHO	ENIMY	2
BORSCHT functions	compliant analog telephone interface	2
BORSCHT functions	interface	2
BORSIPPA	FEATURES	2
BOS	Council Staff Side	2
BOS	GOLD	2
BOS	Google Earth Hero	6
BOS	Hero	6
BOS	Lobbying Programme GOLD	2
BOS	Side	2
BOS	agency	2
BOS	airport	2
BOS	airports	2
BOS	craft	4
BOS	town agencies	2
BOS International Ltd	Australia	2
BOS International Ltd	subsidiaries in Australia	2
BOSANSKI BROD	separate states	2
BOSANSKI BROD	state	2
BOSCH	CYCLING	18
BOSCH	Kathy Chenault CYCLING	2
BOSCH	Open	2
BOSCH	Ordina Open	2
BOSCH	SPORTS	4
BOSCH	TENNIS	16
BOSCH	branded products	4
BOSCH	product	4
BOSCH MICROWAVE	APPLICANCES	2
BOSCH MICROWAVE	HIGH END KITCHEN APPLICANCES	2
BOSCO GURIN	CYCLING	4
BOSE	REPORT	4
BOSE	TECH REPORT	4
BOSE SOUND SYSTEMS	SOPHISTICATED TECHNOLOGY	2
BOSE SOUND SYSTEMS	TECHNOLOGY	2
BOSE audio system	feature	2
BOSE audio system	features	2
BOSE surround sound systems	circuit	2
BOSE surround sound systems	internal television circuit	2
BOSMA	author	2
BOSMA	same author	2
BOSMAN	Pet Hates	2
BOSMAN	n't see Pet Hates	2
BOSNIA	ANAYSIS	4
BOSNIA	Adds	6
BOSNIA	BOULDER	2
BOSNIA	COMMENTARY	6
BOSNIA	CONGRESS WEEK	4
BOSNIA	F CONGRESS WEEK	4
BOSNIA	FRONT	2
BOSNIA	FRONT BOULDER	2
BOSNIA	Grade	2
BOSNIA	SIDEBAR	4
BOSNIA	U I ANAYSIS	2
BOSNIA	U K COMMENTARY	2
BOSNIA	WEEK	8
BOSNIA	issue	2
BOSNIA	issues	2
BOSNIA OTTUMWA	TOPIC	2
BOSNIA SANCTIONS POSSIBLE	G-7 SUMMIT	2
BOSNIA SANCTIONS POSSIBLE	SUMMIT	2
BOSNIA ZELINA	BEAT	2
BOSNIA ZELINA	NEW BEAT	2
BOSNIA-HERZEGOVINA	DATELINE	4
BOSNIA-HERZEGOVINA	Turkey	2
BOSNIA-HERZEGOVINA	U I DATELINE	2
BOSNIA-HERZEGOVINA	property in Turkey	2
BOSNIAN	KOSOVO	2
BOSNIAN	uk KOSOVO	2
BOSNIAN SHIFT ZAGREB	ANALYSIS	2
BOSNIAN SHIFT ZAGREB	NEWS ANALYSIS	2
BOSNIANS	BALKANS	2
BOSNIANS	SERBIA	4
BOSNIANS	YUGOSLAVIA	2
BOSNIANS	com BALKANS	2
BOSNIANS	com SERBIA	2
BOSNIANS	com YUGOSLAVIA	2
BOSNIANS	uk SERBIA	2
BOSNIANS-BLAST FORT WORTH	NYTimes News Service	2
BOSNIANS-BLAST FORT WORTH	News Service	2
BOSPIEK	feature	4
BOSPIEK	following features	4
BOSS	COMMENTARY	8
BOSS	Keywords	2
BOSS	OFFICER	4
BOSS	Open Source software	2
BOSS	SLAIN OFFICER	4
BOSS	UNDER ZELL	2
BOSS	Versatile effects	2
BOSS	ZELL	2
BOSS	additional services	2
BOSS	effect	2
BOSS	given hits	2
BOSS	hit	2
BOSS	line	2
BOSS	search engine	2
BOSS	service	2
BOSS	similar jean lines	2
BOSS	software	2
BOSS	technology	2
BOSS	tomorrow	2
BOSS	will move tomorrow	2
BOSS CE	pedal	2
BOSS CE	used well-known pedals	2
BOSS GP	series	2
BOSS Hugo Boss	tenant	2
BOSS Hugo Boss	unique luxury tenants	2
BOSS products	professional products	2
BOSSASO	FEATURES	2
BOSSES	BLOOMBERG FORUM	2
BOSSES	F BLOOMBERG FORUM	2
BOSSES	FORUM	4
BOSSES	SURPRISE	2
BOSSIER CITY	Pinkie Wilkerson	2
BOSSIER CITY	Wilkerson	2
BOSSIS	Artificial Vocality	4
BOSSIS	Vocality	4
BOSSIS	author	4
BOSSIS	same author	4
BOSSU	French critics	2
BOSSU	critic	2
BOSSY	Islanders	2
BOSSY GUY	SPORTS COLUMN	2
BOST	internet video providers	2
BOST	provider	2
BOST US	companies in story	14
BOST US	information	2
BOST US	stock information	2
BOST US	story	18
BOSTOCK	LEAD	2
BOSTOCK	Names	2
BOSTOCK	Nottinghamshire Names	2
BOSTOCK	contact	2
BOSTON	3-Fra Cardinal Law	2
BOSTON	70-77 Golf	2
BOSTON	ABROAD AT HOME	2
BOSTON	ARCHDIOCESE OPENS BOOKS	2
BOSTON	ATTENTION	2
BOSTON	ATTN	8
BOSTON	Alternative Media	2
BOSTON	BENCH	2
BOSTON	BOOKS	2
BOSTON	BOSTON T PARTY	2
BOSTON	BRIEFS	2
BOSTON	Baseball	4
BOSTON	Boston Marathon ATTENTION	2
BOSTON	Boston shooting	2
BOSTON	Bush	2
BOSTON	CELLUCCI BENCH	2
BOSTON	COACHES	2
BOSTON	Chinese take-outs in US	2
BOSTON	Deng's health	2
BOSTON	Eds	2
BOSTON	FACES	4
BOSTON	Football	2
BOSTON	GATE	2
BOSTON	GMT	2
BOSTON	Golf	4
BOSTON	HOME	2
BOSTON	Harvard University	2
BOSTON	Law	2
BOSTON	Louis	2
BOSTON	Lowell	2
BOSTON	MORPHINE	2
BOSTON	Massachusetts Senate seat	4
BOSTON	Matsuzaka bidding	2
BOSTON	Media	2
BOSTON	Ortiz	2
BOSTON	PARTY	2
BOSTON	PRIEST'S TWO FACES	4
BOSTON	RED SOX NAME COACHES	2
BOSTON	SPOON	2
BOSTON	Series MVP Lowell	2
BOSTON	Sidebars	6
BOSTON	TECH BRIEFS	2
BOSTON	Timberwolves	2
BOSTON	US	4
BOSTON	US blacks	2
BOSTON	US politics	2
BOSTON	University	2
BOSTON	Vatican post	2
BOSTON	abuse	2
BOSTON	accomplice	2
BOSTON	art	2
BOSTON	attack	2
BOSTON	be	2
BOSTON	bid	2
BOSTON	black	2
BOSTON	brain tumor	8
BOSTON	childsex victims	2
BOSTON	colon cancer	2
BOSTON	deal	2
BOSTON	democracy	2
BOSTON	development	2
BOSTON	die	2
BOSTON	dog racing	2
BOSTON	dual role	2
BOSTON	first time Eds	2
BOSTON	general manager	2
BOSTON	global response	2
BOSTON	growth in mice	4
BOSTON	handgun incident	2
BOSTON	health	2
BOSTON	heart	2
BOSTON	hospital	4
BOSTON	hurt	2
BOSTON	incident	2
BOSTON	infection	2
BOSTON	infections	2
BOSTON	innocent	2
BOSTON	marriage	2
BOSTON	mouse	4
BOSTON	name first female president	2
BOSTON	news staff	2
BOSTON	on democracy	2
BOSTON	politics	2
BOSTON	post	2
BOSTON	president	2
BOSTON	race	2
BOSTON	race row innocent	2
BOSTON	response	2
BOSTON	role	2
BOSTON	seat	4
BOSTON	shooting	2
BOSTON	shooting victim dies	2
BOSTON	sign slugger Ortiz	2
BOSTON	support gay marriage	2
BOSTON	terror attacks	2
BOSTON	three-year deal	2
BOSTON	victim	2
BOSTON BEER	STREET	4
BOSTON BEER	WALL STREET	4
BOSTON CELTICS	Losses	2
BOSTON CHICKEN	COLORADO STOCKS	4
BOSTON CHICKEN	F COLORADO STOCKS	2
BOSTON CHICKEN	STOCKS	6
BOSTON CHICKEN LEAD	COLORADO STOCKS	6
BOSTON CHICKEN LEAD	F COLORADO STOCKS	6
BOSTON CHICKEN LEAD	STOCKS	14
BOSTON CHICKEN LEAD	Sturbin COLORADO STOCKS	2
BOSTON CHICKEN LEADS	COLORADO STOCKS	2
BOSTON CHICKEN LEADS	F COLORADO STOCKS	2
BOSTON CHICKEN LEADS	STOCKS	4
BOSTON CHICKEN MOVE	COLORADO STOCKS	2
BOSTON CHICKEN MOVE	F COLORADO STOCKS	2
BOSTON CHICKEN MOVE	STOCKS	4
BOSTON GLOBE COAL	source	2
BOSTON GLOBE MEDICINE	MEDICINE	2
BOSTON SCIENTIFIC	EQUITY MOVERS	6
BOSTON SCIENTIFIC	MOVERS	6
BOSTON SCIENTIFIC LEAD GAIN	F MASSACHUSETTS STOCKS	2
BOSTON SCIENTIFIC LEAD GAIN	MASSACHUSETTS STOCKS	4
BOSTON SCIENTIFIC LEAD GAIN	STOCKS	6
BOSTON SYMPHONY ORCHESTRA	MUSICIANS	4
BOSTON TECHNOLOGY	F MASSACHUSETTS STOCKS	2
BOSTON TECHNOLOGY	MASSACHUSETTS STOCKS	2
BOSTON TECHNOLOGY	STOCKS	4
BOSTWANA	Turkey	2
BOSTWANA	property in Turkey	2
BOSU	appropriate fitness equipment	2
BOSU	equipment	2
BOSU balls	feet	2
BOSU balls	foot	2
BOSWORTH	name	2
BOSWORTH	unusual names	2
BOT	Asia	2
BOT	BOL	6
BOT	Belarus BOL	6
BOT	arrangement	2
BOT	countries in Asia	2
BOT	development project approval systems	2
BOT	foreign capital	2
BOT	foreign funds	2
BOT	form	2
BOT	forms	2
BOT	funds	2
BOT	general Public-private partnerships	2
BOT	investment modes	2
BOT	lure foreign funds	2
BOT	means	2
BOT	measures	2
BOT	method	2
BOT	methods	2
BOT	mode	2
BOT	new ways	2
BOT	overseas funds	2
BOT	partnership	2
BOT	private financing arrangements	2
BOT	scheme	2
BOT	schemes	2
BOT	system	2
BOT	way	6
BOT	ways	4
BOT BANGKOK	Economic Growth Next Year	2
BOT BANGKOK	European debt crisis	2
BOT BANGKOK	Year	2
BOT BANGKOK	debt crisis	2
BOT BANGKOK	fiscal year	2
BOT BANGKOK	inflation	2
BOT BANGKOK	on inflation	2
BOT BANGKOK	percent	2
BOT BANGKOK	quarter	2
BOT BANGKOK	risk factor	2
BOT BANGKOK	risk factors	2
BOT BANGKOK	th quarter	2
BOT BANGKOK	year	2
BOT Governor BANGKOK	After Poll	2
BOT Governor BANGKOK	Poll	2
BOT Official BANGKOK	Affect Thai Economy	2
BOT Official BANGKOK	Economy	2
BOT arrangements	source	2
BOT arrangements	sources	2
BOT chief BANGKOK	Thailand	2
BOT chief BANGKOK	under control in Thailand	2
BOT chief Bangladesh	Thailand	2
BOT chief Bangladesh	under control in Thailand	2
BOT items	foreign funding	2
BOT items	fund	2
BOT projects	project financing schemes	2
BOT projects	scheme	2
BOT's Taipei headquarters	place	2
BOT's Taipei headquarters	places	2
BOT's decision	curb currency speculation	4
BOT's decision	speculation	4
BOTANIC-GARDEN	WAN	14
BOTAS	Consortium	2
BOTAS	partner	2
BOTAS	partners	2
BOTAS MARCA IMEPIEL	Spanish	2
BOTESSA	organization	2
BOTESSA	organizations	2
BOTF Taipei	Chinese products	2
BOTF Taipei	product	2
BOTHAM	email	2
BOTHAM	emails	2
BOTHAVILLE	Zimbabwe	2
BOTLEY	YMCA	4
BOTLEY	Young Women's Christian Association	4
BOTMA crowd	audience	2
BOTMA crowd	pleased audiences	2
BOTNET attacks can	attack	2
BOTNET attacks can	attacks	2
BOTNETS	CYBER ATTACKS Speaker	2
BOTNETS	Speaker	2
BOTOX NORWALK	PARTY SCENE	2
BOTOX NORWALK	SCENE	2
BOTS	DUEL TREAT	2
BOTS	TREAT	2
BOTTLE	AFTERMATH	2
BOTTLE	NOMO AFTERMATH	2
BOTTLE Dance	be	2
BOTTLE Dance	performing art	2
BOTTLE OF WINE	ARRIVAL	2
BOTTLENOSE DOLPHINS	excellent wildlife	2
BOTTLENOSE DOLPHINS	wildlife	2
BOTTLES	Delete	2
BOTTLES	FORMS	4
BOTTLES	OBJECTS	4
BOTTLES	OFFERINGS	8
BOTTLES	paraphernalia	2
BOTTOM	Adds	2
BOTTOM	FALL FASHION PORTFOLIO	4
BOTTOM	FEATURES	2
BOTTOM	Keywords	4
BOTTOM	NOTE	2
BOTTOM	NUCLEAR ENFORCEMENT NOTE	2
BOTTOM	PORTFOLIO	4
BOTTOM	SPORTS COLUMN	2
BOTTOM	Subhead here	2
BOTTOM	SwingConstants	4
BOTTOM	Uncontrolled Keywords	4
BOTTOM	data file	2
BOTTOM	here	2
BOTTOM	measurement modes	2
BOTTOM	mode	2
BOTTOM	nn SPORTS COLUMN	2
BOTTOM	traverse records in data files	2
BOTTOM LINE	ALLEGIANCE	4
BOTTOM LINE	BUSINESS	2
BOTTOM LINE	LEDGER ALLEGIANCE	4
BOTTOM LINE	com SPORTS BUSINESS	2
BOTTOM-LINE ME SACRAMENTO	EDITORIAL	2
BOTTOMLEY	Economic Science	6
BOTTOMLEY	Science	6
BOTTOMORE	Economic Science	18
BOTTOMORE	Science	18
BOTW	Quality directory presence	2
BOTW	presence	2
BOTY	competition	2
BOTY	taking part in competitions	2
BOTY Korea Preliminary	format	2
BOTY Korea Preliminary	qualifier formats	2
BOTs	threat	4
BOTs	threats	4
BOU	organisation	2
BOU	organisations	2
BOU-VP	fossil	2
BOU-VP	fossils	2
BOUAKE	Bouake	2
BOUAKE	Coast rebels clash	2
BOUAKE	Friday	4
BOUAKE	ICoast concert crush	2
BOUAKE	Ivorian rebels	4
BOUAKE	Ivory Coast	4
BOUAKE	Ivory Coast cocoa town	2
BOUAKE	aid worker	2
BOUAKE	aid workers	2
BOUAKE	civil war	2
BOUAKE	clash	2
BOUAKE	crush	2
BOUAKE	disarmament	2
BOUAKE	flare	2
BOUAKE	humanitarian law in Bouake	2
BOUAKE	rebel	4
BOUAKE	town	2
BOUAKE	turf in Ivory Coast	2
BOUAKE	western violence flaring	2
BOUCHER Washington	ENCOUNTER	2
BOUCHER Washington	ISSUE	2
BOUCHER Washington	ON TAIWAN ISSUE	2
BOUCHER Washington	PASS-BY ENCOUNTER	2
BOUCHER Washington	REDUCING CROSS-STRAIT TENSIONS	2
BOUCHER Washington	TENSIONS	2
BOUCHEREAU	Montreal	2
BOUEIREJ	Lebanon's Bekaa Valley	4
BOUEIREJ	Valley	4
BOUGHTON	DDD Front photograph	2
BOUGHTON	photograph	2
BOULANGER	author	4
BOULANGER	same author	4
BOULD	ALBERT LEE	4
BOULD	FIRTH	2
BOULD	LEE	4
BOULD	RAVI	2
BOULD	SCOTT FIRTH	2
BOULDER	AMERICAN FOOTBALL	2
BOULDER	Boulder in summer	2
BOULDER	COMMENTARY	2
BOULDER	Ramsey murder case	4
BOULDER	murder case	4
BOULDER	summer	2
BOULE	Beat Brazil	2
BOULE	Brazil	2
BOULEY	celebrity chefs	2
BOULEY	chef	2
BOULEZ	CDs	2
BOULEZ	CLASSICAL CDs	2
BOULEZ	author	2
BOULEZ	same author	2
BOULOGNE	Britian	2
BOULOGNE-SUR-MER	rape	4
BOULUD	Club	2
BOULUD	Vatel Club	2
BOULUD	celebrity chefs	2
BOULUD	chef	2
BOUNCE	MARKETS	2
BOUNCE	WEDNESDAY'S ASIAN MARKETS	2
BOUNCE	show	2
BOUNCE	shows	2
BOUNCEPROTECT	Key words	28
BOUNCER	device	2
BOUNCER	devices	2
BOUND	ART	2
BOUND	BOOKS PREVIEW	4
BOUND	INSIDE ART	2
BOUND	PREVIEW	4
BOUND	UK' s premier underground bands	2
BOUND	band	2
BOUND	code	2
BOUND	codes	2
BOUNDARIES	COMMENTARY	4
BOUNDARIES	JEFFERSON-COLUMN-COX COMMENTARY	2
BOUNDARIES	MAPLEDURWELL	2
BOUNDARIES	PARISH INTRODUCTION MAPLEDURWELL	2
BOUNDARY	Keywords	64
BOUNDARY	WA	2
BOUNDARY	Washington	2
BOUNDARY DISPUTES	COMMUNITY-BASED AND SELF-HELP ORGANISATIONS	2
BOUNDARY DISPUTES	ORGANISATIONS	2
BOUNDARY LAYER	Keywords	2
BOUNDLESS SECRECY	EDITORIAL	2
BOUNDS If present	Keywords	2
BOUNDS If present	Output Grid Keywords	2
BOUNDS must	Keywords	2
BOUNDS must	Output Grid Keywords	2
BOUNTY	COMMENTARY	4
BOUNTY	Christmas season	2
BOUNTY	EATING WELL	2
BOUNTY	LEFT	4
BOUNTY	R K COMMENTARY	2
BOUNTY	WELL	2
BOUNTY	season	2
BOUNTY MADE NANTUCKET	ANTIQUES	4
BOURBON	Morel Mystery Series	2
BOURBON	Series	2
BOURBON	marriage	2
BOURBON	marriages	2
BOURC	contact	2
BOURC Email bourc	contact	2
BOURC Tel	contact	2
BOURG	FEATURES	4
BOURG-EN-BRESSE	CYCLING	4
BOURG-EN-BRESSE	GMT CYCLING	2
BOURG-EN-BRESSE	SPORTS	2
BOURG-EN-BRESSE	further notice	2
BOURG-EN-BRESSE	notice	2
BOURG-SAINT-MAURICE	horse	6
BOURG-SAINT-MAURICE	horses	6
BOURGES	CYCLING	2
BOURGOGNE	marriage	2
BOURGOGNE	marriages	2
BOURNE	Author	2
BOURNE	Economic Science	2
BOURNE	Leggat	2
BOURNE	PHOBIA WORKBOOK Author	2
BOURNE	Robert Leggat	2
BOURNE	Science	2
BOURNEMOUTH	Banquets	2
BOURNEMOUTH	British euro referendum	2
BOURNEMOUTH	British politics	2
BOURNEMOUTH	GMT TENNIS	2
BOURNEMOUTH	LOT	2
BOURNEMOUTH	May	2
BOURNEMOUTH	ON-LINE Edwardian Banquets	2
BOURNEMOUTH	Problem	2
BOURNEMOUTH	SKEPTICAL LOT	2
BOURNEMOUTH	SOCCER	2
BOURNEMOUTH	Success	2
BOURNEMOUTH	TENNIS	42
BOURNEMOUTH	US	6
BOURNEMOUTH	after London bombings	2
BOURNEMOUTH	bombing	2
BOURNEMOUTH	clouds loom	2
BOURNEMOUTH	loom	2
BOURNEMOUTH	politics	2
BOURNEMOUTH	prime minister	2
BOURNEMOUTH	referendum	2
BOURNEMOUTH	th May	2
BOURNMOUTH	Buy Election	2
BOURNMOUTH	Election	2
BOURQUE	expendable	2
BOURQUE	is expendable	2
BOUSTANY's algeria	RECEIVEDS	2
BOUTON	Eastern time	2
BOUTON	time	2
BOUWENS	candidate	2
BOUY	young people	2
BOUYGUES TELECOM	recruiter	2
BOUYGUES TELECOM	recruiters	2
BOVEY	Medicine	2
BOW	ARM	6
BOW	ARM IN ARM	6
BOW	Engraving machines	2
BOW	Keywords	10
BOW	machine	2
BOW US Equity	information	2
BOW US Equity	stock information	2
BOWATER	EQUITY MOVERS	4
BOWATER	MOVERS	4
BOWDEN	Adds	2
BOWDEN	SOUTH	2
BOWDEN	TRUSTEE	2
BOWDEN-REVIEW	ADD	2
BOWDOINHAM	PLUS	2
BOWE SYSTEC AG	company	2
BOWE SYSTEC AG	domestic companies	2
BOWEL	ABLATION	6
BOWEL	ENDOMETRIAL ABLATION	6
BOWERS	author	2
BOWERS	cemetery	2
BOWERS	same author	2
BOWES	message	2
BOWIE	FT	4
BOWIE	singer	2
BOWIE	singers	2
BOWING OUT	MEMO	4
BOWING OUT	POLITICAL MEMO	4
BOWL	Adds	4
BOWL	DESTINATION	2
BOWL	team	4
BOWL STILLWATER	BEARS	2
BOWLBY	Identity	2
BOWLER	Absence	2
BOWLERS	Adds	2
BOWLERS	BITS	2
BOWLES	appreciation department	2
BOWLES	department	2
BOWLING	1-45 To bat	2
BOWLING	2-11 To bat	2
BOWLING	2-256 To bat	2
BOWLING	3-152 To bat	2
BOWLING	3-371 To bat	4
BOWLING	4-75 To bat	2
BOWLING	5-147 To bat	2
BOWLING	5-55 To bat	2
BOWLING	6-308 To bat	2
BOWLING	7-194 To bat	2
BOWLING	bat	42
BOWLING GREEN	Correction	2
BOWLS	dessert	2
BOWLS	themed desserts	2
BOWLS YES	EDITORIAL	4
BOWMAN	PATRONS	2
BOWMAN	future UK systems	2
BOWMAN	see	4
BOWMAN	system	6
BOWMAN	systems	4
BOWMORE	Secretary	2
BOWS	BEACH	2
BOWS	COMMENTARY	2
BOWS	JURASSIC BEACH	2
BOWS	call	4
BOWSPRITs	navy	2
BOX	Address	4
BOX	Adds	12
BOX	Bank Address	2
BOX	CONDITION	2
BOX	Deletes	2
BOX	Examples	2
BOX	IMMACULATE CONDITION	2
BOX	KEYWORDS	2
BOX	Keywords	4
BOX	MANUALS	2
BOX	controller	2
BOX	controllers	2
BOX	delete	2
BOX	deletes	2
BOX	example	2
BOX	examples	2
BOX	following KEYWORDS	2
BOX	following external partners	2
BOX	following stories	6
BOX	move	4
BOX	moving	4
BOX	object	2
BOX	partner	2
BOX	postal address	4
BOX	same time	2
BOX	story	6
BOX	style	2
BOX	time	2
BOX	unique styles	2
BOX OFFICE	POST	2
BOX-ARCH-ARKHIPOV	Adds	2
BOX-EVANDER	Adds	4
BOX-EVANDER	COVERDELL-SUCCESSION Deletes	2
BOX-EVANDER	Deletes	2
BOX-HOLYFIELD	Deletes	4
BOX-HOLYFIELD	REVIEW-REBELLION Deletes	4
BOX-THE-BOXER	Deletes	4
BOX-THE-BOXER	REVIEW-REBELLION Deletes	4
BOXER	Archives	4
BOXER	Deletes	4
BOXER	London College Archives	4
BOXER	REVIEW-REBELLION Deletes	4
BOXERS	COMMENTARY	4
BOXING	ALPINE SKIING	2
BOXING	ATHLETICS	4
BOXING	Bad Gestein Slugs	2
BOXING	Berlin ALPINE SKIING	2
BOXING	Bryan Master slugs	2
BOXING	Casablanca Slugs	2
BOXING	Colorado Slug	4
BOXING	Cortina d'Ampezzo Slugs	4
BOXING	England TENNIS	2
BOXING	FOOTBALL	8
BOXING	Germany ATHLETICS	2
BOXING	Guineas Slugs	2
BOXING	Intertoto Cup Slugs	2
BOXING	New Delhi RUGBY LEAGUE	2
BOXING	RUGBY LEAGUE	2
BOXING	SPORTS COLUMN	8
BOXING	SWIMMING	2
BOXING	Slug	4
BOXING	Slugs	20
BOXING	TENNIS	2
BOXING	U S SPORTS COLUMN	4
BOXING	slug	2
BOXING Defeat	sports stories	2
BOXING Defeat	story	2
BOXING EDITORS	ATTENTION	4
BOXING INDIANAPOLIS	sports stories	2
BOXING INDIANAPOLIS	story	2
BOXING NEWS	com	2
BOXMEER	CYCLING	4
BOXURB	dispersion models	2
BOXURB	model	2
BOXX Technologies	integrator	2
BOXX Technologies	leading workstation system integrators	2
BOY	Add	2
BOY	Adds	2
BOY	COMMENTARY	4
BOY	F MICHIGAN STOCKS	10
BOY	LIFE	2
BOY	MEAN LIFE	2
BOY	MICHIGAN STOCKS	10
BOY	ODYSSEY	2
BOY	STOCKS	20
BOY	STOLEN-CAR ODYSSEY	2
BOY	artist	2
BOY	common	2
BOY	content	2
BOY	great artists	2
BOY	label roster	2
BOY	morbs message contents	2
BOY	roster	2
BOY	skill	2
BOY	superhuman skills	2
BOY MEETS GIRL	modern romance	2
BOY MEETS GIRL	romance	2
BOY WASHINGTON	COMMENTARY	2
BOY-UNDIES	Adds	4
BOYACA	following videos	2
BOYACA	video	2
BOYCE	alphabetical order	2
BOYCE	order	2
BOYD	FEATURES	4
BOYD	hobbit	2
BOYD	hobbits	2
BOYD KANE	American Hockey League	2
BOYD KANE	League	2
BOYD Out	BUFFEL PRSO Subs	2
BOYD Out	Subs	2
BOYENS	BEST ADAPTED SCREENPLAY	4
BOYENS	PETER JACKSON BEST ADAPTED SCREENPLAY	2
BOYKINS	camp	2
BOYNTON BEACH	Guayanese	4
BOYS	MATH	2
BOYS	MUSIC	8
BOYS	Yb	2
BOYS	bestselling novels	2
BOYS	novel	2
BOYS	original rock bands	2
BOYS	rock band	2
BOYS RETURN	POP REVIEW	4
BOYS RETURN	REVIEW	4
BOYSCOUT	Adds	4
BOYZ	King community	2
BOYZ	artist	2
BOYZ	artists	2
BOYZ	community	2
BOZ SCAGGSSaturday	headliner	2
BOZ SCAGGSSaturday	headliners	2
BOZELL	LEAD	2
BOZEMAN	Correction	2
